transaction_id,account_id,transaction_date,amount_ngn,merchant_id,merchant_name,merchant_category,transaction_channel,transaction_location,account_home_city,is_fraud,fraud_flag_reason
TXN0005346,ACC00103,2024-08-11 13:06:23,117721.91,MRT008,ATM Withdrawal UBA,ATM,POS,Lagos,Lagos,0,
TXN0003359,ACC00063,2024-10-18 19:26:51,83687.7,MRT005,Jumia Online Store,E-commerce,ATM,Lagos,Lagos,0,
TXN0005972,ACC00113,2024-07-25 17:52:35,2223.49,MRT006,Chicken Republic VI,Food & Dining,ATM,Kano,Kano,0,
TXN0005176,ACC00100,2024-01-18 17:05:21,91930.41,MRT009,Bolt Ride Hailing,Transport,POS,Abuja,Abuja,0,
TXN0000644,ACC00012,2024-12-08 14:12:47,24267.13,MRT005,Jumia Online Store,E-commerce,POS,Kano,Kano,0,
TXN0003663,ACC00069,2024-06-02 21:16:50,99439.22,MRT004,Netflix Subscription,Streaming,POS,Abuja,Abuja,0,
TXN0004531,ACC00087,2024-07-16 01:18:21,148981.98,MRT006,Chicken Republic VI,Food & Dining,USSD,Kano,Kano,0,
TXN0001296,ACC00025,2024-11-03 22:24:09,26348.92,MRT008,ATM Withdrawal UBA,ATM,USSD,Port Harcourt,Port Harcourt,0,
TXN0002450,ACC00045,2024-12-17 07:39:53,99044.06,MRT005,Jumia Online Store,E-commerce,ATM,Lagos,Lagos,0,
TXN0002770,ACC00053,2024-10-15 01:06:55,139024.19,MRT005,Jumia Online Store,E-commerce,Web,Kano,Kano,0,
TXN0002531,ACC00048,2024-03-30 02:00:56,20278.22,MRT002,POS Terminal Lekki,POS,Mobile App,Kano,Kano,0,
TXN0000762,ACC00015,2024-05-12 08:06:16,137857.73,MRT003,MTN Airtime Top-up,Telecom,POS,Abuja,Abuja,0,
TXN0005113,ACC00098,2024-01-23 21:09:01,141474.19,MRT006,Chicken Republic VI,Food & Dining,Mobile App,Ibadan,Ibadan,0,
TXN0003785,ACC00071,2024-07-25 01:26:22,101590.32,MRT001,Shoprite Ikeja,Grocery,Mobile App,Lagos,Lagos,0,
TXN0003048,ACC00058,2024-01-10 14:10:13,91241.53,MRT006,Chicken Republic VI,Food & Dining,POS,Lagos,Lagos,0,
TXN0004294,ACC00081,2024-01-22 07:49:34,99891.14,MRT005,Jumia Online Store,E-commerce,Web,Abuja,Abuja,0,
TXN0002889,ACC00055,2024-01-20 09:07:14,21088.96,MRT005,Jumia Online Store,E-commerce,POS,Lagos,Lagos,0,
TXN0000434,ACC00008,2024-06-29 17:47:44,200000,MRT014,FX Bureau Lagos,FX,Mobile App,Ibadan,Ibadan,1,Suspicious round amount: possible structuring
TXN0001418,ACC00028,2024-11-06 12:28:47,149848.56,MRT010,Konga Electronics,E-commerce,ATM,Ibadan,Ibadan,0,
TXN0000885,ACC00017,2024-09-03 00:31:54,60807.33,MRT007,EKEDC Electricity,Utilities,ATM,Abuja,Abuja,0,
TXN0002883,ACC00055,2024-12-26 02:26:17,70214.46,MRT003,MTN Airtime Top-up,Telecom,Web,Lagos,Lagos,0,
TXN0000525,ACC00010,2024-09-22 19:20:17,134947.09,MRT005,Jumia Online Store,E-commerce,USSD,Ibadan,Ibadan,0,
TXN0001363,ACC00026,2024-12-25 09:40:48,142554.61,MRT005,Jumia Online Store,E-commerce,Web,Ibadan,Ibadan,0,
TXN0000633,ACC00011,2024-09-26 19:06:25,68477.0,MRT006,Chicken Republic VI,Food & Dining,ATM,Abuja,Abuja,0,
TXN0005550,ACC00107,2024-03-03 02:55:10,111291.6,MRT010,Konga Electronics,E-commerce,ATM,Ibadan,Ibadan,0,
TXN0001628,ACC00032,2024-01-24 03:59:39,20906.97,MRT005,Jumia Online Store,E-commerce,ATM,Port Harcourt,Port Harcourt,0,
TXN0002723,ACC00052,2024-06-09 19:15:37,53083.48,MRT007,EKEDC Electricity,Utilities,USSD,Port Harcourt,Port Harcourt,0,
TXN0005379,ACC00104,2024-11-28 17:41:32,142491.8,MRT009,Bolt Ride Hailing,Transport,Mobile App,Kano,Kano,0,
TXN0000486,ACC00009,2024-03-25 06:44:26,31728.92,MRT008,ATM Withdrawal UBA,ATM,POS,Lagos,Lagos,0,
TXN0001605,ACC00031,2024-07-22 03:31:22,62098.68,MRT008,ATM Withdrawal UBA,ATM,Web,Ibadan,Ibadan,0,
TXN0005119,ACC00098,2024-02-22 21:08:35,7055.6,MRT004,Netflix Subscription,Streaming,ATM,Ibadan,Ibadan,0,
TXN0002697,ACC00052,2024-03-01 11:36:44,22254.31,MRT008,ATM Withdrawal UBA,ATM,Web,Port Harcourt,Port Harcourt,0,
TXN0001446,ACC00028,2024-02-14 23:40:10,46991.71,MRT001,Shoprite Ikeja,Grocery,Mobile App,Ibadan,Ibadan,0,
TXN0004455,ACC00085,2024-03-01 03:24:30,21654.39,MRT002,POS Terminal Lekki,POS,ATM,Lagos,Lagos,0,
TXN0002067,ACC00038,2024-09-01 17:02:36,84376.13,MRT005,Jumia Online Store,E-commerce,Mobile App,Abuja,Abuja,0,
TXN0001624,ACC00032,2024-06-18 06:33:24,32816.69,MRT003,MTN Airtime Top-up,Telecom,USSD,Port Harcourt,Port Harcourt,0,
TXN0003590,ACC00068,2024-09-18 01:42:46,114207.4,MRT005,Jumia Online Store,E-commerce,Mobile App,Abuja,Abuja,0,
TXN0004540,ACC00087,2024-04-24 18:42:09,80522.06,MRT003,MTN Airtime Top-up,Telecom,POS,Kano,Kano,0,
TXN0005050,ACC00097,2024-03-09 05:54:51,2933.48,MRT001,Shoprite Ikeja,Grocery,USSD,Kano,Kano,0,
TXN0000924,ACC00018,2024-02-13 21:45:48,104577.4,MRT003,MTN Airtime Top-up,Telecom,Mobile App,Abuja,Abuja,0,
TXN0006042,ACC00115,2024-07-01 12:32:47,19901.88,MRT003,MTN Airtime Top-up,Telecom,Web,Port Harcourt,Port Harcourt,0,
TXN0005476,ACC00106,2024-04-12 23:07:36,31582.89,MRT007,EKEDC Electricity,Utilities,Mobile App,Ibadan,Ibadan,0,
TXN0002423,ACC00045,2024-09-20 20:53:19,138934.81,MRT003,MTN Airtime Top-up,Telecom,Mobile App,Lagos,Lagos,0,
TXN0001816,ACC00034,2024-10-05 17:30:45,14662.68,MRT010,Konga Electronics,E-commerce,POS,Abuja,Abuja,0,
TXN0000227,ACC00005,2024-04-09 09:47:48,26438.1,MRT004,Netflix Subscription,Streaming,Web,Kano,Kano,0,
TXN0000515,ACC00010,2024-07-23 10:55:31,122374.55,MRT005,Jumia Online Store,E-commerce,POS,Ibadan,Ibadan,0,
TXN0001322,ACC00026,2024-01-06 08:00:12,104222.39,MRT006,Chicken Republic VI,Food & Dining,Mobile App,Ibadan,Ibadan,0,
TXN0003472,ACC00066,2024-02-13 02:52:55,20575.57,MRT008,ATM Withdrawal UBA,ATM,Mobile App,Lagos,Lagos,0,
TXN0001030,ACC00020,2024-01-05 07:55:38,131277.66,MRT009,Bolt Ride Hailing,Transport,Web,Port Harcourt,Port Harcourt,0,
TXN0002286,ACC00042,2024-12-30 15:23:55,18560.19,MRT007,EKEDC Electricity,Utilities,Web,Abuja,Abuja,0,
TXN0004856,ACC00093,2024-10-20 06:00:19,119367.96,MRT002,POS Terminal Lekki,POS,Mobile App,Ibadan,Ibadan,0,
TXN0003620,ACC00068,2024-04-17 10:24:05,117664.62,MRT008,ATM Withdrawal UBA,ATM,POS,Abuja,Abuja,0,
TXN0002279,ACC00042,2024-05-25 11:56:30,30397.86,MRT004,Netflix Subscription,Streaming,Mobile App,Abuja,Abuja,0,
TXN0004919,ACC00095,2024-07-25 21:09:21,34578.83,MRT009,Bolt Ride Hailing,Transport,Mobile App,Port Harcourt,Port Harcourt,0,
TXN0004117,ACC00079,2024-03-26 02:30:09,96928.84,MRT010,Konga Electronics,E-commerce,USSD,Kano,Kano,0,
TXN0006249,ACC00120,2024-01-08 06:53:03,92371.22,MRT004,Netflix Subscription,Streaming,Mobile App,Ibadan,Ibadan,0,
TXN0005997,ACC00114,2024-04-29 11:02:07,46432.16,MRT001,Shoprite Ikeja,Grocery,ATM,Lagos,Lagos,0,
TXN0005800,ACC00110,2024-11-28 03:36:14,81932.99,MRT003,MTN Airtime Top-up,Telecom,ATM,Lagos,Lagos,0,
TXN0003167,ACC00059,2024-10-26 12:09:32,67339.25,MRT004,Netflix Subscription,Streaming,ATM,Lagos,Lagos,0,
TXN0002147,ACC00040,2024-01-22 06:40:08,91805.43,MRT005,Jumia Online Store,E-commerce,ATM,Abuja,Abuja,0,
TXN0001977,ACC00037,2024-12-30 15:46:59,67524.65,MRT006,Chicken Republic VI,Food & Dining,ATM,Port Harcourt,Port Harcourt,0,
TXN0001479,ACC00029,2024-10-14 03:24:01,125593.85,MRT010,Konga Electronics,E-commerce,Mobile App,Port Harcourt,Port Harcourt,0,
TXN0001881,ACC00035,2024-06-15 13:40:08,39393.59,MRT010,Konga Electronics,E-commerce,Mobile App,Port Harcourt,Port Harcourt,0,
TXN0001928,ACC00036,2024-05-28 02:49:16,60129.35,MRT002,POS Terminal Lekki,POS,Web,Ibadan,Ibadan,0,
TXN0000082,ACC00002,2024-08-30 21:13:55,114118.59,MRT008,ATM Withdrawal UBA,ATM,Web,Lagos,Lagos,0,
TXN0002588,ACC00050,2024-02-08 22:14:48,21025.05,MRT009,Bolt Ride Hailing,Transport,Mobile App,Kano,Kano,0,
TXN0003513,ACC00067,2024-03-04 06:10:46,18493.57,MRT004,Netflix Subscription,Streaming,ATM,Lagos,Lagos,0,
TXN0001444,ACC00028,2024-11-15 06:53:10,101669.23,MRT009,Bolt Ride Hailing,Transport,Web,Ibadan,Ibadan,0,
TXN0000142,ACC00003,2024-05-22 01:16:14,118706.95,MRT002,POS Terminal Lekki,POS,Mobile App,Kano,Kano,0,
TXN0001475,ACC00029,2024-07-31 19:15:18,146096.81,MRT003,MTN Airtime Top-up,Telecom,ATM,Port Harcourt,Port Harcourt,0,
TXN0004317,ACC00082,2024-03-06 18:38:20,36168.69,MRT009,Bolt Ride Hailing,Transport,ATM,Abuja,Abuja,0,
TXN0000866,ACC00017,2024-08-14 10:10:29,122494.2,MRT010,Konga Electronics,E-commerce,POS,Abuja,Abuja,0,
TXN0001703,ACC00033,2024-12-05 13:04:58,13596.0,MRT009,Bolt Ride Hailing,Transport,ATM,Lagos,Lagos,0,
TXN0005494,ACC00106,2024-01-09 12:44:35,29991.65,MRT004,Netflix Subscription,Streaming,ATM,Ibadan,Ibadan,0,
TXN0004094,ACC00078,2024-01-07 18:33:28,14131.07,MRT003,MTN Airtime Top-up,Telecom,USSD,Abuja,Abuja,0,
TXN0004181,ACC00080,2024-08-27 12:58:38,127663.78,MRT006,Chicken Republic VI,Food & Dining,POS,Abuja,Abuja,0,
TXN0005922,ACC00112,2024-10-25 07:22:41,149891.21,MRT010,Konga Electronics,E-commerce,Mobile App,Abuja,Abuja,0,
TXN0004963,ACC00095,2024-04-26 22:45:38,45157.65,MRT003,MTN Airtime Top-up,Telecom,USSD,Port Harcourt,Port Harcourt,0,
TXN0005049,ACC00097,2024-01-18 09:23:57,2727.97,MRT002,POS Terminal Lekki,POS,Web,Kano,Kano,0,
TXN0004268,ACC00081,2024-01-30 14:28:32,131046.56,MRT003,MTN Airtime Top-up,Telecom,Mobile App,Abuja,Abuja,0,
TXN0003222,ACC00060,2024-11-28 04:38:52,115726.35,MRT008,ATM Withdrawal UBA,ATM,POS,Port Harcourt,Port Harcourt,0,
TXN0003020,ACC00057,2024-05-12 09:49:55,680467.62,MRT014,FX Bureau Lagos,FX,Web,Dubai,Lagos,1,Foreign transaction: cross-border anomaly
TXN0005872,ACC00111,2024-12-09 13:03:53,98435.35,MRT002,POS Terminal Lekki,POS,ATM,Ibadan,Ibadan,0,
TXN0002292,ACC00043,2024-10-03 17:16:16,118793.34,MRT009,Bolt Ride Hailing,Transport,USSD,Abuja,Abuja,0,
TXN0000238,ACC00005,2024-06-23 15:49:18,97949.7,MRT010,Konga Electronics,E-commerce,POS,Kano,Kano,0,
TXN0004497,ACC00086,2024-11-03 14:44:39,20521.98,MRT006,Chicken Republic VI,Food & Dining,Mobile App,Port Harcourt,Port Harcourt,0,
TXN0001260,ACC00025,2024-08-26 01:56:23,48728.71,MRT005,Jumia Online Store,E-commerce,POS,Port Harcourt,Port Harcourt,0,
TXN0003783,ACC00071,2024-06-30 23:28:47,130270.5,MRT004,Netflix Subscription,Streaming,Web,Lagos,Lagos,0,
TXN0002533,ACC00048,2024-01-07 20:36:56,30346.7,MRT010,Konga Electronics,E-commerce,Mobile App,Kano,Kano,0,
TXN0003387,ACC00064,2024-01-03 16:09:25,102462.53,MRT001,Shoprite Ikeja,Grocery,ATM,Lagos,Lagos,0,
TXN0001285,ACC00025,2024-12-25 16:18:53,54321.28,MRT005,Jumia Online Store,E-commerce,ATM,Port Harcourt,Port Harcourt,0,
TXN0005584,ACC00107,2024-08-19 09:11:47,108770.96,MRT007,EKEDC Electricity,Utilities,Web,Ibadan,Ibadan,0,
TXN0003312,ACC00062,2024-10-15 04:32:49,90743.59,MRT002,POS Terminal Lekki,POS,ATM,Lagos,Lagos,0,
TXN0000929,ACC00019,2024-06-20 03:30:31,9968.74,MRT001,Shoprite Ikeja,Grocery,POS,Kano,Kano,0,
TXN0001449,ACC00028,2024-01-09 17:31:52,113894.83,MRT010,Konga Electronics,E-commerce,Web,Ibadan,Ibadan,0,
TXN0005255,ACC00101,2024-10-25 05:23:40,102726.16,MRT002,POS Terminal Lekki,POS,Web,Kano,Kano,0,
TXN0003241,ACC00061,2024-07-19 12:38:30,141111.5,MRT001,Shoprite Ikeja,Grocery,ATM,Kano,Kano,0,
TXN0000815,ACC00016,2024-05-04 04:16:52,13510.6,MRT002,POS Terminal Lekki,POS,USSD,Ibadan,Ibadan,0,
TXN0004571,ACC00087,2024-06-17 15:29:09,58905.61,MRT010,Konga Electronics,E-commerce,ATM,Kano,Kano,0,
TXN0004038,ACC00077,2024-07-25 00:47:53,45849.95,MRT001,Shoprite Ikeja,Grocery,Web,Ibadan,Ibadan,0,
TXN0004915,ACC00094,2024-02-25 06:42:07,491551.83,MRT013,Wire Transfer INT,Wire Transfer,Web,Nairobi,Abuja,1,Geographic anomaly: transaction far from home city
TXN0004121,ACC00079,2024-01-20 10:38:25,12348.68,MRT005,Jumia Online Store,E-commerce,POS,Kano,Kano,0,
TXN0002914,ACC00056,2024-02-17 03:55:40,101324.74,MRT010,Konga Electronics,E-commerce,Mobile App,Abuja,Abuja,0,
TXN0004368,ACC00082,2024-01-07 09:09:05,15927.27,MRT002,POS Terminal Lekki,POS,Web,Abuja,Abuja,0,
TXN0004008,ACC00076,2024-05-05 09:23:23,83117.55,MRT005,Jumia Online Store,E-commerce,ATM,Port Harcourt,Port Harcourt,0,
TXN0002053,ACC00038,2024-04-27 18:35:19,73145.87,MRT005,Jumia Online Store,E-commerce,Web,Abuja,Abuja,0,
TXN0000087,ACC00002,2024-03-28 06:21:42,69486.46,MRT002,POS Terminal Lekki,POS,Mobile App,Lagos,Lagos,0,
TXN0004824,ACC00092,2024-07-11 18:39:44,137173.88,MRT010,Konga Electronics,E-commerce,ATM,Ibadan,Ibadan,0,
TXN0000787,ACC00016,2024-05-11 05:55:39,147798.78,MRT010,Konga Electronics,E-commerce,ATM,Ibadan,Ibadan,0,
TXN0004682,ACC00089,2024-12-25 17:54:55,137125.12,MRT002,POS Terminal Lekki,POS,USSD,Ibadan,Ibadan,0,
TXN0002860,ACC00055,2024-08-18 16:31:45,145446.46,MRT006,Chicken Republic VI,Food & Dining,USSD,Lagos,Lagos,0,
TXN0005590,ACC00108,2024-12-22 03:24:01,115986.6,MRT010,Konga Electronics,E-commerce,Mobile App,Kano,Kano,0,
TXN0001575,ACC00031,2024-09-08 13:51:51,26904.44,MRT004,Netflix Subscription,Streaming,Mobile App,Ibadan,Ibadan,0,
TXN0001954,ACC00036,2024-04-10 17:00:57,65352.94,MRT002,POS Terminal Lekki,POS,Mobile App,Ibadan,Ibadan,0,
TXN0001377,ACC00027,2024-06-29 00:52:08,14020.9,MRT008,ATM Withdrawal UBA,ATM,USSD,Kano,Kano,0,
TXN0003551,ACC00067,2024-10-22 02:43:18,49527.63,MRT003,MTN Airtime Top-up,Telecom,POS,Lagos,Lagos,0,
TXN0001018,ACC00020,2024-02-03 23:45:14,8613.08,MRT002,POS Terminal Lekki,POS,POS,Port Harcourt,Port Harcourt,0,
TXN0000016,ACC00001,2024-11-08 20:03:53,119535.97,MRT002,POS Terminal Lekki,POS,USSD,Lagos,Lagos,0,
TXN0004488,ACC00086,2024-12-12 08:24:04,2095.46,MRT001,Shoprite Ikeja,Grocery,Web,Port Harcourt,Port Harcourt,0,
TXN0001086,ACC00021,2024-02-03 07:14:02,67655.9,MRT004,Netflix Subscription,Streaming,ATM,Ibadan,Ibadan,0,
TXN0001873,ACC00035,2024-06-24 08:11:27,131089.12,MRT008,ATM Withdrawal UBA,ATM,Web,Port Harcourt,Port Harcourt,0,
TXN0000680,ACC00013,2024-07-27 07:31:07,58914.36,MRT006,Chicken Republic VI,Food & Dining,Mobile App,Port Harcourt,Port Harcourt,0,
TXN0005718,ACC00109,2024-03-27 07:28:42,19159.36,MRT004,Netflix Subscription,Streaming,Web,Port Harcourt,Port Harcourt,0,
TXN0003415,ACC00065,2024-07-06 05:03:17,72857.76,MRT003,MTN Airtime Top-up,Telecom,ATM,Port Harcourt,Port Harcourt,0,
TXN0004173,ACC00079,2024-02-06 04:35:24,57891.49,MRT010,Konga Electronics,E-commerce,ATM,Kano,Kano,0,
TXN0005562,ACC00107,2024-09-07 18:51:01,26267.89,MRT007,EKEDC Electricity,Utilities,USSD,Ibadan,Ibadan,0,
TXN0002599,ACC00050,2024-07-30 12:25:56,15833.63,MRT005,Jumia Online Store,E-commerce,ATM,Kano,Kano,0,
TXN0005433,ACC00105,2024-03-03 13:34:55,62322.06,MRT008,ATM Withdrawal UBA,ATM,Web,Kano,Kano,0,
TXN0003922,ACC00073,2024-08-01 14:39:40,6499.44,MRT002,POS Terminal Lekki,POS,USSD,Lagos,Lagos,0,
TXN0002953,ACC00057,2024-06-20 11:20:36,91176.73,MRT006,Chicken Republic VI,Food & Dining,Mobile App,Lagos,Lagos,0,
TXN0004320,ACC00082,2024-01-24 01:23:02,32045.62,MRT007,EKEDC Electricity,Utilities,ATM,Abuja,Abuja,0,
TXN0000711,ACC00014,2024-04-02 11:52:58,74058.32,MRT007,EKEDC Electricity,Utilities,Mobile App,Lagos,Lagos,0,
TXN0003905,ACC00073,2024-09-08 00:12:59,59632.89,MRT006,Chicken Republic VI,Food & Dining,POS,Lagos,Lagos,0,
TXN0001402,ACC00027,2024-09-13 16:15:49,86056.25,MRT010,Konga Electronics,E-commerce,USSD,Kano,Kano,0,
TXN0000840,ACC00017,2024-01-13 20:14:40,8058.61,MRT008,ATM Withdrawal UBA,ATM,POS,Abuja,Abuja,0,
TXN0000207,ACC00004,2024-10-20 04:34:48,17515.72,MRT009,Bolt Ride Hailing,Transport,ATM,Ibadan,Ibadan,0,
TXN0002796,ACC00054,2024-08-10 21:35:12,102478.72,MRT007,EKEDC Electricity,Utilities,ATM,Ibadan,Ibadan,0,
TXN0002894,ACC00055,2024-04-06 14:19:03,63673.21,MRT007,EKEDC Electricity,Utilities,Mobile App,Lagos,Lagos,0,
TXN0005673,ACC00109,2024-07-29 05:51:44,65082.98,MRT005,Jumia Online Store,E-commerce,USSD,Port Harcourt,Port Harcourt,0,
TXN0006095,ACC00117,2024-03-25 02:02:51,73258.06,MRT002,POS Terminal Lekki,POS,POS,Kano,Kano,0,
TXN0001746,ACC00033,2024-08-18 08:48:09,70627.81,MRT001,Shoprite Ikeja,Grocery,POS,Lagos,Lagos,0,
TXN0004099,ACC00078,2024-06-18 00:17:43,129203.84,MRT010,Konga Electronics,E-commerce,ATM,Abuja,Abuja,0,
TXN0002027,ACC00038,2024-08-18 02:32:01,36580.3,MRT005,Jumia Online Store,E-commerce,POS,Abuja,Abuja,0,
TXN0004307,ACC00082,2024-12-13 17:02:29,112969.14,MRT007,EKEDC Electricity,Utilities,Mobile App,Abuja,Abuja,0,
TXN0002505,ACC00047,2024-08-27 01:09:27,49618.49,MRT008,ATM Withdrawal UBA,ATM,POS,Abuja,Abuja,0,
TXN0001006,ACC00020,2024-12-22 18:02:26,36952.16,MRT010,Konga Electronics,E-commerce,Mobile App,Port Harcourt,Port Harcourt,0,
TXN0006218,ACC00119,2024-09-01 00:01:04,105211.59,MRT006,Chicken Republic VI,Food & Dining,USSD,Kano,Kano,0,
TXN0000156,ACC00003,2024-04-01 16:43:45,15353.52,MRT006,Chicken Republic VI,Food & Dining,POS,Kano,Kano,0,
TXN0003885,ACC00073,2024-01-26 23:47:25,58741.68,MRT008,ATM Withdrawal UBA,ATM,Web,Lagos,Lagos,0,
TXN0004228,ACC00080,2024-12-30 01:32:19,134390.65,MRT004,Netflix Subscription,Streaming,Mobile App,Abuja,Abuja,0,
TXN0004244,ACC00081,2024-08-17 07:44:42,139023.45,MRT010,Konga Electronics,E-commerce,Web,Abuja,Abuja,0,
TXN0003490,ACC00066,2024-03-02 10:45:13,127021.75,MRT009,Bolt Ride Hailing,Transport,Mobile App,Lagos,Lagos,0,
TXN0005331,ACC00102,2024-06-30 18:21:40,17165.53,MRT001,Shoprite Ikeja,Grocery,Mobile App,Kano,Kano,0,
TXN0000368,ACC00007,2024-01-19 21:31:36,42562.77,MRT001,Shoprite Ikeja,Grocery,USSD,Port Harcourt,Port Harcourt,0,
TXN0004717,ACC00090,2024-04-27 18:36:38,127742.76,MRT005,Jumia Online Store,E-commerce,USSD,Abuja,Abuja,0,
TXN0001387,ACC00027,2024-12-04 09:09:17,24737.55,MRT003,MTN Airtime Top-up,Telecom,Web,Kano,Kano,0,
TXN0001132,ACC00022,2024-12-22 23:21:16,82664.1,MRT002,POS Terminal Lekki,POS,USSD,Abuja,Abuja,0,
TXN0005321,ACC00102,2024-06-22 10:55:54,137464.46,MRT002,POS Terminal Lekki,POS,USSD,Kano,Kano,0,
TXN0002472,ACC00046,2024-08-16 16:15:57,14783.31,MRT008,ATM Withdrawal UBA,ATM,POS,Abuja,Abuja,0,
TXN0004973,ACC00095,2024-10-30 09:51:58,120887.06,MRT009,Bolt Ride Hailing,Transport,Mobile App,Port Harcourt,Port Harcourt,0,
TXN0005045,ACC00097,2024-12-23 06:33:40,141583.37,MRT003,MTN Airtime Top-up,Telecom,USSD,Kano,Kano,0,
TXN0005181,ACC00100,2024-12-19 03:18:51,103060.69,MRT006,Chicken Republic VI,Food & Dining,POS,Abuja,Abuja,0,
TXN0004076,ACC00077,2024-12-28 03:22:48,69132.34,MRT010,Konga Electronics,E-commerce,POS,Ibadan,Ibadan,0,
TXN0000931,ACC00019,2024-10-08 02:03:30,33985.75,MRT010,Konga Electronics,E-commerce,POS,Kano,Kano,0,
TXN0004155,ACC00079,2024-05-24 07:15:23,69763.25,MRT004,Netflix Subscription,Streaming,ATM,Kano,Kano,0,
TXN0005232,ACC00101,2024-07-31 14:57:58,91494.14,MRT007,EKEDC Electricity,Utilities,Web,Kano,Kano,0,
TXN0005886,ACC00111,2024-06-12 08:53:37,47713.04,MRT006,Chicken Republic VI,Food & Dining,Web,Ibadan,Ibadan,0,
TXN0000076,ACC00002,2024-06-08 20:48:37,43588.56,MRT008,ATM Withdrawal UBA,ATM,ATM,Lagos,Lagos,0,
TXN0004353,ACC00082,2024-11-30 18:26:41,120019.47,MRT009,Bolt Ride Hailing,Transport,ATM,Abuja,Abuja,0,
TXN0001908,ACC00036,2024-08-03 19:15:49,8456.72,MRT008,ATM Withdrawal UBA,ATM,Web,Ibadan,Ibadan,0,
TXN0001481,ACC00029,2024-02-07 22:12:01,26838.01,MRT008,ATM Withdrawal UBA,ATM,ATM,Port Harcourt,Port Harcourt,0,
TXN0002164,ACC00040,2024-07-20 01:07:58,98822.68,MRT010,Konga Electronics,E-commerce,Web,Abuja,Abuja,0,
TXN0004684,ACC00089,2024-11-19 12:21:04,87505.56,MRT006,Chicken Republic VI,Food & Dining,POS,Ibadan,Ibadan,0,
TXN0000737,ACC00014,2024-01-20 15:58:39,138657.69,MRT003,MTN Airtime Top-up,Telecom,ATM,Lagos,Lagos,0,
TXN0005325,ACC00102,2024-04-13 17:10:22,7767.11,MRT008,ATM Withdrawal UBA,ATM,ATM,Kano,Kano,0,
TXN0003197,ACC00060,2024-08-30 17:10:06,89370.94,MRT008,ATM Withdrawal UBA,ATM,Mobile App,Port Harcourt,Port Harcourt,0,
TXN0005222,ACC00101,2024-11-01 03:02:03,78576.97,MRT002,POS Terminal Lekki,POS,ATM,Kano,Kano,0,
TXN0002175,ACC00041,2024-03-20 17:41:13,28044.55,MRT007,EKEDC Electricity,Utilities,Mobile App,Ibadan,Ibadan,0,
TXN0005071,ACC00097,2024-04-19 14:13:30,121260.55,MRT001,Shoprite Ikeja,Grocery,USSD,Kano,Kano,0,
TXN0000786,ACC00016,2024-03-03 11:44:18,82283.42,MRT002,POS Terminal Lekki,POS,Mobile App,Ibadan,Ibadan,0,
TXN0003299,ACC00062,2024-07-13 17:54:28,91779.7,MRT001,Shoprite Ikeja,Grocery,ATM,Lagos,Lagos,0,
TXN0005206,ACC00100,2024-12-10 05:49:56,13713.74,MRT002,POS Terminal Lekki,POS,ATM,Abuja,Abuja,0,
TXN0003691,ACC00069,2024-01-12 18:48:17,6296.76,MRT010,Konga Electronics,E-commerce,USSD,Abuja,Abuja,0,
TXN0000358,ACC00007,2024-06-03 20:18:29,114219.42,MRT003,MTN Airtime Top-up,Telecom,USSD,Port Harcourt,Port Harcourt,0,
TXN0002033,ACC00038,2024-11-08 18:45:22,85056.79,MRT010,Konga Electronics,E-commerce,USSD,Abuja,Abuja,0,
TXN0005078,ACC00097,2024-06-17 08:02:16,171072.03,MRT011,Unknown Vendor XJ9,Unknown,Web,Nairobi,Kano,1,Unknown or unregistered merchant
TXN0002401,ACC00044,2024-07-20 20:26:02,88821.01,MRT010,Konga Electronics,E-commerce,Mobile App,Kano,Kano,0,
TXN0006205,ACC00119,2024-02-16 18:49:12,121393.41,MRT008,ATM Withdrawal UBA,ATM,Web,Kano,Kano,0,
TXN0006270,ACC00120,2024-05-20 04:57:55,1853455.55,MRT011,Unknown Vendor XJ9,Unknown,Mobile App,Ibadan,Ibadan,1,Large transaction at unusual hour (1am–4am)
TXN0000442,ACC00009,2024-02-13 13:51:42,124401.72,MRT001,Shoprite Ikeja,Grocery,USSD,Lagos,Lagos,0,
TXN0002972,ACC00057,2024-04-21 20:59:51,80396.36,MRT002,POS Terminal Lekki,POS,Web,Lagos,Lagos,0,
TXN0000396,ACC00008,2024-03-08 06:10:37,136862.56,MRT008,ATM Withdrawal UBA,ATM,POS,Ibadan,Ibadan,0,
TXN0001284,ACC00025,2024-07-30 21:36:18,56571.93,MRT004,Netflix Subscription,Streaming,USSD,Port Harcourt,Port Harcourt,0,
TXN0000829,ACC00017,2024-05-11 05:08:24,46986.92,MRT005,Jumia Online Store,E-commerce,ATM,Abuja,Abuja,0,
TXN0005015,ACC00097,2024-10-04 08:58:58,98430.69,MRT001,Shoprite Ikeja,Grocery,Mobile App,Kano,Kano,0,
TXN0002222,ACC00042,2024-08-15 23:16:13,113764.38,MRT009,Bolt Ride Hailing,Transport,ATM,Abuja,Abuja,0,
TXN0002339,ACC00044,2024-09-21 11:59:59,38516.06,MRT003,MTN Airtime Top-up,Telecom,USSD,Kano,Kano,0,
TXN0001091,ACC00021,2024-03-30 06:01:11,58126.55,MRT007,EKEDC Electricity,Utilities,Mobile App,Ibadan,Ibadan,0,
TXN0003099,ACC00059,2024-02-24 18:14:39,31423.05,MRT002,POS Terminal Lekki,POS,USSD,Lagos,Lagos,0,
TXN0003666,ACC00069,2024-10-24 14:26:09,147036.69,MRT009,Bolt Ride Hailing,Transport,USSD,Abuja,Abuja,0,
TXN0005707,ACC00109,2024-05-07 06:18:30,55552.39,MRT008,ATM Withdrawal UBA,ATM,Mobile App,Port Harcourt,Port Harcourt,0,
TXN0002979,ACC00057,2024-12-24 21:55:42,35724.77,MRT001,Shoprite Ikeja,Grocery,Mobile App,Lagos,Lagos,0,
TXN0004077,ACC00077,2024-02-26 19:59:12,91094.57,MRT005,Jumia Online Store,E-commerce,POS,Ibadan,Ibadan,0,
TXN0005570,ACC00107,2024-01-25 22:41:19,26928.64,MRT002,POS Terminal Lekki,POS,Web,Ibadan,Ibadan,0,
TXN0003614,ACC00068,2024-12-01 07:34:34,6072.8,MRT009,Bolt Ride Hailing,Transport,ATM,Abuja,Abuja,0,
TXN0001986,ACC00037,2024-03-01 16:57:10,74081.77,MRT010,Konga Electronics,E-commerce,ATM,Port Harcourt,Port Harcourt,0,
TXN0004359,ACC00082,2024-05-07 03:22:18,63249.06,MRT009,Bolt Ride Hailing,Transport,POS,Abuja,Abuja,0,
TXN0004251,ACC00081,2024-03-27 13:34:27,40072.73,MRT008,ATM Withdrawal UBA,ATM,Mobile App,Abuja,Abuja,0,
TXN0004176,ACC00079,2024-06-11 04:12:43,64323.27,MRT003,MTN Airtime Top-up,Telecom,USSD,Kano,Kano,0,
TXN0003095,ACC00059,2024-05-02 02:06:59,52428.17,MRT002,POS Terminal Lekki,POS,Web,Lagos,Lagos,0,
TXN0003784,ACC00071,2024-10-23 04:08:09,47774.08,MRT008,ATM Withdrawal UBA,ATM,USSD,Lagos,Lagos,0,
TXN0002211,ACC00041,2024-12-16 02:21:50,44530.41,MRT002,POS Terminal Lekki,POS,USSD,Ibadan,Ibadan,0,
TXN0002539,ACC00048,2024-03-11 14:02:52,580.12,MRT001,Shoprite Ikeja,Grocery,POS,Kano,Kano,0,
TXN0000899,ACC00018,2024-01-19 20:51:47,149204.69,MRT010,Konga Electronics,E-commerce,Mobile App,Abuja,Abuja,0,
TXN0000775,ACC00016,2024-05-14 16:30:16,25599.17,MRT006,Chicken Republic VI,Food & Dining,Mobile App,Ibadan,Ibadan,0,
TXN0002059,ACC00038,2024-10-30 10:42:13,71546.52,MRT007,EKEDC Electricity,Utilities,USSD,Abuja,Abuja,0,
TXN0005323,ACC00102,2024-11-12 18:22:00,110999.09,MRT005,Jumia Online Store,E-commerce,Web,Kano,Kano,0,
TXN0001017,ACC00020,2024-01-10 05:23:36,107671.81,MRT008,ATM Withdrawal UBA,ATM,Mobile App,Port Harcourt,Port Harcourt,0,
TXN0002995,ACC00057,2024-08-08 14:35:48,148645.34,MRT001,Shoprite Ikeja,Grocery,Mobile App,Lagos,Lagos,0,
TXN0006157,ACC00119,2024-03-03 03:55:00,18122.01,MRT010,Konga Electronics,E-commerce,ATM,Kano,Kano,0,
TXN0003796,ACC00071,2024-12-19 02:13:00,15011.81,MRT008,ATM Withdrawal UBA,ATM,Mobile App,Lagos,Lagos,0,
TXN0005067,ACC00097,2024-01-08 14:10:26,65668.79,MRT001,Shoprite Ikeja,Grocery,ATM,Kano,Kano,0,
TXN0000673,ACC00013,2024-01-07 11:33:23,10596.12,MRT010,Konga Electronics,E-commerce,POS,Port Harcourt,Port Harcourt,0,
TXN0003045,ACC00058,2024-07-17 11:11:46,35928.32,MRT002,POS Terminal Lekki,POS,POS,Lagos,Lagos,0,
TXN0004182,ACC00080,2024-08-12 02:26:05,82414.84,MRT009,Bolt Ride Hailing,Transport,POS,Abuja,Abuja,0,
TXN0004109,ACC00079,2024-04-16 11:11:11,107382.6,MRT004,Netflix Subscription,Streaming,Web,Kano,Kano,0,
TXN0003744,ACC00070,2024-01-17 23:51:11,2624.57,MRT010,Konga Electronics,E-commerce,Web,Port Harcourt,Port Harcourt,0,
TXN0003227,ACC00060,2024-05-07 13:23:25,136700.59,MRT002,POS Terminal Lekki,POS,POS,Port Harcourt,Port Harcourt,0,
TXN0001764,ACC00034,2024-04-20 03:27:00,90258.23,MRT008,ATM Withdrawal UBA,ATM,POS,Abuja,Abuja,0,
TXN0001776,ACC00034,2024-05-18 07:04:02,100168.21,MRT008,ATM Withdrawal UBA,ATM,ATM,Abuja,Abuja,0,
TXN0005858,ACC00111,2024-01-05 15:50:26,82150.22,MRT003,MTN Airtime Top-up,Telecom,ATM,Ibadan,Ibadan,0,
TXN0003512,ACC00067,2024-07-15 18:49:02,108815.49,MRT010,Konga Electronics,E-commerce,Mobile App,Lagos,Lagos,0,
TXN0000085,ACC00002,2024-11-06 10:08:38,106612.53,MRT004,Netflix Subscription,Streaming,POS,Lagos,Lagos,0,
TXN0000289,ACC00006,2024-08-09 14:58:16,28503.43,MRT007,EKEDC Electricity,Utilities,Mobile App,Abuja,Abuja,0,
TXN0000861,ACC00017,2024-09-11 19:28:40,28659.83,MRT005,Jumia Online Store,E-commerce,USSD,Abuja,Abuja,0,
TXN0003240,ACC00061,2024-12-17 17:57:59,108459.26,MRT010,Konga Electronics,E-commerce,POS,Kano,Kano,0,
TXN0002267,ACC00042,2024-07-07 06:17:00,10701.46,MRT008,ATM Withdrawal UBA,ATM,USSD,Abuja,Abuja,0,
TXN0006126,ACC00117,2024-07-04 04:37:41,129116.85,MRT004,Netflix Subscription,Streaming,Web,Kano,Kano,0,
TXN0002345,ACC00044,2024-09-12 17:32:05,88118.93,MRT007,EKEDC Electricity,Utilities,ATM,Kano,Kano,0,
TXN0002470,ACC00046,2024-05-27 01:06:33,117518.68,MRT002,POS Terminal Lekki,POS,Mobile App,Abuja,Abuja,0,
TXN0005881,ACC00111,2024-03-11 07:49:21,136749.74,MRT004,Netflix Subscription,Streaming,POS,Ibadan,Ibadan,0,
TXN0003820,ACC00072,2024-12-22 19:36:50,120918.54,MRT002,POS Terminal Lekki,POS,POS,Abuja,Abuja,0,
TXN0001727,ACC00033,2024-07-24 16:20:40,77323.04,MRT002,POS Terminal Lekki,POS,Web,Lagos,Lagos,0,
TXN0000204,ACC00004,2024-03-02 03:09:59,7939.49,MRT010,Konga Electronics,E-commerce,Mobile App,Ibadan,Ibadan,0,
TXN0005885,ACC00111,2024-08-27 15:04:52,31632.5,MRT001,Shoprite Ikeja,Grocery,Web,Ibadan,Ibadan,0,
TXN0005662,ACC00108,2024-07-06 08:55:26,5000000,MRT015,Sports Betting GG,Gambling,Web,Kano,Kano,1,Suspicious round amount: possible structuring
TXN0000068,ACC00002,2024-10-12 06:21:08,90755.19,MRT006,Chicken Republic VI,Food & Dining,Mobile App,Lagos,Lagos,0,
TXN0005624,ACC00108,2024-01-03 10:28:38,78635.68,MRT009,Bolt Ride Hailing,Transport,POS,Kano,Kano,0,
TXN0002045,ACC00038,2024-11-15 22:28:58,22079.75,MRT003,MTN Airtime Top-up,Telecom,Web,Abuja,Abuja,0,
TXN0002973,ACC00057,2024-11-27 08:21:20,139805.45,MRT009,Bolt Ride Hailing,Transport,USSD,Lagos,Lagos,0,
TXN0000583,ACC00011,2024-07-21 09:08:32,52570.89,MRT008,ATM Withdrawal UBA,ATM,Mobile App,Abuja,Abuja,0,
TXN0005153,ACC00099,2024-02-25 06:33:28,500000,MRT015,Sports Betting GG,Gambling,Mobile App,Port Harcourt,Port Harcourt,1,Suspicious round amount: possible structuring
TXN0006001,ACC00114,2024-03-04 13:06:49,38888.3,MRT006,Chicken Republic VI,Food & Dining,Web,Lagos,Lagos,0,
TXN0000080,ACC00002,2024-09-12 09:50:20,69565.46,MRT009,Bolt Ride Hailing,Transport,Mobile App,Lagos,Lagos,0,
TXN0004003,ACC00076,2024-09-22 23:14:51,149198.43,MRT008,ATM Withdrawal UBA,ATM,ATM,Port Harcourt,Port Harcourt,0,
TXN0004445,ACC00084,2024-11-28 10:44:13,83960.22,MRT010,Konga Electronics,E-commerce,USSD,Ibadan,Ibadan,0,
TXN0000433,ACC00008,2024-01-05 10:35:19,98225.66,MRT005,Jumia Online Store,E-commerce,Web,Ibadan,Ibadan,0,
TXN0004767,ACC00091,2024-01-15 14:59:22,40164.08,MRT001,Shoprite Ikeja,Grocery,USSD,Ibadan,Ibadan,0,
TXN0003813,ACC00072,2024-01-05 03:31:30,3372.22,MRT010,Konga Electronics,E-commerce,ATM,Abuja,Abuja,0,
TXN0002368,ACC00044,2024-05-26 23:16:34,9057.61,MRT010,Konga Electronics,E-commerce,POS,Kano,Kano,0,
TXN0003803,ACC00072,2024-02-13 02:19:56,144255.48,MRT004,Netflix Subscription,Streaming,POS,Abuja,Abuja,0,
TXN0004358,ACC00082,2024-07-24 04:22:19,22789.9,MRT001,Shoprite Ikeja,Grocery,Mobile App,Abuja,Abuja,0,
TXN0000143,ACC00003,2024-04-12 16:55:57,18976.52,MRT009,Bolt Ride Hailing,Transport,POS,Kano,Kano,0,
TXN0006057,ACC00115,2024-09-21 22:56:24,10410.84,MRT006,Chicken Republic VI,Food & Dining,USSD,Port Harcourt,Port Harcourt,0,
TXN0000504,ACC00010,2024-07-22 11:30:57,125940.74,MRT001,Shoprite Ikeja,Grocery,Mobile App,Ibadan,Ibadan,0,
TXN0004088,ACC00078,2024-10-06 10:53:48,42986.12,MRT005,Jumia Online Store,E-commerce,Web,Abuja,Abuja,0,
TXN0001266,ACC00025,2024-04-09 09:31:12,55269.93,MRT001,Shoprite Ikeja,Grocery,USSD,Port Harcourt,Port Harcourt,0,
TXN0005888,ACC00111,2024-09-10 00:50:45,90600.35,MRT008,ATM Withdrawal UBA,ATM,POS,Ibadan,Ibadan,0,
TXN0004114,ACC00079,2024-10-08 05:49:57,136423.61,MRT008,ATM Withdrawal UBA,ATM,Mobile App,Kano,Kano,0,
TXN0001777,ACC00034,2024-07-07 04:10:24,42194.15,MRT009,Bolt Ride Hailing,Transport,ATM,Abuja,Abuja,0,
TXN0001678,ACC00032,2024-04-21 21:43:05,22676.58,MRT001,Shoprite Ikeja,Grocery,POS,Port Harcourt,Port Harcourt,0,
TXN0002567,ACC00049,2024-03-27 23:10:25,80268.09,MRT001,Shoprite Ikeja,Grocery,POS,Lagos,Lagos,0,
TXN0002414,ACC00044,2024-05-15 06:27:28,58963.93,MRT007,EKEDC Electricity,Utilities,USSD,Kano,Kano,0,
TXN0002960,ACC00057,2024-03-20 01:07:36,121596.32,MRT001,Shoprite Ikeja,Grocery,Mobile App,Lagos,Lagos,0,
TXN0005407,ACC00104,2024-07-26 16:22:21,71535.57,MRT010,Konga Electronics,E-commerce,USSD,Kano,Kano,0,
TXN0000419,ACC00008,2024-12-29 17:49:34,131573.1,MRT005,Jumia Online Store,E-commerce,Mobile App,Ibadan,Ibadan,0,
TXN0001052,ACC00020,2024-10-09 12:05:45,912.79,MRT009,Bolt Ride Hailing,Transport,Mobile App,Port Harcourt,Port Harcourt,1,Velocity spike: multiple transactions in short window
TXN0002840,ACC00055,2024-06-03 03:38:13,64911.84,MRT009,Bolt Ride Hailing,Transport,POS,Lagos,Lagos,0,
TXN0000964,ACC00019,2024-02-10 05:11:34,98799.51,MRT007,EKEDC Electricity,Utilities,USSD,Kano,Kano,0,
TXN0001948,ACC00036,2024-02-01 18:08:51,2932.17,MRT009,Bolt Ride Hailing,Transport,ATM,Ibadan,Ibadan,0,
TXN0000863,ACC00017,2024-06-05 22:28:13,102272.98,MRT006,Chicken Republic VI,Food & Dining,Mobile App,Abuja,Abuja,0,
TXN0002792,ACC00054,2024-11-04 20:10:07,134862.22,MRT006,Chicken Republic VI,Food & Dining,USSD,Ibadan,Ibadan,0,
TXN0001195,ACC00024,2024-10-26 09:37:22,78835.43,MRT007,EKEDC Electricity,Utilities,Mobile App,Lagos,Lagos,0,
TXN0004582,ACC00087,2024-06-20 03:09:05,90025.94,MRT008,ATM Withdrawal UBA,ATM,ATM,Kano,Kano,0,
TXN0004757,ACC00091,2024-11-10 20:51:47,91876.32,MRT008,ATM Withdrawal UBA,ATM,Mobile App,Ibadan,Ibadan,0,
TXN0001117,ACC00022,2024-11-07 00:29:52,92296.79,MRT009,Bolt Ride Hailing,Transport,Mobile App,Abuja,Abuja,0,
TXN0000215,ACC00004,2024-07-13 06:46:58,125086.45,MRT009,Bolt Ride Hailing,Transport,POS,Ibadan,Ibadan,0,
TXN0005112,ACC00098,2024-12-24 22:07:51,1433.93,MRT006,Chicken Republic VI,Food & Dining,Mobile App,Ibadan,Ibadan,0,
TXN0001517,ACC00029,2024-10-29 08:23:55,70595.89,MRT001,Shoprite Ikeja,Grocery,USSD,Port Harcourt,Port Harcourt,0,
TXN0002689,ACC00052,2024-03-27 14:59:19,131186.75,MRT007,EKEDC Electricity,Utilities,Mobile App,Port Harcourt,Port Harcourt,0,
TXN0005419,ACC00105,2024-06-02 15:39:43,46723.43,MRT005,Jumia Online Store,E-commerce,ATM,Kano,Kano,0,
TXN0001516,ACC00029,2024-08-26 01:56:19,135586.0,MRT001,Shoprite Ikeja,Grocery,USSD,Port Harcourt,Port Harcourt,0,
TXN0002725,ACC00052,2024-02-14 00:46:41,69094.12,MRT003,MTN Airtime Top-up,Telecom,POS,Port Harcourt,Port Harcourt,0,
TXN0005634,ACC00108,2024-02-23 17:39:46,67508.5,MRT006,Chicken Republic VI,Food & Dining,POS,Kano,Kano,0,
TXN0004885,ACC00094,2024-12-14 12:48:38,12983.37,MRT002,POS Terminal Lekki,POS,ATM,Abuja,Abuja,0,
TXN0000606,ACC00011,2024-08-28 13:19:10,129895.57,MRT001,Shoprite Ikeja,Grocery,Mobile App,Abuja,Abuja,0,
TXN0003374,ACC00064,2024-07-14 11:40:00,90135.44,MRT002,POS Terminal Lekki,POS,ATM,Lagos,Lagos,0,
TXN0001799,ACC00034,2024-05-15 11:46:02,4521.53,MRT010,Konga Electronics,E-commerce,POS,Abuja,Abuja,0,
TXN0001965,ACC00036,2024-01-09 11:20:51,25332.77,MRT002,POS Terminal Lekki,POS,Web,Ibadan,Ibadan,0,
TXN0001270,ACC00025,2024-11-15 05:50:32,119240.31,MRT006,Chicken Republic VI,Food & Dining,Mobile App,Port Harcourt,Port Harcourt,0,
TXN0002546,ACC00048,2024-04-02 12:40:17,31899.98,MRT005,Jumia Online Store,E-commerce,ATM,Kano,Kano,0,
TXN0000044,ACC00001,2024-01-22 04:13:09,44174.43,MRT009,Bolt Ride Hailing,Transport,Web,Lagos,Lagos,0,
TXN0001913,ACC00036,2024-02-13 16:29:27,18986.31,MRT003,MTN Airtime Top-up,Telecom,Mobile App,Ibadan,Ibadan,0,
TXN0003650,ACC00069,2024-01-30 22:04:08,48588.55,MRT003,MTN Airtime Top-up,Telecom,Web,Abuja,Abuja,0,
TXN0001919,ACC00036,2024-01-11 01:59:05,102356.2,MRT005,Jumia Online Store,E-commerce,Mobile App,Ibadan,Ibadan,0,
TXN0002888,ACC00055,2024-04-28 18:27:46,64833.26,MRT001,Shoprite Ikeja,Grocery,Mobile App,Lagos,Lagos,0,
TXN0002639,ACC00050,2024-10-30 11:08:49,43371.98,MRT001,Shoprite Ikeja,Grocery,Web,Kano,Kano,0,
TXN0001281,ACC00025,2024-06-21 01:10:21,135421.5,MRT006,Chicken Republic VI,Food & Dining,USSD,Port Harcourt,Port Harcourt,0,
TXN0005620,ACC00108,2024-10-09 20:27:41,79489.07,MRT002,POS Terminal Lekki,POS,POS,Kano,Kano,0,
TXN0002959,ACC00057,2024-02-03 09:44:55,4124.34,MRT010,Konga Electronics,E-commerce,Mobile App,Lagos,Lagos,0,
TXN0003281,ACC00061,2024-12-24 04:57:31,133045.99,MRT005,Jumia Online Store,E-commerce,USSD,Kano,Kano,0,
TXN0001269,ACC00025,2024-06-30 18:37:38,54458.44,MRT001,Shoprite Ikeja,Grocery,ATM,Port Harcourt,Port Harcourt,0,
TXN0002052,ACC00038,2024-02-15 17:26:13,46086.23,MRT006,Chicken Republic VI,Food & Dining,POS,Abuja,Abuja,0,
TXN0000323,ACC00006,2024-09-09 06:20:41,37816.94,MRT005,Jumia Online Store,E-commerce,Mobile App,Abuja,Abuja,0,
TXN0005175,ACC00100,2024-12-30 03:52:57,131803.89,MRT001,Shoprite Ikeja,Grocery,ATM,Abuja,Abuja,0,
TXN0000333,ACC00006,2024-03-19 01:16:22,35892.06,MRT003,MTN Airtime Top-up,Telecom,ATM,Abuja,Abuja,0,
TXN0002066,ACC00038,2024-12-02 07:16:20,106227.69,MRT003,MTN Airtime Top-up,Telecom,USSD,Abuja,Abuja,0,
TXN0004686,ACC00089,2024-03-22 15:04:27,46483.28,MRT007,EKEDC Electricity,Utilities,POS,Ibadan,Ibadan,0,
TXN0000923,ACC00018,2024-09-24 22:21:24,120084.91,MRT008,ATM Withdrawal UBA,ATM,Web,Abuja,Abuja,0,
TXN0002584,ACC00050,2024-10-10 07:14:46,97310.86,MRT003,MTN Airtime Top-up,Telecom,Mobile App,Kano,Kano,0,
TXN0002042,ACC00038,2024-08-16 10:47:20,78082.28,MRT009,Bolt Ride Hailing,Transport,ATM,Abuja,Abuja,0,
TXN0001082,ACC00021,2024-09-01 11:44:31,6359.03,MRT009,Bolt Ride Hailing,Transport,USSD,Ibadan,Ibadan,0,
TXN0005693,ACC00109,2024-11-25 08:53:39,80389.44,MRT004,Netflix Subscription,Streaming,POS,Port Harcourt,Port Harcourt,0,
TXN0002356,ACC00044,2024-11-10 06:05:29,39273.11,MRT004,Netflix Subscription,Streaming,ATM,Kano,Kano,0,
TXN0002814,ACC00054,2024-04-10 20:27:52,17065.14,MRT001,Shoprite Ikeja,Grocery,POS,Ibadan,Ibadan,0,
TXN0005669,ACC00109,2024-02-09 13:03:16,133346.38,MRT010,Konga Electronics,E-commerce,USSD,Port Harcourt,Port Harcourt,0,
TXN0003759,ACC00070,2024-01-08 16:29:14,140613.04,MRT008,ATM Withdrawal UBA,ATM,ATM,Port Harcourt,Port Harcourt,0,
TXN0004659,ACC00088,2024-05-27 22:36:38,50115.6,MRT010,Konga Electronics,E-commerce,ATM,Abuja,Abuja,0,
TXN0005401,ACC00104,2024-08-08 00:26:15,61194.52,MRT008,ATM Withdrawal UBA,ATM,USSD,Kano,Kano,0,
TXN0000070,ACC00002,2024-08-16 00:22:56,149936.08,MRT001,Shoprite Ikeja,Grocery,POS,Lagos,Lagos,0,
TXN0005996,ACC00114,2024-04-01 09:05:39,129682.12,MRT006,Chicken Republic VI,Food & Dining,Web,Lagos,Lagos,0,
TXN0005165,ACC00100,2024-05-11 23:01:08,65990.22,MRT001,Shoprite Ikeja,Grocery,Mobile App,Abuja,Abuja,0,
TXN0006183,ACC00119,2024-03-15 20:32:33,44534.22,MRT003,MTN Airtime Top-up,Telecom,Web,Kano,Kano,0,
TXN0005076,ACC00097,2024-02-24 04:10:00,899145.7,MRT014,FX Bureau Lagos,FX,Mobile App,Kano,Kano,1,Large transaction at unusual hour (1am–4am)
TXN0001108,ACC00021,2024-06-07 18:42:44,16434.19,MRT006,Chicken Republic VI,Food & Dining,ATM,Ibadan,Ibadan,0,
TXN0002817,ACC00054,2024-12-25 04:18:18,87726.25,MRT003,MTN Airtime Top-up,Telecom,Mobile App,Ibadan,Ibadan,0,
TXN0003756,ACC00070,2024-05-28 01:09:58,84625.39,MRT001,Shoprite Ikeja,Grocery,ATM,Port Harcourt,Port Harcourt,0,
TXN0001925,ACC00036,2024-10-11 02:29:44,19833.37,MRT010,Konga Electronics,E-commerce,Mobile App,Ibadan,Ibadan,0,
TXN0004771,ACC00092,2024-03-12 17:07:14,95795.36,MRT004,Netflix Subscription,Streaming,ATM,Ibadan,Ibadan,0,
TXN0000064,ACC00002,2024-08-19 02:12:44,138218.28,MRT010,Konga Electronics,E-commerce,ATM,Lagos,Lagos,0,
TXN0004433,ACC00084,2024-07-13 17:31:49,118352.32,MRT010,Konga Electronics,E-commerce,POS,Ibadan,Ibadan,0,
TXN0003184,ACC00060,2024-07-08 04:58:17,112474.52,MRT003,MTN Airtime Top-up,Telecom,USSD,Port Harcourt,Port Harcourt,0,
TXN0000947,ACC00019,2024-03-21 07:59:36,142578.09,MRT008,ATM Withdrawal UBA,ATM,POS,Kano,Kano,0,
TXN0004636,ACC00088,2024-04-22 03:50:57,130277.61,MRT009,Bolt Ride Hailing,Transport,Web,Abuja,Abuja,0,
TXN0001487,ACC00029,2024-08-12 10:42:40,29752.16,MRT008,ATM Withdrawal UBA,ATM,POS,Port Harcourt,Port Harcourt,0,
TXN0004736,ACC00090,2024-08-06 06:36:16,72833.09,MRT005,Jumia Online Store,E-commerce,ATM,Abuja,Abuja,0,
TXN0004340,ACC00082,2024-01-20 00:05:33,957.08,MRT005,Jumia Online Store,E-commerce,ATM,Abuja,Abuja,0,
TXN0003034,ACC00058,2024-03-25 14:26:21,9258.43,MRT007,EKEDC Electricity,Utilities,Mobile App,Lagos,Lagos,0,
TXN0002228,ACC00042,2024-06-14 07:59:30,114544.82,MRT007,EKEDC Electricity,Utilities,USSD,Abuja,Abuja,0,
TXN0001905,ACC00036,2024-04-19 21:03:24,92133.27,MRT005,Jumia Online Store,E-commerce,POS,Ibadan,Ibadan,0,
TXN0005640,ACC00108,2024-08-31 15:48:23,21836.55,MRT008,ATM Withdrawal UBA,ATM,USSD,Kano,Kano,0,
TXN0002079,ACC00038,2024-04-09 05:56:26,23556.99,MRT002,POS Terminal Lekki,POS,ATM,Abuja,Abuja,0,
TXN0000578,ACC00011,2024-03-26 20:09:54,56430.88,MRT008,ATM Withdrawal UBA,ATM,ATM,Abuja,Abuja,0,
TXN0004650,ACC00088,2024-10-06 09:22:31,74487.29,MRT008,ATM Withdrawal UBA,ATM,USSD,Abuja,Abuja,0,
TXN0000219,ACC00005,2024-04-22 10:28:38,61052.33,MRT002,POS Terminal Lekki,POS,POS,Kano,Kano,0,
TXN0002661,ACC00051,2024-10-08 19:54:12,146090.69,MRT006,Chicken Republic VI,Food & Dining,Mobile App,Abuja,Abuja,0,
TXN0005436,ACC00105,2024-08-29 01:56:54,126154.15,MRT009,Bolt Ride Hailing,Transport,POS,Kano,Kano,0,
TXN0002141,ACC00040,2024-11-19 07:37:32,123334.25,MRT001,Shoprite Ikeja,Grocery,USSD,Abuja,Abuja,0,
TXN0005622,ACC00108,2024-07-10 11:10:14,14698.3,MRT007,EKEDC Electricity,Utilities,Mobile App,Kano,Kano,0,
TXN0004628,ACC00088,2024-09-20 14:22:54,2717.41,MRT006,Chicken Republic VI,Food & Dining,POS,Abuja,Abuja,0,
TXN0001398,ACC00027,2024-01-22 09:13:59,5989.8,MRT006,Chicken Republic VI,Food & Dining,Mobile App,Kano,Kano,0,
TXN0001757,ACC00034,2024-05-22 07:40:58,28176.3,MRT010,Konga Electronics,E-commerce,Mobile App,Abuja,Abuja,0,
TXN0005057,ACC00097,2024-12-14 15:33:11,43759.77,MRT009,Bolt Ride Hailing,Transport,POS,Kano,Kano,0,
TXN0001558,ACC00030,2024-04-09 22:33:03,117219.33,MRT003,MTN Airtime Top-up,Telecom,POS,Abuja,Abuja,0,
TXN0000627,ACC00011,2024-12-22 19:32:42,148876.69,MRT001,Shoprite Ikeja,Grocery,Web,Abuja,Abuja,0,
TXN0005554,ACC00107,2024-06-11 11:24:21,132930.43,MRT002,POS Terminal Lekki,POS,POS,Ibadan,Ibadan,0,
TXN0006104,ACC00117,2024-06-10 19:10:29,37975.41,MRT007,EKEDC Electricity,Utilities,Mobile App,Kano,Kano,0,
TXN0003587,ACC00068,2024-01-28 09:24:09,144521.92,MRT004,Netflix Subscription,Streaming,POS,Abuja,Abuja,0,
TXN0002757,ACC00053,2024-04-16 18:51:28,140278.9,MRT002,POS Terminal Lekki,POS,Mobile App,Kano,Kano,0,
TXN0003532,ACC00067,2024-08-29 12:39:16,4757.49,MRT006,Chicken Republic VI,Food & Dining,Mobile App,Lagos,Lagos,0,
TXN0006035,ACC00114,2024-03-21 00:22:01,51438.55,MRT008,ATM Withdrawal UBA,ATM,POS,Lagos,Lagos,0,
TXN0003699,ACC00069,2024-05-22 00:30:38,36297.98,MRT003,MTN Airtime Top-up,Telecom,ATM,Abuja,Abuja,0,
TXN0003772,ACC00071,2024-10-03 17:49:08,85473.8,MRT004,Netflix Subscription,Streaming,USSD,Lagos,Lagos,0,
TXN0000968,ACC00019,2024-06-24 20:49:40,21157.91,MRT003,MTN Airtime Top-up,Telecom,USSD,Kano,Kano,0,
TXN0003581,ACC00068,2024-10-02 02:13:01,100383.97,MRT009,Bolt Ride Hailing,Transport,Web,Abuja,Abuja,0,
TXN0005766,ACC00110,2024-08-11 20:47:21,133182.44,MRT001,Shoprite Ikeja,Grocery,Mobile App,Lagos,Lagos,0,
TXN0005812,ACC00110,2024-12-04 19:00:27,39862.92,MRT002,POS Terminal Lekki,POS,POS,Lagos,Lagos,0,
TXN0004321,ACC00082,2024-03-15 17:58:01,44259.59,MRT009,Bolt Ride Hailing,Transport,Web,Abuja,Abuja,0,
TXN0002064,ACC00038,2024-12-15 14:53:10,51180.18,MRT007,EKEDC Electricity,Utilities,Mobile App,Abuja,Abuja,0,
TXN0005448,ACC00105,2024-01-19 13:00:30,49564.11,MRT010,Konga Electronics,E-commerce,ATM,Kano,Kano,0,
TXN0002198,ACC00041,2024-05-04 23:36:32,79058.61,MRT006,Chicken Republic VI,Food & Dining,ATM,Ibadan,Ibadan,0,
TXN0003948,ACC00074,2024-06-13 08:11:23,11876.88,MRT006,Chicken Republic VI,Food & Dining,ATM,Ibadan,Ibadan,0,
TXN0005228,ACC00101,2024-09-25 01:45:29,25538.17,MRT008,ATM Withdrawal UBA,ATM,Mobile App,Kano,Kano,0,
TXN0003734,ACC00070,2024-04-20 14:35:29,43322.62,MRT009,Bolt Ride Hailing,Transport,USSD,Port Harcourt,Port Harcourt,0,
TXN0005642,ACC00108,2024-01-25 10:32:31,86327.1,MRT008,ATM Withdrawal UBA,ATM,ATM,Kano,Kano,0,
TXN0002200,ACC00041,2024-06-04 17:05:17,97635.72,MRT010,Konga Electronics,E-commerce,Web,Ibadan,Ibadan,0,
TXN0002001,ACC00037,2024-07-12 13:20:26,23567.21,MRT002,POS Terminal Lekki,POS,POS,Port Harcourt,Port Harcourt,0,
TXN0001441,ACC00028,2024-12-17 10:47:57,23534.63,MRT009,Bolt Ride Hailing,Transport,POS,Ibadan,Ibadan,0,
TXN0003305,ACC00062,2024-03-10 17:13:43,60033.31,MRT003,MTN Airtime Top-up,Telecom,USSD,Lagos,Lagos,0,
TXN0002355,ACC00044,2024-03-13 02:16:19,9317.82,MRT004,Netflix Subscription,Streaming,Web,Kano,Kano,0,
TXN0004180,ACC00080,2024-02-14 08:45:58,100577.86,MRT002,POS Terminal Lekki,POS,POS,Abuja,Abuja,0,
TXN0003634,ACC00068,2024-08-28 04:34:02,30193.63,MRT002,POS Terminal Lekki,POS,Mobile App,Abuja,Abuja,0,
TXN0002826,ACC00054,2024-01-24 09:43:42,2462.65,MRT004,Netflix Subscription,Streaming,Web,Ibadan,Ibadan,0,
TXN0000375,ACC00007,2024-04-18 15:11:08,102219.6,MRT010,Konga Electronics,E-commerce,Mobile App,Port Harcourt,Port Harcourt,0,
TXN0002756,ACC00053,2024-10-09 01:43:27,115673.54,MRT007,EKEDC Electricity,Utilities,Mobile App,Kano,Kano,0,
TXN0005537,ACC00107,2024-05-25 21:35:45,56844.18,MRT003,MTN Airtime Top-up,Telecom,POS,Ibadan,Ibadan,0,
TXN0000658,ACC00012,2024-05-16 09:18:24,94397.97,MRT004,Netflix Subscription,Streaming,Web,Kano,Kano,0,
TXN0002073,ACC00038,2024-04-05 06:14:15,66912.31,MRT010,Konga Electronics,E-commerce,USSD,Abuja,Abuja,0,
TXN0000270,ACC00006,2024-10-03 06:44:15,127749.32,MRT009,Bolt Ride Hailing,Transport,POS,Abuja,Abuja,0,
TXN0001050,ACC00020,2024-03-09 06:17:47,12755.07,MRT010,Konga Electronics,E-commerce,POS,Port Harcourt,Port Harcourt,0,
TXN0005963,ACC00112,2024-09-01 00:34:11,118052.12,MRT003,MTN Airtime Top-up,Telecom,POS,Abuja,Abuja,0,
TXN0006255,ACC00120,2024-01-09 06:13:45,21963.14,MRT009,Bolt Ride Hailing,Transport,ATM,Ibadan,Ibadan,0,
TXN0005090,ACC00098,2024-09-17 13:50:22,73497.52,MRT003,MTN Airtime Top-up,Telecom,ATM,Ibadan,Ibadan,0,
TXN0003112,ACC00059,2024-12-12 12:34:57,65289.95,MRT001,Shoprite Ikeja,Grocery,USSD,Lagos,Lagos,0,
TXN0000817,ACC00016,2024-07-20 19:50:41,137615.71,MRT008,ATM Withdrawal UBA,ATM,Mobile App,Ibadan,Ibadan,0,
TXN0003673,ACC00069,2024-02-04 14:31:32,141949.0,MRT002,POS Terminal Lekki,POS,USSD,Abuja,Abuja,0,
TXN0005499,ACC00106,2024-10-18 14:55:49,37743.96,MRT006,Chicken Republic VI,Food & Dining,Mobile App,Ibadan,Ibadan,0,
TXN0004319,ACC00082,2024-11-04 14:46:38,74151.59,MRT004,Netflix Subscription,Streaming,Web,Abuja,Abuja,0,
TXN0003411,ACC00065,2024-10-16 12:09:54,61173.77,MRT009,Bolt Ride Hailing,Transport,USSD,Port Harcourt,Port Harcourt,0,
TXN0005608,ACC00108,2024-11-29 03:13:29,27007.91,MRT004,Netflix Subscription,Streaming,USSD,Kano,Kano,0,
TXN0003213,ACC00060,2024-09-15 04:46:43,49399.86,MRT008,ATM Withdrawal UBA,ATM,USSD,Port Harcourt,Port Harcourt,0,
TXN0000508,ACC00010,2024-01-24 11:26:09,95840.42,MRT010,Konga Electronics,E-commerce,USSD,Ibadan,Ibadan,0,
TXN0000413,ACC00008,2024-06-07 00:39:08,71878.55,MRT008,ATM Withdrawal UBA,ATM,Web,Ibadan,Ibadan,0,
TXN0003041,ACC00058,2024-08-02 22:08:01,9591.52,MRT004,Netflix Subscription,Streaming,POS,Lagos,Lagos,0,
TXN0002376,ACC00044,2024-09-20 06:45:36,35417.02,MRT008,ATM Withdrawal UBA,ATM,ATM,Kano,Kano,0,
TXN0005660,ACC00108,2024-10-26 02:31:38,50245.15,MRT015,Sports Betting GG,Gambling,Web,Nairobi,Kano,1,Geographic anomaly: transaction far from home city
TXN0005507,ACC00106,2024-03-04 11:03:35,657948.08,MRT014,FX Bureau Lagos,FX,Web,London,Ibadan,1,Foreign transaction: cross-border anomaly
TXN0001034,ACC00020,2024-03-23 05:31:52,135891.39,MRT007,EKEDC Electricity,Utilities,USSD,Port Harcourt,Port Harcourt,0,
TXN0001737,ACC00033,2024-02-15 06:28:14,138549.76,MRT003,MTN Airtime Top-up,Telecom,ATM,Lagos,Lagos,0,
TXN0002398,ACC00044,2024-10-13 04:34:21,46964.44,MRT001,Shoprite Ikeja,Grocery,USSD,Kano,Kano,0,
TXN0002911,ACC00056,2024-02-02 21:04:47,40891.14,MRT001,Shoprite Ikeja,Grocery,Mobile App,Abuja,Abuja,0,
TXN0001175,ACC00023,2024-04-07 11:14:51,128846.05,MRT009,Bolt Ride Hailing,Transport,Mobile App,Abuja,Abuja,0,
TXN0003871,ACC00073,2024-09-22 15:52:43,64635.12,MRT010,Konga Electronics,E-commerce,Mobile App,Lagos,Lagos,0,
TXN0003436,ACC00065,2024-11-30 10:23:53,108137.23,MRT002,POS Terminal Lekki,POS,ATM,Port Harcourt,Port Harcourt,0,
TXN0001705,ACC00033,2024-03-04 14:38:11,109426.52,MRT007,EKEDC Electricity,Utilities,ATM,Lagos,Lagos,0,
TXN0002873,ACC00055,2024-05-18 17:17:35,5120.25,MRT008,ATM Withdrawal UBA,ATM,USSD,Lagos,Lagos,0,
TXN0000077,ACC00002,2024-11-11 22:59:06,5986.22,MRT009,Bolt Ride Hailing,Transport,Mobile App,Lagos,Lagos,0,
TXN0000778,ACC00016,2024-04-09 16:13:31,108201.83,MRT002,POS Terminal Lekki,POS,Mobile App,Ibadan,Ibadan,0,
TXN0004511,ACC00086,2024-06-18 01:57:14,78141.22,MRT001,Shoprite Ikeja,Grocery,Mobile App,Port Harcourt,Port Harcourt,0,
TXN0001430,ACC00028,2024-08-07 09:38:49,83498.99,MRT006,Chicken Republic VI,Food & Dining,Mobile App,Ibadan,Ibadan,0,
TXN0001622,ACC00031,2024-04-02 02:06:11,130548.0,MRT007,EKEDC Electricity,Utilities,ATM,Ibadan,Ibadan,0,
TXN0001685,ACC00032,2024-02-27 10:56:24,67540.15,MRT006,Chicken Republic VI,Food & Dining,Web,Port Harcourt,Port Harcourt,0,
TXN0005689,ACC00109,2024-06-19 17:09:10,39163.66,MRT001,Shoprite Ikeja,Grocery,POS,Port Harcourt,Port Harcourt,0,
TXN0001255,ACC00025,2024-01-01 06:42:33,57167.01,MRT009,Bolt Ride Hailing,Transport,Web,Port Harcourt,Port Harcourt,0,
TXN0001840,ACC00035,2024-12-15 17:57:58,134567.6,MRT007,EKEDC Electricity,Utilities,Mobile App,Port Harcourt,Port Harcourt,0,
TXN0003357,ACC00063,2024-08-15 04:00:25,93827.64,MRT003,MTN Airtime Top-up,Telecom,USSD,Lagos,Lagos,0,
TXN0000983,ACC00019,2024-08-27 06:33:01,129793.8,MRT009,Bolt Ride Hailing,Transport,USSD,Kano,Kano,0,
TXN0006140,ACC00118,2024-01-24 12:22:01,82181.89,MRT007,EKEDC Electricity,Utilities,Mobile App,Port Harcourt,Port Harcourt,0,
TXN0000897,ACC00018,2024-02-17 19:57:10,106810.96,MRT006,Chicken Republic VI,Food & Dining,Mobile App,Abuja,Abuja,0,
TXN0001000,ACC00020,2024-03-02 21:26:26,81690.48,MRT007,EKEDC Electricity,Utilities,ATM,Port Harcourt,Port Harcourt,0,
TXN0001262,ACC00025,2024-01-18 00:02:01,27206.5,MRT003,MTN Airtime Top-up,Telecom,Mobile App,Port Harcourt,Port Harcourt,0,
TXN0004578,ACC00087,2024-10-27 10:58:51,129503.33,MRT003,MTN Airtime Top-up,Telecom,USSD,Kano,Kano,0,
TXN0002534,ACC00048,2024-05-27 17:08:37,78983.19,MRT007,EKEDC Electricity,Utilities,Web,Kano,Kano,0,
TXN0001148,ACC00022,2024-01-30 12:38:23,139743.74,MRT009,Bolt Ride Hailing,Transport,ATM,Abuja,Abuja,0,
TXN0004983,ACC00096,2024-10-23 15:12:54,92184.33,MRT006,Chicken Republic VI,Food & Dining,ATM,Port Harcourt,Port Harcourt,0,
TXN0001740,ACC00033,2024-07-22 03:50:31,26244.97,MRT006,Chicken Republic VI,Food & Dining,POS,Lagos,Lagos,0,
TXN0005246,ACC00101,2024-04-17 13:48:37,33243.12,MRT003,MTN Airtime Top-up,Telecom,Web,Kano,Kano,0,
TXN0006181,ACC00119,2024-11-10 00:06:08,43083.14,MRT009,Bolt Ride Hailing,Transport,Web,Kano,Kano,0,
TXN0004990,ACC00096,2024-10-03 02:41:35,148749.73,MRT008,ATM Withdrawal UBA,ATM,Web,Port Harcourt,Port Harcourt,0,
TXN0000453,ACC00009,2024-03-10 21:32:51,114991.24,MRT003,MTN Airtime Top-up,Telecom,ATM,Lagos,Lagos,0,
TXN0000129,ACC00003,2024-11-19 10:37:16,116473.28,MRT005,Jumia Online Store,E-commerce,Web,Kano,Kano,0,
TXN0002104,ACC00039,2024-12-09 06:50:23,95457.9,MRT006,Chicken Republic VI,Food & Dining,ATM,Ibadan,Ibadan,0,
TXN0002513,ACC00048,2024-10-17 03:23:37,1368.63,MRT007,EKEDC Electricity,Utilities,Web,Kano,Kano,0,
TXN0004095,ACC00078,2024-04-14 18:03:28,19122.21,MRT008,ATM Withdrawal UBA,ATM,Web,Abuja,Abuja,0,
TXN0002382,ACC00044,2024-11-05 10:54:28,45551.57,MRT002,POS Terminal Lekki,POS,USSD,Kano,Kano,0,
TXN0002563,ACC00049,2024-03-25 14:06:54,104659.9,MRT010,Konga Electronics,E-commerce,USSD,Lagos,Lagos,0,
TXN0001689,ACC00032,2024-07-16 01:23:41,97262.97,MRT006,Chicken Republic VI,Food & Dining,POS,Port Harcourt,Port Harcourt,0,
TXN0004417,ACC00084,2024-09-28 09:03:35,77934.28,MRT002,POS Terminal Lekki,POS,USSD,Ibadan,Ibadan,0,
TXN0005178,ACC00100,2024-12-19 08:29:04,143334.06,MRT002,POS Terminal Lekki,POS,POS,Abuja,Abuja,0,
TXN0002738,ACC00053,2024-04-29 09:08:41,101158.47,MRT007,EKEDC Electricity,Utilities,Mobile App,Kano,Kano,0,
TXN0000877,ACC00017,2024-07-13 08:47:14,130190.91,MRT002,POS Terminal Lekki,POS,ATM,Abuja,Abuja,0,
TXN0005933,ACC00112,2024-05-30 21:09:21,6574.25,MRT004,Netflix Subscription,Streaming,Mobile App,Abuja,Abuja,0,
TXN0001602,ACC00031,2024-03-10 16:14:56,106157.82,MRT002,POS Terminal Lekki,POS,USSD,Ibadan,Ibadan,0,
TXN0000721,ACC00014,2024-02-12 07:42:01,16295.83,MRT003,MTN Airtime Top-up,Telecom,ATM,Lagos,Lagos,0,
TXN0002137,ACC00039,2024-03-17 11:01:29,49719.08,MRT003,MTN Airtime Top-up,Telecom,Mobile App,Ibadan,Ibadan,0,
TXN0004589,ACC00087,2024-01-26 22:33:58,3898.89,MRT005,Jumia Online Store,E-commerce,USSD,Kano,Kano,0,
TXN0005947,ACC00112,2024-06-20 12:09:59,107559.05,MRT003,MTN Airtime Top-up,Telecom,Mobile App,Abuja,Abuja,0,
TXN0000952,ACC00019,2024-11-18 07:04:42,82379.74,MRT005,Jumia Online Store,E-commerce,POS,Kano,Kano,0,
TXN0002836,ACC00055,2024-10-16 08:08:44,36464.09,MRT002,POS Terminal Lekki,POS,ATM,Lagos,Lagos,0,
TXN0004043,ACC00077,2024-11-29 03:42:02,22237.69,MRT009,Bolt Ride Hailing,Transport,Mobile App,Ibadan,Ibadan,0,
TXN0003808,ACC00072,2024-07-09 03:29:13,135919.59,MRT006,Chicken Republic VI,Food & Dining,Mobile App,Abuja,Abuja,0,
TXN0002127,ACC00039,2024-09-26 03:05:45,92361.25,MRT009,Bolt Ride Hailing,Transport,USSD,Ibadan,Ibadan,0,
TXN0006122,ACC00117,2024-07-13 06:07:25,132334.46,MRT010,Konga Electronics,E-commerce,ATM,Kano,Kano,0,
TXN0004627,ACC00088,2024-05-07 08:09:42,13385.27,MRT003,MTN Airtime Top-up,Telecom,ATM,Abuja,Abuja,0,
TXN0005409,ACC00104,2024-09-02 01:01:18,135066.33,MRT010,Konga Electronics,E-commerce,POS,Kano,Kano,0,
TXN0002283,ACC00042,2024-10-08 04:16:34,7079.87,MRT003,MTN Airtime Top-up,Telecom,USSD,Abuja,Abuja,0,
TXN0002275,ACC00042,2024-03-24 22:49:04,104662.98,MRT008,ATM Withdrawal UBA,ATM,USSD,Abuja,Abuja,0,
TXN0006214,ACC00119,2024-07-07 09:35:40,69418.83,MRT010,Konga Electronics,E-commerce,Web,Kano,Kano,0,
TXN0003944,ACC00074,2024-11-27 03:34:00,93081.87,MRT001,Shoprite Ikeja,Grocery,Mobile App,Ibadan,Ibadan,0,
TXN0002951,ACC00057,2024-12-24 05:09:56,9758.03,MRT002,POS Terminal Lekki,POS,POS,Lagos,Lagos,0,
TXN0001839,ACC00035,2024-05-01 21:48:16,45047.89,MRT010,Konga Electronics,E-commerce,Mobile App,Port Harcourt,Port Harcourt,0,
TXN0001560,ACC00030,2024-01-24 07:47:13,143363.05,MRT005,Jumia Online Store,E-commerce,POS,Abuja,Abuja,0,
TXN0000164,ACC00003,2024-01-02 02:25:45,128831.72,MRT005,Jumia Online Store,E-commerce,Web,Kano,Kano,0,
TXN0003158,ACC00059,2024-11-29 17:17:06,117823.38,MRT005,Jumia Online Store,E-commerce,ATM,Lagos,Lagos,0,
TXN0004798,ACC00092,2024-03-09 09:43:02,13970.02,MRT002,POS Terminal Lekki,POS,Mobile App,Ibadan,Ibadan,0,
TXN0005652,ACC00108,2024-04-23 18:39:11,80288.78,MRT010,Konga Electronics,E-commerce,POS,Kano,Kano,0,
TXN0002047,ACC00038,2024-12-01 06:16:30,18149.69,MRT009,Bolt Ride Hailing,Transport,Web,Abuja,Abuja,0,
TXN0004733,ACC00090,2024-07-20 10:27:36,99941.02,MRT002,POS Terminal Lekki,POS,Web,Abuja,Abuja,0,
TXN0001606,ACC00031,2024-08-25 02:37:35,89642.66,MRT001,Shoprite Ikeja,Grocery,ATM,Ibadan,Ibadan,0,
TXN0000400,ACC00008,2024-10-26 11:51:54,105882.69,MRT005,Jumia Online Store,E-commerce,ATM,Ibadan,Ibadan,0,
TXN0000729,ACC00014,2024-11-27 21:27:41,83615.09,MRT008,ATM Withdrawal UBA,ATM,USSD,Lagos,Lagos,0,
TXN0000462,ACC00009,2024-01-13 12:17:13,92431.02,MRT007,EKEDC Electricity,Utilities,Mobile App,Lagos,Lagos,0,
TXN0001294,ACC00025,2024-11-10 23:45:35,14239.82,MRT005,Jumia Online Store,E-commerce,ATM,Port Harcourt,Port Harcourt,0,
TXN0004482,ACC00086,2024-07-10 07:11:17,20638.69,MRT004,Netflix Subscription,Streaming,POS,Port Harcourt,Port Harcourt,0,
TXN0003995,ACC00076,2024-06-12 20:33:22,99406.97,MRT006,Chicken Republic VI,Food & Dining,Mobile App,Port Harcourt,Port Harcourt,0,
TXN0000670,ACC00013,2024-02-21 06:10:10,129191.69,MRT007,EKEDC Electricity,Utilities,USSD,Port Harcourt,Port Harcourt,0,
TXN0005512,ACC00107,2024-06-09 18:00:49,93533.64,MRT002,POS Terminal Lekki,POS,USSD,Ibadan,Ibadan,0,
TXN0005360,ACC00103,2024-02-18 10:06:49,59765.65,MRT003,MTN Airtime Top-up,Telecom,POS,Lagos,Lagos,0,
TXN0001420,ACC00028,2024-01-05 09:17:53,103657.55,MRT004,Netflix Subscription,Streaming,POS,Ibadan,Ibadan,0,
TXN0001251,ACC00025,2024-07-30 02:54:38,48890.29,MRT006,Chicken Republic VI,Food & Dining,ATM,Port Harcourt,Port Harcourt,0,
TXN0003238,ACC00061,2024-11-27 02:34:59,98438.23,MRT004,Netflix Subscription,Streaming,Mobile App,Kano,Kano,0,
TXN0004593,ACC00088,2024-03-07 12:09:05,52038.8,MRT004,Netflix Subscription,Streaming,ATM,Abuja,Abuja,0,
TXN0004120,ACC00079,2024-10-01 14:41:31,14310.33,MRT003,MTN Airtime Top-up,Telecom,USSD,Kano,Kano,0,
TXN0002872,ACC00055,2024-11-28 12:58:23,99075.35,MRT004,Netflix Subscription,Streaming,Web,Lagos,Lagos,0,
TXN0004080,ACC00077,2024-07-17 11:58:07,131943.03,MRT011,Unknown Vendor XJ9,Unknown,Web,Ibadan,Ibadan,1,Unknown or unregistered merchant
TXN0003116,ACC00059,2024-07-01 13:47:35,72933.82,MRT003,MTN Airtime Top-up,Telecom,Web,Lagos,Lagos,0,
TXN0005891,ACC00111,2024-08-14 22:30:02,52937.96,MRT009,Bolt Ride Hailing,Transport,ATM,Ibadan,Ibadan,0,
TXN0004224,ACC00080,2024-02-18 23:25:40,108554.07,MRT003,MTN Airtime Top-up,Telecom,POS,Abuja,Abuja,0,
TXN0000584,ACC00011,2024-06-19 04:00:09,48176.97,MRT008,ATM Withdrawal UBA,ATM,POS,Abuja,Abuja,0,
TXN0002590,ACC00050,2024-02-12 17:36:19,114635.14,MRT001,Shoprite Ikeja,Grocery,Mobile App,Kano,Kano,0,
TXN0004411,ACC00084,2024-12-18 15:11:06,76508.19,MRT001,Shoprite Ikeja,Grocery,USSD,Ibadan,Ibadan,0,
TXN0002078,ACC00038,2024-07-29 09:44:55,43160.08,MRT003,MTN Airtime Top-up,Telecom,Web,Abuja,Abuja,0,
TXN0005866,ACC00111,2024-07-11 05:06:29,20915.94,MRT004,Netflix Subscription,Streaming,USSD,Ibadan,Ibadan,0,
TXN0000040,ACC00001,2024-04-17 09:09:47,146502.75,MRT010,Konga Electronics,E-commerce,USSD,Lagos,Lagos,0,
TXN0003747,ACC00070,2024-05-31 23:17:27,23388.08,MRT007,EKEDC Electricity,Utilities,POS,Port Harcourt,Port Harcourt,0,
TXN0003078,ACC00058,2024-07-18 23:11:19,137834.14,MRT009,Bolt Ride Hailing,Transport,ATM,Lagos,Lagos,0,
TXN0002071,ACC00038,2024-12-14 07:22:51,18482.33,MRT001,Shoprite Ikeja,Grocery,USSD,Abuja,Abuja,0,
TXN0004742,ACC00091,2024-09-23 23:48:16,30149.02,MRT004,Netflix Subscription,Streaming,Web,Ibadan,Ibadan,0,
TXN0000533,ACC00010,2024-05-12 06:33:16,115466.35,MRT010,Konga Electronics,E-commerce,USSD,Ibadan,Ibadan,0,
TXN0005795,ACC00110,2024-08-15 02:34:27,85430.92,MRT008,ATM Withdrawal UBA,ATM,POS,Lagos,Lagos,0,
TXN0005193,ACC00100,2024-05-09 18:43:48,1703.47,MRT006,Chicken Republic VI,Food & Dining,Web,Abuja,Abuja,0,
TXN0001474,ACC00029,2024-08-17 08:11:38,36167.01,MRT007,EKEDC Electricity,Utilities,Web,Port Harcourt,Port Harcourt,0,
TXN0000785,ACC00016,2024-01-29 19:35:52,25930.73,MRT006,Chicken Republic VI,Food & Dining,ATM,Ibadan,Ibadan,0,
TXN0000732,ACC00014,2024-02-20 18:21:15,123639.18,MRT004,Netflix Subscription,Streaming,POS,Lagos,Lagos,0,
TXN0003164,ACC00059,2024-01-07 16:25:56,109269.84,MRT008,ATM Withdrawal UBA,ATM,POS,Lagos,Lagos,0,
TXN0002965,ACC00057,2024-08-28 04:38:26,128086.53,MRT009,Bolt Ride Hailing,Transport,Mobile App,Lagos,Lagos,0,
TXN0005869,ACC00111,2024-09-11 02:58:12,26163.94,MRT008,ATM Withdrawal UBA,ATM,Mobile App,Ibadan,Ibadan,0,
TXN0001258,ACC00025,2024-09-12 15:42:07,122947.94,MRT009,Bolt Ride Hailing,Transport,Web,Port Harcourt,Port Harcourt,0,
TXN0002780,ACC00054,2024-05-01 00:11:02,119217.88,MRT003,MTN Airtime Top-up,Telecom,ATM,Ibadan,Ibadan,0,
TXN0004752,ACC00091,2024-03-19 21:50:07,83613.65,MRT006,Chicken Republic VI,Food & Dining,POS,Ibadan,Ibadan,0,
TXN0000121,ACC00003,2024-12-15 23:52:50,101802.83,MRT005,Jumia Online Store,E-commerce,Web,Kano,Kano,0,
TXN0001423,ACC00028,2024-09-23 08:27:10,51533.56,MRT006,Chicken Republic VI,Food & Dining,USSD,Ibadan,Ibadan,0,
TXN0003928,ACC00073,2024-05-25 08:44:03,58568.76,MRT009,Bolt Ride Hailing,Transport,Web,Lagos,Lagos,0,
TXN0000559,ACC00010,2024-07-05 00:41:39,27056.77,MRT006,Chicken Republic VI,Food & Dining,ATM,Ibadan,Ibadan,0,
TXN0004231,ACC00081,2024-07-12 06:07:33,98920.25,MRT008,ATM Withdrawal UBA,ATM,ATM,Abuja,Abuja,0,
TXN0002675,ACC00051,2024-07-31 11:40:39,75087.38,MRT002,POS Terminal Lekki,POS,ATM,Abuja,Abuja,0,
TXN0004538,ACC00087,2024-11-18 10:47:27,96441.52,MRT009,Bolt Ride Hailing,Transport,USSD,Kano,Kano,0,
TXN0001629,ACC00032,2024-06-27 02:15:55,26094.6,MRT007,EKEDC Electricity,Utilities,POS,Port Harcourt,Port Harcourt,0,
TXN0002176,ACC00041,2024-05-20 21:42:03,11522.81,MRT001,Shoprite Ikeja,Grocery,Mobile App,Ibadan,Ibadan,0,
TXN0004718,ACC00090,2024-08-27 14:00:16,58180.93,MRT007,EKEDC Electricity,Utilities,USSD,Abuja,Abuja,0,
TXN0001370,ACC00026,2024-09-06 02:13:25,78337.04,MRT001,Shoprite Ikeja,Grocery,ATM,Ibadan,Ibadan,0,
TXN0002163,ACC00040,2024-08-22 07:26:18,44014.06,MRT006,Chicken Republic VI,Food & Dining,Mobile App,Abuja,Abuja,0,
TXN0005114,ACC00098,2024-02-05 12:31:57,86366.96,MRT002,POS Terminal Lekki,POS,Mobile App,Ibadan,Ibadan,0,
TXN0005312,ACC00102,2024-12-28 09:21:25,8369.55,MRT005,Jumia Online Store,E-commerce,POS,Kano,Kano,0,
TXN0004930,ACC00095,2024-05-04 17:57:52,76901.01,MRT009,Bolt Ride Hailing,Transport,ATM,Port Harcourt,Port Harcourt,0,
TXN0005890,ACC00111,2024-04-14 23:49:46,124160.61,MRT006,Chicken Republic VI,Food & Dining,POS,Ibadan,Ibadan,0,
TXN0005727,ACC00109,2024-09-22 17:52:11,47362.41,MRT002,POS Terminal Lekki,POS,Mobile App,Port Harcourt,Port Harcourt,0,
TXN0001233,ACC00024,2024-07-21 09:22:07,71187.42,MRT004,Netflix Subscription,Streaming,POS,Lagos,Lagos,0,
TXN0002360,ACC00044,2024-04-01 04:18:33,73036.56,MRT008,ATM Withdrawal UBA,ATM,Mobile App,Kano,Kano,0,
TXN0005828,ACC00111,2024-07-15 23:58:44,31229.19,MRT008,ATM Withdrawal UBA,ATM,ATM,Ibadan,Ibadan,0,
TXN0002184,ACC00041,2024-05-11 09:57:38,46108.32,MRT004,Netflix Subscription,Streaming,Web,Ibadan,Ibadan,0,
TXN0003085,ACC00058,2024-10-08 01:26:32,137493.11,MRT010,Konga Electronics,E-commerce,USSD,Lagos,Lagos,0,
TXN0002917,ACC00056,2024-04-26 20:31:07,108011.74,MRT005,Jumia Online Store,E-commerce,Mobile App,Abuja,Abuja,0,
TXN0004047,ACC00077,2024-06-06 19:50:34,112979.46,MRT001,Shoprite Ikeja,Grocery,Mobile App,Ibadan,Ibadan,0,
TXN0003157,ACC00059,2024-11-03 19:45:14,29545.47,MRT007,EKEDC Electricity,Utilities,USSD,Lagos,Lagos,0,
TXN0004288,ACC00081,2024-05-02 09:35:56,13241.18,MRT008,ATM Withdrawal UBA,ATM,Mobile App,Abuja,Abuja,0,
TXN0003768,ACC00070,2024-02-18 13:18:36,347058.96,MRT014,FX Bureau Lagos,FX,Web,Dubai,Port Harcourt,1,Foreign transaction: cross-border anomaly
TXN0006252,ACC00120,2024-02-22 05:20:23,45032.86,MRT003,MTN Airtime Top-up,Telecom,ATM,Ibadan,Ibadan,0,
TXN0003630,ACC00068,2024-12-13 21:16:36,113338.24,MRT006,Chicken Republic VI,Food & Dining,Web,Abuja,Abuja,0,
TXN0000063,ACC00002,2024-01-28 17:35:16,25305.46,MRT001,Shoprite Ikeja,Grocery,POS,Lagos,Lagos,0,
TXN0000236,ACC00005,2024-08-26 20:17:37,76306.64,MRT010,Konga Electronics,E-commerce,ATM,Kano,Kano,0,
TXN0003934,ACC00074,2024-03-18 17:27:52,110487.53,MRT010,Konga Electronics,E-commerce,POS,Ibadan,Ibadan,0,
TXN0004458,ACC00085,2024-01-09 01:01:31,131977.19,MRT004,Netflix Subscription,Streaming,Web,Lagos,Lagos,0,
TXN0005545,ACC00107,2024-01-05 00:13:49,92270.53,MRT006,Chicken Republic VI,Food & Dining,ATM,Ibadan,Ibadan,0,
TXN0001540,ACC00029,2024-05-28 08:32:10,320982.04,MRT015,Sports Betting GG,Gambling,Web,New York,Port Harcourt,1,Foreign transaction: cross-border anomaly
TXN0000699,ACC00013,2024-08-09 23:06:04,18350.44,MRT006,Chicken Republic VI,Food & Dining,Mobile App,Port Harcourt,Port Harcourt,0,
TXN0001899,ACC00036,2024-12-12 12:08:54,6648.19,MRT009,Bolt Ride Hailing,Transport,Web,Ibadan,Ibadan,0,
TXN0000731,ACC00014,2024-02-17 04:01:35,9719.54,MRT001,Shoprite Ikeja,Grocery,Web,Lagos,Lagos,0,
TXN0004884,ACC00093,2024-08-09 23:20:53,89523.35,MRT009,Bolt Ride Hailing,Transport,USSD,Ibadan,Ibadan,0,
TXN0005372,ACC00103,2024-02-29 22:01:18,27206.41,MRT003,MTN Airtime Top-up,Telecom,POS,Lagos,Lagos,0,
TXN0004349,ACC00082,2024-12-17 09:24:29,3063.29,MRT003,MTN Airtime Top-up,Telecom,Web,Abuja,Abuja,0,
TXN0004841,ACC00093,2024-11-11 17:40:57,54487.61,MRT005,Jumia Online Store,E-commerce,USSD,Ibadan,Ibadan,0,
TXN0003214,ACC00060,2024-10-22 03:46:57,36495.55,MRT002,POS Terminal Lekki,POS,ATM,Port Harcourt,Port Harcourt,0,
TXN0003308,ACC00062,2024-11-08 01:37:52,24552.12,MRT001,Shoprite Ikeja,Grocery,Web,Lagos,Lagos,0,
TXN0004602,ACC00088,2024-04-25 05:42:24,40057.5,MRT005,Jumia Online Store,E-commerce,Mobile App,Abuja,Abuja,0,
TXN0002726,ACC00052,2024-03-09 16:46:56,89436.33,MRT009,Bolt Ride Hailing,Transport,USSD,Port Harcourt,Port Harcourt,0,
TXN0000030,ACC00001,2024-08-03 20:20:52,77735.77,MRT001,Shoprite Ikeja,Grocery,Web,Lagos,Lagos,0,
TXN0004422,ACC00084,2024-12-01 02:40:42,13003.25,MRT001,Shoprite Ikeja,Grocery,Web,Ibadan,Ibadan,0,
TXN0004820,ACC00092,2024-07-25 05:43:07,51687.35,MRT002,POS Terminal Lekki,POS,POS,Ibadan,Ibadan,0,
TXN0004725,ACC00090,2024-10-01 18:59:28,121255.51,MRT009,Bolt Ride Hailing,Transport,Mobile App,Abuja,Abuja,0,
TXN0005046,ACC00097,2024-03-22 14:10:59,77803.62,MRT003,MTN Airtime Top-up,Telecom,USSD,Kano,Kano,0,
TXN0005738,ACC00109,2024-04-11 17:57:10,100000,MRT015,Sports Betting GG,Gambling,Web,Port Harcourt,Port Harcourt,1,Suspicious round amount: possible structuring
TXN0003926,ACC00073,2024-06-03 05:59:59,23262.25,MRT004,Netflix Subscription,Streaming,Mobile App,Lagos,Lagos,0,
TXN0005032,ACC00097,2024-12-05 11:30:51,110433.5,MRT009,Bolt Ride Hailing,Transport,USSD,Kano,Kano,0,
TXN0002833,ACC00055,2024-03-13 23:51:12,42036.85,MRT002,POS Terminal Lekki,POS,Web,Lagos,Lagos,0,
TXN0003047,ACC00058,2024-01-28 17:25:57,131440.04,MRT007,EKEDC Electricity,Utilities,Web,Lagos,Lagos,0,
TXN0004237,ACC00081,2024-07-18 03:29:49,74555.97,MRT010,Konga Electronics,E-commerce,POS,Abuja,Abuja,0,
TXN0002601,ACC00050,2024-03-29 00:45:55,58114.77,MRT007,EKEDC Electricity,Utilities,POS,Kano,Kano,0,
TXN0000096,ACC00002,2024-12-02 00:48:47,67258.84,MRT003,MTN Airtime Top-up,Telecom,ATM,Lagos,Lagos,0,
TXN0005272,ACC00101,2024-09-22 23:20:14,90896.54,MRT005,Jumia Online Store,E-commerce,Web,Kano,Kano,0,
TXN0003716,ACC00070,2024-12-19 15:59:09,15248.28,MRT004,Netflix Subscription,Streaming,Web,Port Harcourt,Port Harcourt,0,
TXN0001700,ACC00033,2024-01-22 18:24:05,59934.92,MRT006,Chicken Republic VI,Food & Dining,ATM,Lagos,Lagos,0,
TXN0002050,ACC00038,2024-08-21 15:19:13,16995.26,MRT007,EKEDC Electricity,Utilities,POS,Abuja,Abuja,0,
TXN0005479,ACC00106,2024-10-30 11:27:51,124763.67,MRT009,Bolt Ride Hailing,Transport,Mobile App,Ibadan,Ibadan,0,
TXN0000922,ACC00018,2024-06-04 10:36:08,41139.05,MRT008,ATM Withdrawal UBA,ATM,ATM,Abuja,Abuja,0,
TXN0004666,ACC00088,2024-09-03 04:49:59,102687.08,MRT003,MTN Airtime Top-up,Telecom,USSD,Abuja,Abuja,0,
TXN0002650,ACC00050,2024-11-17 06:33:47,25141.24,MRT007,EKEDC Electricity,Utilities,POS,Kano,Kano,0,
TXN0001404,ACC00027,2024-12-27 18:01:16,14422.38,MRT001,Shoprite Ikeja,Grocery,POS,Kano,Kano,0,
TXN0003129,ACC00059,2024-09-13 13:21:29,52463.0,MRT002,POS Terminal Lekki,POS,ATM,Lagos,Lagos,0,
TXN0001326,ACC00026,2024-10-10 11:22:51,104413.14,MRT003,MTN Airtime Top-up,Telecom,Mobile App,Ibadan,Ibadan,0,
TXN0001488,ACC00029,2024-04-26 09:44:08,119254.83,MRT010,Konga Electronics,E-commerce,POS,Port Harcourt,Port Harcourt,0,
TXN0000594,ACC00011,2024-03-13 14:35:31,49234.74,MRT006,Chicken Republic VI,Food & Dining,ATM,Abuja,Abuja,0,
TXN0003464,ACC00066,2024-10-14 00:08:14,119722.46,MRT004,Netflix Subscription,Streaming,USSD,Lagos,Lagos,0,
TXN0000314,ACC00006,2024-10-09 06:24:04,92420.3,MRT006,Chicken Republic VI,Food & Dining,ATM,Abuja,Abuja,0,
TXN0000993,ACC00019,2024-06-15 09:58:56,83711.49,MRT005,Jumia Online Store,E-commerce,Web,Kano,Kano,0,
TXN0005212,ACC00100,2024-10-13 04:50:26,115774.37,MRT010,Konga Electronics,E-commerce,POS,Abuja,Abuja,0,
TXN0001107,ACC00021,2024-05-25 15:31:54,103321.13,MRT004,Netflix Subscription,Streaming,POS,Ibadan,Ibadan,0,
TXN0003914,ACC00073,2024-09-26 18:00:59,82440.58,MRT003,MTN Airtime Top-up,Telecom,Mobile App,Lagos,Lagos,0,
TXN0002967,ACC00057,2024-08-09 00:53:06,19515.26,MRT002,POS Terminal Lekki,POS,USSD,Lagos,Lagos,0,
TXN0005909,ACC00112,2024-04-18 04:45:48,40717.82,MRT009,Bolt Ride Hailing,Transport,ATM,Abuja,Abuja,0,
TXN0000690,ACC00013,2024-04-12 02:52:06,94316.16,MRT010,Konga Electronics,E-commerce,ATM,Port Harcourt,Port Harcourt,0,
TXN0002815,ACC00054,2024-01-30 03:26:37,49734.68,MRT005,Jumia Online Store,E-commerce,USSD,Ibadan,Ibadan,0,
TXN0000759,ACC00015,2024-02-05 01:15:35,35277.19,MRT001,Shoprite Ikeja,Grocery,Web,Abuja,Abuja,0,
TXN0005607,ACC00108,2024-03-04 16:43:19,113564.83,MRT008,ATM Withdrawal UBA,ATM,Web,Kano,Kano,0,
TXN0006071,ACC00116,2024-05-23 00:48:49,56870.02,MRT002,POS Terminal Lekki,POS,POS,Ibadan,Ibadan,0,
TXN0000914,ACC00018,2024-10-08 00:06:06,135764.52,MRT002,POS Terminal Lekki,POS,Web,Abuja,Abuja,0,
TXN0003735,ACC00070,2024-04-11 13:20:56,114267.9,MRT002,POS Terminal Lekki,POS,ATM,Port Harcourt,Port Harcourt,0,
TXN0004744,ACC00091,2024-11-21 09:25:50,49210.48,MRT001,Shoprite Ikeja,Grocery,Web,Ibadan,Ibadan,0,
TXN0005446,ACC00105,2024-12-06 14:55:00,39937.26,MRT007,EKEDC Electricity,Utilities,USSD,Kano,Kano,0,
TXN0004223,ACC00080,2024-08-16 05:36:12,22578.16,MRT002,POS Terminal Lekki,POS,ATM,Abuja,Abuja,0,
TXN0005839,ACC00111,2024-01-14 12:49:38,67806.43,MRT006,Chicken Republic VI,Food & Dining,Web,Ibadan,Ibadan,0,
TXN0002753,ACC00053,2024-08-10 01:30:17,4280.84,MRT007,EKEDC Electricity,Utilities,Web,Kano,Kano,0,
TXN0002916,ACC00056,2024-10-14 13:15:10,20892.21,MRT008,ATM Withdrawal UBA,ATM,Web,Abuja,Abuja,0,
TXN0002902,ACC00056,2024-07-14 15:53:51,70522.64,MRT006,Chicken Republic VI,Food & Dining,ATM,Abuja,Abuja,0,
TXN0005239,ACC00101,2024-08-30 19:57:28,20722.91,MRT004,Netflix Subscription,Streaming,Web,Kano,Kano,0,
TXN0004292,ACC00081,2024-11-01 07:24:49,37282.62,MRT006,Chicken Republic VI,Food & Dining,USSD,Abuja,Abuja,0,
TXN0000268,ACC00006,2024-12-05 00:58:03,8300.88,MRT005,Jumia Online Store,E-commerce,ATM,Abuja,Abuja,0,
TXN0002798,ACC00054,2024-11-07 17:56:27,75048.32,MRT008,ATM Withdrawal UBA,ATM,POS,Ibadan,Ibadan,0,
TXN0005559,ACC00107,2024-03-25 19:19:17,23169.4,MRT001,Shoprite Ikeja,Grocery,POS,Ibadan,Ibadan,0,
TXN0003218,ACC00060,2024-09-03 03:09:48,106846.48,MRT005,Jumia Online Store,E-commerce,ATM,Port Harcourt,Port Harcourt,0,
TXN0004545,ACC00087,2024-03-09 00:16:14,16699.05,MRT004,Netflix Subscription,Streaming,Web,Kano,Kano,0,
TXN0003700,ACC00069,2024-03-14 03:27:27,6717.76,MRT007,EKEDC Electricity,Utilities,Mobile App,Abuja,Abuja,0,
TXN0003889,ACC00073,2024-07-06 09:43:15,22344.97,MRT009,Bolt Ride Hailing,Transport,POS,Lagos,Lagos,0,
TXN0000039,ACC00001,2024-10-23 00:07:19,29135.38,MRT003,MTN Airtime Top-up,Telecom,ATM,Lagos,Lagos,0,
TXN0001201,ACC00024,2024-12-01 15:18:40,70345.42,MRT008,ATM Withdrawal UBA,ATM,USSD,Lagos,Lagos,0,
TXN0002839,ACC00055,2024-02-02 15:33:32,65005.31,MRT006,Chicken Republic VI,Food & Dining,Web,Lagos,Lagos,0,
TXN0002029,ACC00038,2024-10-11 06:36:20,126316.72,MRT001,Shoprite Ikeja,Grocery,POS,Abuja,Abuja,0,
TXN0001136,ACC00022,2024-03-08 23:26:32,76182.6,MRT007,EKEDC Electricity,Utilities,USSD,Abuja,Abuja,0,
TXN0003956,ACC00074,2024-03-24 16:22:40,59932.07,MRT002,POS Terminal Lekki,POS,ATM,Ibadan,Ibadan,0,
TXN0000667,ACC00013,2024-10-31 09:33:37,74485.71,MRT004,Netflix Subscription,Streaming,Mobile App,Port Harcourt,Port Harcourt,0,
TXN0001228,ACC00024,2024-01-22 18:18:54,116460.11,MRT005,Jumia Online Store,E-commerce,Mobile App,Lagos,Lagos,0,
TXN0002508,ACC00047,2024-07-10 02:12:08,13169.2,MRT004,Netflix Subscription,Streaming,USSD,Abuja,Abuja,0,
TXN0005164,ACC00100,2024-04-10 19:55:26,95240.62,MRT008,ATM Withdrawal UBA,ATM,USSD,Abuja,Abuja,0,
TXN0002525,ACC00048,2024-04-06 05:10:19,23298.11,MRT010,Konga Electronics,E-commerce,USSD,Kano,Kano,0,
TXN0003936,ACC00074,2024-05-20 04:11:20,8627.95,MRT008,ATM Withdrawal UBA,ATM,Web,Ibadan,Ibadan,0,
TXN0001538,ACC00029,2024-03-31 04:30:52,672725.27,MRT015,Sports Betting GG,Gambling,Mobile App,Port Harcourt,Port Harcourt,1,Large transaction at unusual hour (1am–4am)
TXN0004272,ACC00081,2024-06-29 16:53:04,18753.58,MRT009,Bolt Ride Hailing,Transport,USSD,Abuja,Abuja,0,
TXN0002827,ACC00054,2024-06-30 19:28:40,28593.66,MRT007,EKEDC Electricity,Utilities,Mobile App,Ibadan,Ibadan,0,
TXN0002363,ACC00044,2024-02-07 14:37:53,78589.01,MRT004,Netflix Subscription,Streaming,Mobile App,Kano,Kano,0,
TXN0002153,ACC00040,2024-12-07 17:37:05,93074.97,MRT010,Konga Electronics,E-commerce,POS,Abuja,Abuja,0,
TXN0002848,ACC00055,2024-04-13 08:57:39,10344.18,MRT004,Netflix Subscription,Streaming,Mobile App,Lagos,Lagos,0,
TXN0001744,ACC00033,2024-01-31 04:32:43,116316.5,MRT001,Shoprite Ikeja,Grocery,ATM,Lagos,Lagos,0,
TXN0000330,ACC00006,2024-08-01 14:20:41,43909.16,MRT009,Bolt Ride Hailing,Transport,POS,Abuja,Abuja,0,
TXN0005488,ACC00106,2024-08-24 16:58:11,63607.58,MRT005,Jumia Online Store,E-commerce,POS,Ibadan,Ibadan,0,
TXN0001069,ACC00021,2024-08-12 17:14:09,85738.94,MRT009,Bolt Ride Hailing,Transport,ATM,Ibadan,Ibadan,0,
TXN0002742,ACC00053,2024-08-10 05:10:24,36653.75,MRT007,EKEDC Electricity,Utilities,ATM,Kano,Kano,0,
TXN0000619,ACC00011,2024-06-19 12:25:41,116456.93,MRT002,POS Terminal Lekki,POS,Web,Abuja,Abuja,0,
TXN0003672,ACC00069,2024-09-09 04:54:43,109435.73,MRT008,ATM Withdrawal UBA,ATM,POS,Abuja,Abuja,0,
TXN0004175,ACC00079,2024-02-21 15:06:34,63047.19,MRT004,Netflix Subscription,Streaming,Web,Kano,Kano,0,
TXN0000494,ACC00009,2024-10-22 18:53:47,137192.41,MRT006,Chicken Republic VI,Food & Dining,POS,Lagos,Lagos,0,
TXN0000157,ACC00003,2024-07-30 10:47:22,9552.24,MRT006,Chicken Republic VI,Food & Dining,POS,Kano,Kano,0,
TXN0000127,ACC00003,2024-01-09 12:29:30,41534.82,MRT007,EKEDC Electricity,Utilities,USSD,Kano,Kano,0,
TXN0002797,ACC00054,2024-05-03 09:57:17,30123.49,MRT006,Chicken Republic VI,Food & Dining,Mobile App,Ibadan,Ibadan,0,
TXN0005451,ACC00105,2024-08-14 06:34:10,15413.96,MRT005,Jumia Online Store,E-commerce,Web,Kano,Kano,0,
TXN0005202,ACC00100,2024-08-09 21:04:00,96651.08,MRT001,Shoprite Ikeja,Grocery,ATM,Abuja,Abuja,0,
TXN0004020,ACC00076,2024-10-26 23:52:26,7059.26,MRT007,EKEDC Electricity,Utilities,Web,Port Harcourt,Port Harcourt,0,
TXN0003015,ACC00057,2024-05-29 09:19:16,7140.12,MRT008,ATM Withdrawal UBA,ATM,Web,Lagos,Lagos,0,
TXN0004305,ACC00082,2024-10-03 19:54:24,140313.79,MRT009,Bolt Ride Hailing,Transport,USSD,Abuja,Abuja,0,
TXN0000231,ACC00005,2024-05-05 12:31:08,23068.13,MRT006,Chicken Republic VI,Food & Dining,Mobile App,Kano,Kano,0,
TXN0001455,ACC00028,2024-04-15 06:23:19,141520.03,MRT003,MTN Airtime Top-up,Telecom,POS,Ibadan,Ibadan,0,
TXN0005863,ACC00111,2024-03-17 08:23:15,143786.21,MRT007,EKEDC Electricity,Utilities,USSD,Ibadan,Ibadan,0,
TXN0000529,ACC00010,2024-04-03 09:21:47,125280.26,MRT010,Konga Electronics,E-commerce,ATM,Ibadan,Ibadan,0,
TXN0003965,ACC00074,2024-08-05 01:44:21,118898.58,MRT008,ATM Withdrawal UBA,ATM,Mobile App,Ibadan,Ibadan,0,
TXN0003642,ACC00068,2024-04-05 06:50:38,66333.21,MRT004,Netflix Subscription,Streaming,Web,Abuja,Abuja,0,
TXN0000366,ACC00007,2024-01-10 00:01:07,141812.3,MRT002,POS Terminal Lekki,POS,USSD,Port Harcourt,Port Harcourt,0,
TXN0004407,ACC00083,2024-12-15 20:21:10,34845.8,MRT001,Shoprite Ikeja,Grocery,USSD,Port Harcourt,Port Harcourt,0,
TXN0003392,ACC00064,2024-04-23 18:36:49,124332.01,MRT007,EKEDC Electricity,Utilities,Mobile App,Lagos,Lagos,0,
TXN0004658,ACC00088,2024-09-14 16:55:18,113457.29,MRT006,Chicken Republic VI,Food & Dining,ATM,Abuja,Abuja,0,
TXN0004807,ACC00092,2024-10-29 14:50:47,74735.43,MRT010,Konga Electronics,E-commerce,Mobile App,Ibadan,Ibadan,0,
TXN0003945,ACC00074,2024-04-16 12:01:16,45865.26,MRT001,Shoprite Ikeja,Grocery,ATM,Ibadan,Ibadan,0,
TXN0003330,ACC00062,2024-12-12 16:43:21,52135.25,MRT005,Jumia Online Store,E-commerce,ATM,Lagos,Lagos,0,
TXN0005563,ACC00107,2024-10-07 16:14:14,99780.01,MRT005,Jumia Online Store,E-commerce,Web,Ibadan,Ibadan,0,
TXN0004799,ACC00092,2024-11-02 17:48:51,102614.74,MRT009,Bolt Ride Hailing,Transport,USSD,Ibadan,Ibadan,0,
TXN0005370,ACC00103,2024-10-19 23:20:36,44159.52,MRT010,Konga Electronics,E-commerce,Web,Lagos,Lagos,0,
TXN0003976,ACC00075,2024-12-11 12:59:10,51846.34,MRT001,Shoprite Ikeja,Grocery,Web,Kano,Kano,0,
TXN0003163,ACC00059,2024-04-20 11:00:51,76235.73,MRT009,Bolt Ride Hailing,Transport,ATM,Lagos,Lagos,0,
TXN0001997,ACC00037,2024-02-11 02:59:01,91643.55,MRT010,Konga Electronics,E-commerce,Mobile App,Port Harcourt,Port Harcourt,0,
TXN0005967,ACC00113,2024-02-03 02:36:57,84452.86,MRT003,MTN Airtime Top-up,Telecom,USSD,Kano,Kano,0,
TXN0005573,ACC00107,2024-10-03 05:07:58,80979.8,MRT006,Chicken Republic VI,Food & Dining,ATM,Ibadan,Ibadan,0,
TXN0002970,ACC00057,2024-03-28 00:01:44,138379.86,MRT005,Jumia Online Store,E-commerce,POS,Lagos,Lagos,0,
TXN0002498,ACC00047,2024-03-07 05:01:32,145474.4,MRT006,Chicken Republic VI,Food & Dining,POS,Abuja,Abuja,0,
TXN0005820,ACC00111,2024-12-04 07:52:53,113282.62,MRT006,Chicken Republic VI,Food & Dining,POS,Ibadan,Ibadan,0,
TXN0001894,ACC00035,2024-02-07 00:04:06,27038.17,MRT011,Unknown Vendor XJ9,Unknown,Web,London,Port Harcourt,1,Unknown or unregistered merchant
TXN0001352,ACC00026,2024-07-25 23:33:41,28028.21,MRT002,POS Terminal Lekki,POS,Web,Ibadan,Ibadan,0,
TXN0002318,ACC00043,2024-04-15 13:55:34,12462.39,MRT008,ATM Withdrawal UBA,ATM,POS,Abuja,Abuja,0,
TXN0003607,ACC00068,2024-08-05 17:49:48,125693.1,MRT010,Konga Electronics,E-commerce,ATM,Abuja,Abuja,0,
TXN0002343,ACC00044,2024-12-06 04:58:09,25290.63,MRT007,EKEDC Electricity,Utilities,ATM,Kano,Kano,0,
TXN0003151,ACC00059,2024-03-30 07:48:15,5549.81,MRT004,Netflix Subscription,Streaming,Mobile App,Lagos,Lagos,0,
TXN0003499,ACC00066,2024-07-25 02:49:40,1678744.55,MRT013,Wire Transfer INT,Wire Transfer,Mobile App,Lagos,Lagos,1,Large transaction at unusual hour (1am–4am)
TXN0006228,ACC00120,2024-10-12 12:56:30,79795.52,MRT009,Bolt Ride Hailing,Transport,USSD,Ibadan,Ibadan,0,
TXN0002749,ACC00053,2024-11-21 04:33:16,24278.45,MRT009,Bolt Ride Hailing,Transport,POS,Kano,Kano,0,
TXN0000506,ACC00010,2024-02-23 09:30:50,10661.21,MRT004,Netflix Subscription,Streaming,Web,Ibadan,Ibadan,0,
TXN0003977,ACC00075,2024-08-20 13:09:03,81261.55,MRT006,Chicken Republic VI,Food & Dining,Web,Kano,Kano,0,
TXN0005511,ACC00107,2024-09-06 09:40:25,48506.68,MRT008,ATM Withdrawal UBA,ATM,POS,Ibadan,Ibadan,0,
TXN0000512,ACC00010,2024-04-21 08:07:51,75581.3,MRT001,Shoprite Ikeja,Grocery,ATM,Ibadan,Ibadan,0,
TXN0001026,ACC00020,2024-05-28 03:01:55,123407.29,MRT007,EKEDC Electricity,Utilities,Mobile App,Port Harcourt,Port Harcourt,0,
TXN0003050,ACC00058,2024-07-01 19:06:08,93476.5,MRT005,Jumia Online Store,E-commerce,Web,Lagos,Lagos,0,
TXN0005182,ACC00100,2024-02-26 21:33:10,54521.23,MRT001,Shoprite Ikeja,Grocery,Mobile App,Abuja,Abuja,0,
TXN0005486,ACC00106,2024-03-01 06:14:58,80715.95,MRT004,Netflix Subscription,Streaming,POS,Ibadan,Ibadan,0,
TXN0004974,ACC00096,2024-11-28 20:10:00,39084.24,MRT006,Chicken Republic VI,Food & Dining,ATM,Port Harcourt,Port Harcourt,0,
TXN0002471,ACC00046,2024-03-09 05:56:06,109384.95,MRT009,Bolt Ride Hailing,Transport,POS,Abuja,Abuja,0,
TXN0004245,ACC00081,2024-06-17 21:54:46,68515.4,MRT001,Shoprite Ikeja,Grocery,USSD,Abuja,Abuja,0,
TXN0005363,ACC00103,2024-10-01 05:12:27,144566.8,MRT002,POS Terminal Lekki,POS,ATM,Lagos,Lagos,0,
TXN0003916,ACC00073,2024-10-23 05:28:35,34495.73,MRT005,Jumia Online Store,E-commerce,Mobile App,Lagos,Lagos,0,
TXN0001608,ACC00031,2024-05-15 02:13:48,1183.22,MRT007,EKEDC Electricity,Utilities,Web,Ibadan,Ibadan,0,
TXN0001941,ACC00036,2024-02-02 14:39:29,70498.77,MRT005,Jumia Online Store,E-commerce,Mobile App,Ibadan,Ibadan,0,
TXN0003475,ACC00066,2024-02-04 04:16:03,37161.39,MRT008,ATM Withdrawal UBA,ATM,USSD,Lagos,Lagos,0,
TXN0000605,ACC00011,2024-04-22 04:08:06,28471.24,MRT003,MTN Airtime Top-up,Telecom,ATM,Abuja,Abuja,0,
TXN0001485,ACC00029,2024-12-16 18:57:22,113683.12,MRT001,Shoprite Ikeja,Grocery,Web,Port Harcourt,Port Harcourt,0,
TXN0002303,ACC00043,2024-03-20 09:00:33,36090.56,MRT001,Shoprite Ikeja,Grocery,USSD,Abuja,Abuja,0,
TXN0002422,ACC00045,2024-02-09 14:13:21,56795.09,MRT003,MTN Airtime Top-up,Telecom,ATM,Lagos,Lagos,0,
TXN0000588,ACC00011,2024-03-03 04:34:22,84197.42,MRT006,Chicken Republic VI,Food & Dining,ATM,Abuja,Abuja,0,
TXN0005641,ACC00108,2024-06-09 00:10:18,88744.72,MRT007,EKEDC Electricity,Utilities,POS,Kano,Kano,0,
TXN0000073,ACC00002,2024-03-11 11:36:05,65664.81,MRT010,Konga Electronics,E-commerce,ATM,Lagos,Lagos,0,
TXN0002541,ACC00048,2024-02-09 03:10:01,28133.58,MRT007,EKEDC Electricity,Utilities,ATM,Kano,Kano,0,
TXN0004089,ACC00078,2024-03-30 12:18:25,92937.63,MRT004,Netflix Subscription,Streaming,USSD,Abuja,Abuja,0,
TXN0004613,ACC00088,2024-07-27 06:09:22,15799.53,MRT003,MTN Airtime Top-up,Telecom,Web,Abuja,Abuja,0,
TXN0005429,ACC00105,2024-09-09 11:07:39,21034.3,MRT006,Chicken Republic VI,Food & Dining,ATM,Kano,Kano,0,
TXN0002263,ACC00042,2024-01-11 09:01:43,96010.56,MRT002,POS Terminal Lekki,POS,ATM,Abuja,Abuja,0,
TXN0004972,ACC00095,2024-10-25 06:19:44,144731.3,MRT006,Chicken Republic VI,Food & Dining,Web,Port Harcourt,Port Harcourt,0,
TXN0000313,ACC00006,2024-03-05 17:14:30,53056.27,MRT008,ATM Withdrawal UBA,ATM,Mobile App,Abuja,Abuja,0,
TXN0004937,ACC00095,2024-10-20 10:45:13,134538.07,MRT008,ATM Withdrawal UBA,ATM,Mobile App,Port Harcourt,Port Harcourt,0,
TXN0004638,ACC00088,2024-08-23 00:33:39,99515.88,MRT004,Netflix Subscription,Streaming,USSD,Abuja,Abuja,0,
TXN0000106,ACC00003,2024-01-30 01:26:59,117338.03,MRT008,ATM Withdrawal UBA,ATM,POS,Kano,Kano,0,
TXN0003348,ACC00063,2024-06-12 09:48:43,49648.43,MRT010,Konga Electronics,E-commerce,ATM,Lagos,Lagos,0,
TXN0005894,ACC00112,2024-02-05 07:25:28,120910.77,MRT003,MTN Airtime Top-up,Telecom,USSD,Abuja,Abuja,0,
TXN0004162,ACC00079,2024-12-24 01:31:32,25308.84,MRT009,Bolt Ride Hailing,Transport,Mobile App,Kano,Kano,0,
TXN0005162,ACC00100,2024-05-10 23:29:47,129492.14,MRT004,Netflix Subscription,Streaming,Web,Abuja,Abuja,0,
TXN0002980,ACC00057,2024-11-08 21:18:53,135696.42,MRT010,Konga Electronics,E-commerce,Mobile App,Lagos,Lagos,0,
TXN0005007,ACC00096,2024-02-13 06:21:26,141697.42,MRT003,MTN Airtime Top-up,Telecom,Web,Port Harcourt,Port Harcourt,0,
TXN0000611,ACC00011,2024-11-05 02:08:51,44167.44,MRT004,Netflix Subscription,Streaming,POS,Abuja,Abuja,0,
TXN0006017,ACC00114,2024-02-16 00:09:47,8118.18,MRT007,EKEDC Electricity,Utilities,USSD,Lagos,Lagos,0,
TXN0000746,ACC00015,2024-10-30 15:58:59,72212.82,MRT006,Chicken Republic VI,Food & Dining,ATM,Abuja,Abuja,0,
TXN0003740,ACC00070,2024-02-02 11:16:59,36641.9,MRT002,POS Terminal Lekki,POS,USSD,Port Harcourt,Port Harcourt,0,
TXN0000418,ACC00008,2024-11-20 17:58:43,118300.11,MRT007,EKEDC Electricity,Utilities,Web,Ibadan,Ibadan,0,
TXN0002332,ACC00043,2024-12-23 21:57:53,58031.49,MRT002,POS Terminal Lekki,POS,USSD,Abuja,Abuja,0,
TXN0005277,ACC00101,2024-02-04 08:30:13,145314.29,MRT005,Jumia Online Store,E-commerce,POS,Kano,Kano,0,
TXN0003023,ACC00058,2024-06-29 00:09:24,86104.08,MRT007,EKEDC Electricity,Utilities,USSD,Lagos,Lagos,0,
TXN0000881,ACC00017,2024-10-29 12:15:28,73393.34,MRT002,POS Terminal Lekki,POS,Web,Abuja,Abuja,0,
TXN0005870,ACC00111,2024-02-12 09:25:03,81310.11,MRT004,Netflix Subscription,Streaming,ATM,Ibadan,Ibadan,0,
TXN0000702,ACC00014,2024-05-07 02:39:56,83187.16,MRT002,POS Terminal Lekki,POS,Mobile App,Lagos,Lagos,0,
TXN0005382,ACC00104,2024-03-08 18:35:44,99334.22,MRT007,EKEDC Electricity,Utilities,USSD,Kano,Kano,0,
TXN0003848,ACC00072,2024-01-05 15:50:17,48100.51,MRT002,POS Terminal Lekki,POS,POS,Abuja,Abuja,0,
TXN0001424,ACC00028,2024-08-27 05:28:26,124890.39,MRT001,Shoprite Ikeja,Grocery,Web,Ibadan,Ibadan,0,
TXN0005117,ACC00098,2024-02-01 09:46:14,111708.29,MRT001,Shoprite Ikeja,Grocery,Web,Ibadan,Ibadan,0,
TXN0004157,ACC00079,2024-04-24 17:29:46,8441.34,MRT006,Chicken Republic VI,Food & Dining,ATM,Kano,Kano,0,
TXN0002300,ACC00043,2024-04-29 22:40:40,110818.04,MRT004,Netflix Subscription,Streaming,Web,Abuja,Abuja,0,
TXN0002913,ACC00056,2024-08-07 14:18:52,103743.64,MRT008,ATM Withdrawal UBA,ATM,Mobile App,Abuja,Abuja,0,
TXN0001805,ACC00034,2024-01-15 12:23:04,98836.28,MRT008,ATM Withdrawal UBA,ATM,ATM,Abuja,Abuja,0,
TXN0000548,ACC00010,2024-10-08 12:02:03,135828.53,MRT009,Bolt Ride Hailing,Transport,Web,Ibadan,Ibadan,0,
TXN0002138,ACC00039,2024-08-31 02:41:36,4666.98,MRT002,POS Terminal Lekki,POS,ATM,Ibadan,Ibadan,0,
TXN0006219,ACC00119,2024-11-03 06:40:34,88809.76,MRT002,POS Terminal Lekki,POS,Mobile App,Kano,Kano,0,
TXN0001113,ACC00022,2024-04-08 13:22:44,86858.85,MRT005,Jumia Online Store,E-commerce,ATM,Abuja,Abuja,0,
TXN0005549,ACC00107,2024-06-03 06:44:25,95381.8,MRT007,EKEDC Electricity,Utilities,Web,Ibadan,Ibadan,0,
TXN0004970,ACC00095,2024-10-20 16:54:46,51317.55,MRT008,ATM Withdrawal UBA,ATM,Mobile App,Port Harcourt,Port Harcourt,0,
TXN0000365,ACC00007,2024-06-30 07:01:56,131921.81,MRT008,ATM Withdrawal UBA,ATM,ATM,Port Harcourt,Port Harcourt,0,
TXN0002638,ACC00050,2024-07-01 14:26:13,108522.33,MRT007,EKEDC Electricity,Utilities,ATM,Kano,Kano,0,
TXN0004405,ACC00083,2024-05-25 20:09:25,69997.82,MRT009,Bolt Ride Hailing,Transport,Mobile App,Port Harcourt,Port Harcourt,0,
TXN0003360,ACC00063,2024-04-01 03:44:08,138215.85,MRT007,EKEDC Electricity,Utilities,Web,Lagos,Lagos,0,
TXN0004826,ACC00092,2024-08-29 21:54:30,55947.76,MRT002,POS Terminal Lekki,POS,USSD,Ibadan,Ibadan,0,
TXN0001380,ACC00027,2024-01-10 16:11:51,68325.27,MRT003,MTN Airtime Top-up,Telecom,Web,Kano,Kano,0,
TXN0002870,ACC00055,2024-07-07 02:30:51,40855.65,MRT002,POS Terminal Lekki,POS,USSD,Lagos,Lagos,0,
TXN0005621,ACC00108,2024-10-02 01:20:28,61206.06,MRT001,Shoprite Ikeja,Grocery,ATM,Kano,Kano,0,
TXN0004720,ACC00090,2024-06-13 07:19:11,134880.88,MRT008,ATM Withdrawal UBA,ATM,ATM,Abuja,Abuja,0,
TXN0005036,ACC00097,2024-07-05 21:29:23,105610.1,MRT010,Konga Electronics,E-commerce,ATM,Kano,Kano,0,
TXN0005873,ACC00111,2024-02-25 08:31:22,18432.57,MRT003,MTN Airtime Top-up,Telecom,POS,Ibadan,Ibadan,0,
TXN0005600,ACC00108,2024-03-14 05:25:57,1075.4,MRT002,POS Terminal Lekki,POS,Mobile App,Kano,Kano,0,
TXN0000324,ACC00006,2024-01-11 01:31:47,75107.07,MRT003,MTN Airtime Top-up,Telecom,ATM,Abuja,Abuja,0,
TXN0002919,ACC00056,2024-02-14 13:09:50,505.34,MRT002,POS Terminal Lekki,POS,USSD,Abuja,Abuja,0,
TXN0004052,ACC00077,2024-12-11 03:41:44,97083.12,MRT007,EKEDC Electricity,Utilities,Web,Ibadan,Ibadan,0,
TXN0002403,ACC00044,2024-05-02 16:38:45,122514.12,MRT003,MTN Airtime Top-up,Telecom,POS,Kano,Kano,0,
TXN0000460,ACC00009,2024-11-15 18:16:31,37503.05,MRT004,Netflix Subscription,Streaming,POS,Lagos,Lagos,0,
TXN0000630,ACC00011,2024-07-09 02:05:09,86825.12,MRT003,MTN Airtime Top-up,Telecom,POS,Abuja,Abuja,0,
TXN0003966,ACC00075,2024-08-20 06:13:17,68710.49,MRT006,Chicken Republic VI,Food & Dining,ATM,Kano,Kano,0,
TXN0001788,ACC00034,2024-06-16 03:40:42,57852.67,MRT002,POS Terminal Lekki,POS,POS,Abuja,Abuja,0,
TXN0002744,ACC00053,2024-11-07 04:57:08,64650.82,MRT010,Konga Electronics,E-commerce,ATM,Kano,Kano,0,
TXN0005344,ACC00103,2024-05-16 08:09:27,77955.57,MRT003,MTN Airtime Top-up,Telecom,ATM,Lagos,Lagos,0,
TXN0000259,ACC00005,2024-02-20 21:27:56,56819.62,MRT010,Konga Electronics,E-commerce,Web,Kano,Kano,0,
TXN0003025,ACC00058,2024-06-30 11:51:15,20214.97,MRT004,Netflix Subscription,Streaming,Mobile App,Lagos,Lagos,0,
TXN0000534,ACC00010,2024-06-03 01:32:25,4929.04,MRT006,Chicken Republic VI,Food & Dining,POS,Ibadan,Ibadan,0,
TXN0001800,ACC00034,2024-05-27 19:12:03,64508.15,MRT002,POS Terminal Lekki,POS,POS,Abuja,Abuja,0,
TXN0001860,ACC00035,2024-12-21 16:43:15,94887.23,MRT008,ATM Withdrawal UBA,ATM,ATM,Port Harcourt,Port Harcourt,0,
TXN0001054,ACC00021,2024-03-23 15:04:23,82963.3,MRT001,Shoprite Ikeja,Grocery,USSD,Ibadan,Ibadan,0,
TXN0005813,ACC00110,2024-09-19 16:48:18,68266.5,MRT005,Jumia Online Store,E-commerce,USSD,Lagos,Lagos,0,
TXN0006238,ACC00120,2024-03-06 05:53:53,67359.71,MRT005,Jumia Online Store,E-commerce,USSD,Ibadan,Ibadan,0,
TXN0003212,ACC00060,2024-02-23 04:41:55,121181.54,MRT009,Bolt Ride Hailing,Transport,ATM,Port Harcourt,Port Harcourt,0,
TXN0003975,ACC00075,2024-10-19 17:01:26,129339.09,MRT009,Bolt Ride Hailing,Transport,Web,Kano,Kano,0,
TXN0002945,ACC00056,2024-08-16 16:29:57,52540.24,MRT010,Konga Electronics,E-commerce,USSD,Abuja,Abuja,0,
TXN0002082,ACC00038,2024-05-31 10:30:05,48346.2,MRT002,POS Terminal Lekki,POS,ATM,Abuja,Abuja,0,
TXN0005332,ACC00102,2024-09-07 18:24:41,138787.56,MRT001,Shoprite Ikeja,Grocery,POS,Kano,Kano,0,
TXN0000970,ACC00019,2024-11-30 06:22:32,106925.22,MRT006,Chicken Republic VI,Food & Dining,USSD,Kano,Kano,0,
TXN0003711,ACC00070,2024-10-17 10:28:48,81646.66,MRT010,Konga Electronics,E-commerce,POS,Port Harcourt,Port Harcourt,0,
TXN0002776,ACC00053,2024-05-15 08:45:10,97962.72,MRT009,Bolt Ride Hailing,Transport,ATM,Kano,Kano,0,
TXN0003832,ACC00072,2024-03-22 15:23:00,107688.39,MRT001,Shoprite Ikeja,Grocery,ATM,Abuja,Abuja,0,
TXN0001508,ACC00029,2024-10-03 13:31:57,40752.94,MRT009,Bolt Ride Hailing,Transport,USSD,Port Harcourt,Port Harcourt,0,
TXN0004731,ACC00090,2024-03-20 05:01:02,69746.32,MRT009,Bolt Ride Hailing,Transport,Mobile App,Abuja,Abuja,0,
TXN0000550,ACC00010,2024-03-06 19:52:14,40703.39,MRT003,MTN Airtime Top-up,Telecom,POS,Ibadan,Ibadan,0,
TXN0002852,ACC00055,2024-05-15 00:10:31,106025.08,MRT005,Jumia Online Store,E-commerce,POS,Lagos,Lagos,0,
TXN0004504,ACC00086,2024-03-24 17:24:12,90493.7,MRT010,Konga Electronics,E-commerce,Web,Port Harcourt,Port Harcourt,0,
TXN0006211,ACC00119,2024-02-06 12:57:20,31877.62,MRT005,Jumia Online Store,E-commerce,Web,Kano,Kano,0,
TXN0005422,ACC00105,2024-06-12 00:43:21,58155.71,MRT004,Netflix Subscription,Streaming,POS,Kano,Kano,0,
TXN0005786,ACC00110,2024-12-28 05:04:43,74680.31,MRT009,Bolt Ride Hailing,Transport,ATM,Lagos,Lagos,0,
TXN0001101,ACC00021,2024-05-16 03:03:46,120790.85,MRT010,Konga Electronics,E-commerce,USSD,Ibadan,Ibadan,0,
TXN0001300,ACC00025,2024-06-10 18:15:49,130533.08,MRT002,POS Terminal Lekki,POS,Web,Port Harcourt,Port Harcourt,0,
TXN0005187,ACC00100,2024-07-04 10:37:43,7091.28,MRT005,Jumia Online Store,E-commerce,Web,Abuja,Abuja,0,
TXN0001829,ACC00035,2024-09-03 04:37:56,126972.06,MRT004,Netflix Subscription,Streaming,POS,Port Harcourt,Port Harcourt,0,
TXN0004443,ACC00084,2024-08-02 14:04:37,93940.03,MRT001,Shoprite Ikeja,Grocery,Mobile App,Ibadan,Ibadan,0,
TXN0002488,ACC00047,2024-08-03 05:08:36,121347.86,MRT008,ATM Withdrawal UBA,ATM,Mobile App,Abuja,Abuja,0,
TXN0003893,ACC00073,2024-10-11 19:58:08,110456.48,MRT001,Shoprite Ikeja,Grocery,Web,Lagos,Lagos,0,
TXN0005357,ACC00103,2024-05-31 02:34:52,74926.21,MRT010,Konga Electronics,E-commerce,Mobile App,Lagos,Lagos,0,
TXN0005905,ACC00112,2024-04-26 19:25:52,8027.61,MRT001,Shoprite Ikeja,Grocery,USSD,Abuja,Abuja,0,
TXN0003383,ACC00064,2024-09-22 12:16:35,66826.15,MRT010,Konga Electronics,E-commerce,Web,Lagos,Lagos,0,
TXN0004119,ACC00079,2024-05-21 14:03:21,114226.18,MRT001,Shoprite Ikeja,Grocery,Mobile App,Kano,Kano,0,
TXN0000846,ACC00017,2024-11-21 07:29:56,112469.69,MRT005,Jumia Online Store,E-commerce,Mobile App,Abuja,Abuja,0,
TXN0000703,ACC00014,2024-05-23 06:34:39,44093.47,MRT004,Netflix Subscription,Streaming,POS,Lagos,Lagos,0,
TXN0003010,ACC00057,2024-01-14 22:18:39,104902.12,MRT004,Netflix Subscription,Streaming,ATM,Lagos,Lagos,0,
TXN0003883,ACC00073,2024-05-29 04:28:31,93729.25,MRT003,MTN Airtime Top-up,Telecom,Mobile App,Lagos,Lagos,0,
TXN0002966,ACC00057,2024-06-19 10:38:24,94007.87,MRT007,EKEDC Electricity,Utilities,Mobile App,Lagos,Lagos,0,
TXN0001852,ACC00035,2024-04-17 20:39:58,54768.2,MRT003,MTN Airtime Top-up,Telecom,POS,Port Harcourt,Port Harcourt,0,
TXN0000045,ACC00001,2024-09-04 17:22:33,15836.85,MRT008,ATM Withdrawal UBA,ATM,Mobile App,Lagos,Lagos,0,
TXN0001440,ACC00028,2024-06-21 08:16:27,4227.75,MRT009,Bolt Ride Hailing,Transport,ATM,Ibadan,Ibadan,0,
TXN0003005,ACC00057,2024-07-14 12:27:04,8572.63,MRT002,POS Terminal Lekki,POS,ATM,Lagos,Lagos,0,
TXN0003573,ACC00068,2024-05-20 20:12:01,34948.32,MRT009,Bolt Ride Hailing,Transport,USSD,Abuja,Abuja,0,
TXN0003160,ACC00059,2024-03-19 16:59:25,40008.36,MRT002,POS Terminal Lekki,POS,USSD,Lagos,Lagos,0,
TXN0003201,ACC00060,2024-05-22 15:14:57,115164.83,MRT010,Konga Electronics,E-commerce,POS,Port Harcourt,Port Harcourt,0,
TXN0003824,ACC00072,2024-02-29 19:26:28,120317.83,MRT010,Konga Electronics,E-commerce,Mobile App,Abuja,Abuja,0,
TXN0002595,ACC00050,2024-10-22 00:39:14,133912.35,MRT010,Konga Electronics,E-commerce,Web,Kano,Kano,0,
TXN0000874,ACC00017,2024-05-24 08:19:52,88042.82,MRT005,Jumia Online Store,E-commerce,ATM,Abuja,Abuja,0,
TXN0001272,ACC00025,2024-10-12 04:10:30,125251.25,MRT002,POS Terminal Lekki,POS,Mobile App,Port Harcourt,Port Harcourt,0,
TXN0005918,ACC00112,2024-01-24 16:11:01,3216.97,MRT001,Shoprite Ikeja,Grocery,USSD,Abuja,Abuja,0,
TXN0006044,ACC00115,2024-09-03 02:54:55,38071.47,MRT007,EKEDC Electricity,Utilities,ATM,Port Harcourt,Port Harcourt,0,
TXN0001909,ACC00036,2024-01-22 04:36:10,27879.63,MRT004,Netflix Subscription,Streaming,ATM,Ibadan,Ibadan,0,
TXN0002555,ACC00049,2024-07-06 12:12:51,78802.53,MRT007,EKEDC Electricity,Utilities,USSD,Lagos,Lagos,0,
TXN0001491,ACC00029,2024-06-05 23:23:34,127949.52,MRT003,MTN Airtime Top-up,Telecom,Mobile App,Port Harcourt,Port Harcourt,0,
TXN0004031,ACC00077,2024-03-13 13:00:56,67192.27,MRT004,Netflix Subscription,Streaming,USSD,Ibadan,Ibadan,0,
TXN0004135,ACC00079,2024-03-01 13:10:51,36667.87,MRT003,MTN Airtime Top-up,Telecom,USSD,Kano,Kano,0,
TXN0004547,ACC00087,2024-06-05 23:31:49,84197.39,MRT010,Konga Electronics,E-commerce,Mobile App,Kano,Kano,0,
TXN0003913,ACC00073,2024-01-25 03:17:03,62744.76,MRT009,Bolt Ride Hailing,Transport,ATM,Lagos,Lagos,0,
TXN0003839,ACC00072,2024-03-14 12:49:43,105578.78,MRT002,POS Terminal Lekki,POS,Mobile App,Abuja,Abuja,0,
TXN0001001,ACC00020,2024-02-05 16:59:40,33569.11,MRT006,Chicken Republic VI,Food & Dining,Web,Port Harcourt,Port Harcourt,0,
TXN0005017,ACC00097,2024-04-05 21:37:43,38612.02,MRT001,Shoprite Ikeja,Grocery,Web,Kano,Kano,0,
TXN0001191,ACC00024,2024-06-23 20:59:40,25514.06,MRT007,EKEDC Electricity,Utilities,Mobile App,Lagos,Lagos,0,
TXN0000707,ACC00014,2024-02-28 11:22:49,139893.43,MRT001,Shoprite Ikeja,Grocery,Mobile App,Lagos,Lagos,0,
TXN0000896,ACC00017,2024-10-09 09:42:16,32072.94,MRT003,MTN Airtime Top-up,Telecom,Mobile App,Abuja,Abuja,0,
TXN0005701,ACC00109,2024-10-26 23:17:53,80642.72,MRT005,Jumia Online Store,E-commerce,USSD,Port Harcourt,Port Harcourt,0,
TXN0002063,ACC00038,2024-09-15 01:36:37,61739.43,MRT010,Konga Electronics,E-commerce,Web,Abuja,Abuja,0,
TXN0002371,ACC00044,2024-01-10 23:21:32,18872.73,MRT010,Konga Electronics,E-commerce,USSD,Kano,Kano,0,
TXN0001964,ACC00036,2024-10-25 22:19:15,22650.76,MRT008,ATM Withdrawal UBA,ATM,ATM,Ibadan,Ibadan,0,
TXN0003595,ACC00068,2024-12-05 21:47:09,142448.44,MRT005,Jumia Online Store,E-commerce,Mobile App,Abuja,Abuja,0,
TXN0005516,ACC00107,2024-09-01 05:58:50,51252.02,MRT003,MTN Airtime Top-up,Telecom,Mobile App,Ibadan,Ibadan,0,
TXN0003134,ACC00059,2024-04-11 14:20:15,61978.75,MRT006,Chicken Republic VI,Food & Dining,ATM,Lagos,Lagos,0,
TXN0002420,ACC00045,2024-03-22 11:09:50,120751.59,MRT004,Netflix Subscription,Streaming,Web,Lagos,Lagos,0,
TXN0004330,ACC00082,2024-09-22 15:58:38,20377.83,MRT007,EKEDC Electricity,Utilities,Web,Abuja,Abuja,0,
TXN0004943,ACC00095,2024-04-15 04:41:31,77787.25,MRT007,EKEDC Electricity,Utilities,Mobile App,Port Harcourt,Port Harcourt,0,
TXN0004889,ACC00094,2024-07-26 19:31:49,24527.09,MRT003,MTN Airtime Top-up,Telecom,Mobile App,Abuja,Abuja,0,
TXN0004863,ACC00093,2024-08-24 10:53:09,6165.72,MRT009,Bolt Ride Hailing,Transport,USSD,Ibadan,Ibadan,0,
TXN0005142,ACC00099,2024-06-06 15:11:21,81258.72,MRT003,MTN Airtime Top-up,Telecom,POS,Port Harcourt,Port Harcourt,0,
TXN0003827,ACC00072,2024-01-28 08:00:54,87621.86,MRT003,MTN Airtime Top-up,Telecom,ATM,Abuja,Abuja,0,
TXN0006137,ACC00118,2024-03-13 16:38:53,134824.07,MRT001,Shoprite Ikeja,Grocery,ATM,Port Harcourt,Port Harcourt,0,
TXN0000565,ACC00010,2024-10-02 02:27:34,66049.02,MRT004,Netflix Subscription,Streaming,POS,Ibadan,Ibadan,0,
TXN0006143,ACC00118,2024-06-04 08:50:56,67124.41,MRT004,Netflix Subscription,Streaming,Mobile App,Port Harcourt,Port Harcourt,0,
TXN0006074,ACC00116,2024-11-30 23:05:56,35284.55,MRT006,Chicken Republic VI,Food & Dining,USSD,Ibadan,Ibadan,0,
TXN0002075,ACC00038,2024-07-09 20:51:38,51323.5,MRT001,Shoprite Ikeja,Grocery,Web,Abuja,Abuja,0,
TXN0001103,ACC00021,2024-10-24 10:19:20,136557.76,MRT004,Netflix Subscription,Streaming,Mobile App,Ibadan,Ibadan,0,
TXN0006026,ACC00114,2024-11-11 20:25:30,36484.93,MRT002,POS Terminal Lekki,POS,ATM,Lagos,Lagos,0,
TXN0001936,ACC00036,2024-08-21 03:34:52,13988.24,MRT007,EKEDC Electricity,Utilities,ATM,Ibadan,Ibadan,0,
TXN0005174,ACC00100,2024-02-16 00:39:47,41976.41,MRT001,Shoprite Ikeja,Grocery,Web,Abuja,Abuja,0,
TXN0005387,ACC00104,2024-01-29 05:48:47,140549.13,MRT003,MTN Airtime Top-up,Telecom,Mobile App,Kano,Kano,0,
TXN0004092,ACC00078,2024-08-14 20:23:35,114471.51,MRT006,Chicken Republic VI,Food & Dining,Web,Abuja,Abuja,0,
TXN0003557,ACC00067,2024-03-13 21:56:26,61145.7,MRT010,Konga Electronics,E-commerce,Web,Lagos,Lagos,0,
TXN0004263,ACC00081,2024-07-05 08:39:41,15369.26,MRT001,Shoprite Ikeja,Grocery,POS,Abuja,Abuja,0,
TXN0006007,ACC00114,2024-11-28 21:26:44,35408.51,MRT007,EKEDC Electricity,Utilities,Web,Lagos,Lagos,0,
TXN0004561,ACC00087,2024-02-06 07:27:31,57673.87,MRT009,Bolt Ride Hailing,Transport,ATM,Kano,Kano,0,
TXN0002246,ACC00042,2024-03-02 15:56:54,86476.16,MRT010,Konga Electronics,E-commerce,POS,Abuja,Abuja,0,
TXN0003285,ACC00061,2024-11-07 06:25:29,69077.67,MRT006,Chicken Republic VI,Food & Dining,Web,Kano,Kano,0,
TXN0000491,ACC00009,2024-05-27 20:01:28,80280.69,MRT008,ATM Withdrawal UBA,ATM,POS,Lagos,Lagos,0,
TXN0003159,ACC00059,2024-07-17 23:30:02,45672.02,MRT001,Shoprite Ikeja,Grocery,ATM,Lagos,Lagos,0,
TXN0002491,ACC00047,2024-09-28 00:43:52,61117.98,MRT002,POS Terminal Lekki,POS,USSD,Abuja,Abuja,0,
TXN0001889,ACC00035,2024-11-03 18:17:43,4801.58,MRT003,MTN Airtime Top-up,Telecom,POS,Port Harcourt,Port Harcourt,0,
TXN0002183,ACC00041,2024-01-09 03:40:33,57148.95,MRT003,MTN Airtime Top-up,Telecom,Mobile App,Ibadan,Ibadan,0,
TXN0003775,ACC00071,2024-07-01 14:53:02,81652.89,MRT002,POS Terminal Lekki,POS,ATM,Lagos,Lagos,0,
TXN0005579,ACC00107,2024-01-17 12:52:35,27060.37,MRT007,EKEDC Electricity,Utilities,USSD,Ibadan,Ibadan,0,
TXN0001496,ACC00029,2024-10-03 10:12:40,61201.88,MRT007,EKEDC Electricity,Utilities,ATM,Port Harcourt,Port Harcourt,0,
TXN0005484,ACC00106,2024-01-26 00:21:24,39892.65,MRT008,ATM Withdrawal UBA,ATM,Mobile App,Ibadan,Ibadan,0,
TXN0003746,ACC00070,2024-06-28 10:28:56,135283.64,MRT004,Netflix Subscription,Streaming,Mobile App,Port Harcourt,Port Harcourt,0,
TXN0000233,ACC00005,2024-08-17 16:25:54,53115.36,MRT001,Shoprite Ikeja,Grocery,Mobile App,Kano,Kano,0,
TXN0001527,ACC00029,2024-11-29 03:49:10,2623.35,MRT005,Jumia Online Store,E-commerce,Mobile App,Port Harcourt,Port Harcourt,0,
TXN0003352,ACC00063,2024-09-18 08:41:01,38726.04,MRT007,EKEDC Electricity,Utilities,Mobile App,Lagos,Lagos,0,
TXN0005369,ACC00103,2024-12-23 03:41:26,3024.66,MRT009,Bolt Ride Hailing,Transport,Mobile App,Lagos,Lagos,0,
TXN0004267,ACC00081,2024-04-30 04:40:42,103887.85,MRT009,Bolt Ride Hailing,Transport,Mobile App,Abuja,Abuja,0,
TXN0004385,ACC00083,2024-08-31 13:59:16,3693.53,MRT010,Konga Electronics,E-commerce,POS,Port Harcourt,Port Harcourt,0,
TXN0004233,ACC00081,2024-10-16 10:31:29,98931.52,MRT007,EKEDC Electricity,Utilities,USSD,Abuja,Abuja,0,
TXN0004366,ACC00082,2024-05-18 14:22:07,113959.52,MRT008,ATM Withdrawal UBA,ATM,USSD,Abuja,Abuja,0,
TXN0000179,ACC00004,2024-11-27 04:36:15,108265.57,MRT009,Bolt Ride Hailing,Transport,Web,Ibadan,Ibadan,0,
TXN0001354,ACC00026,2024-06-08 17:08:39,66729.17,MRT005,Jumia Online Store,E-commerce,POS,Ibadan,Ibadan,0,
TXN0005708,ACC00109,2024-06-23 05:30:13,8683.5,MRT002,POS Terminal Lekki,POS,Mobile App,Port Harcourt,Port Harcourt,0,
TXN0001437,ACC00028,2024-07-12 00:52:59,56051.74,MRT004,Netflix Subscription,Streaming,POS,Ibadan,Ibadan,0,
TXN0004617,ACC00088,2024-12-02 13:08:38,131272.62,MRT004,Netflix Subscription,Streaming,USSD,Abuja,Abuja,0,
TXN0004821,ACC00092,2024-12-01 13:34:40,124251.26,MRT003,MTN Airtime Top-up,Telecom,Mobile App,Ibadan,Ibadan,0,
TXN0002653,ACC00051,2024-03-04 05:02:12,16416.45,MRT009,Bolt Ride Hailing,Transport,Web,Abuja,Abuja,0,
TXN0000825,ACC00017,2024-08-28 02:27:22,102281.52,MRT010,Konga Electronics,E-commerce,ATM,Abuja,Abuja,0,
TXN0001593,ACC00031,2024-03-26 15:53:05,120765.8,MRT002,POS Terminal Lekki,POS,ATM,Ibadan,Ibadan,0,
TXN0003617,ACC00068,2024-02-08 08:55:18,138140.12,MRT005,Jumia Online Store,E-commerce,Mobile App,Abuja,Abuja,0,
TXN0005470,ACC00106,2024-04-10 17:32:57,59784.04,MRT006,Chicken Republic VI,Food & Dining,Web,Ibadan,Ibadan,0,
TXN0005343,ACC00103,2024-02-17 05:36:35,57023.48,MRT004,Netflix Subscription,Streaming,POS,Lagos,Lagos,0,
TXN0005416,ACC00105,2024-08-06 15:54:59,120031.36,MRT008,ATM Withdrawal UBA,ATM,POS,Kano,Kano,0,
TXN0003610,ACC00068,2024-08-11 13:13:07,18062.27,MRT002,POS Terminal Lekki,POS,Web,Abuja,Abuja,0,
TXN0001345,ACC00026,2024-06-11 01:49:43,86148.33,MRT004,Netflix Subscription,Streaming,ATM,Ibadan,Ibadan,0,
TXN0005825,ACC00111,2024-02-16 12:47:09,113755.06,MRT002,POS Terminal Lekki,POS,POS,Ibadan,Ibadan,0,
TXN0004868,ACC00093,2024-11-11 23:54:37,57642.08,MRT007,EKEDC Electricity,Utilities,USSD,Ibadan,Ibadan,0,
TXN0000954,ACC00019,2024-07-10 05:42:25,123364.88,MRT003,MTN Airtime Top-up,Telecom,ATM,Kano,Kano,0,
TXN0005878,ACC00111,2024-01-21 21:23:32,123845.36,MRT003,MTN Airtime Top-up,Telecom,POS,Ibadan,Ibadan,0,
TXN0005271,ACC00101,2024-06-20 06:11:14,59031.68,MRT007,EKEDC Electricity,Utilities,Web,Kano,Kano,0,
TXN0002790,ACC00054,2024-02-17 11:57:08,48129.08,MRT001,Shoprite Ikeja,Grocery,Mobile App,Ibadan,Ibadan,0,
TXN0002864,ACC00055,2024-07-14 09:39:54,113371.38,MRT003,MTN Airtime Top-up,Telecom,Mobile App,Lagos,Lagos,0,
TXN0001854,ACC00035,2024-01-14 12:26:50,103757.03,MRT001,Shoprite Ikeja,Grocery,Web,Port Harcourt,Port Harcourt,0,
TXN0003426,ACC00065,2024-03-29 16:16:56,27025.89,MRT008,ATM Withdrawal UBA,ATM,USSD,Port Harcourt,Port Harcourt,0,
TXN0002654,ACC00051,2024-08-19 21:28:32,113599.96,MRT001,Shoprite Ikeja,Grocery,POS,Abuja,Abuja,0,
TXN0006234,ACC00120,2024-10-13 06:23:55,12482.89,MRT006,Chicken Republic VI,Food & Dining,USSD,Ibadan,Ibadan,0,
TXN0000390,ACC00008,2024-02-27 09:22:09,5219.79,MRT004,Netflix Subscription,Streaming,Mobile App,Ibadan,Ibadan,0,
TXN0002157,ACC00040,2024-12-17 05:20:21,19334.25,MRT010,Konga Electronics,E-commerce,USSD,Abuja,Abuja,0,
TXN0004196,ACC00080,2024-06-09 20:50:14,146764.61,MRT008,ATM Withdrawal UBA,ATM,POS,Abuja,Abuja,0,
TXN0004487,ACC00086,2024-11-29 08:40:01,116947.55,MRT007,EKEDC Electricity,Utilities,USSD,Port Harcourt,Port Harcourt,0,
TXN0002455,ACC00046,2024-08-02 09:40:16,88971.58,MRT004,Netflix Subscription,Streaming,POS,Abuja,Abuja,0,
TXN0000672,ACC00013,2024-10-23 05:07:15,143190.72,MRT008,ATM Withdrawal UBA,ATM,Mobile App,Port Harcourt,Port Harcourt,0,
TXN0001383,ACC00027,2024-02-05 09:57:50,106080.89,MRT002,POS Terminal Lekki,POS,POS,Kano,Kano,0,
TXN0004985,ACC00096,2024-10-02 09:40:22,14298.87,MRT002,POS Terminal Lekki,POS,USSD,Port Harcourt,Port Harcourt,0,
TXN0001655,ACC00032,2024-03-09 01:36:38,105878.61,MRT009,Bolt Ride Hailing,Transport,USSD,Port Harcourt,Port Harcourt,0,
TXN0005302,ACC00102,2024-01-31 17:03:59,51817.0,MRT003,MTN Airtime Top-up,Telecom,POS,Kano,Kano,0,
TXN0005874,ACC00111,2024-05-02 19:19:19,111650.49,MRT005,Jumia Online Store,E-commerce,Mobile App,Ibadan,Ibadan,0,
TXN0005994,ACC00114,2024-11-09 03:02:26,45844.56,MRT009,Bolt Ride Hailing,Transport,USSD,Lagos,Lagos,0,
TXN0002706,ACC00052,2024-02-05 21:36:53,51631.86,MRT007,EKEDC Electricity,Utilities,POS,Port Harcourt,Port Harcourt,0,
TXN0001943,ACC00036,2024-09-22 18:16:05,126309.92,MRT005,Jumia Online Store,E-commerce,USSD,Ibadan,Ibadan,0,
TXN0000766,ACC00016,2024-03-02 04:02:33,118880.46,MRT007,EKEDC Electricity,Utilities,ATM,Ibadan,Ibadan,0,
TXN0003999,ACC00076,2024-01-17 06:18:07,146563.51,MRT008,ATM Withdrawal UBA,ATM,ATM,Port Harcourt,Port Harcourt,0,
TXN0002109,ACC00039,2024-12-16 02:04:34,101069.61,MRT001,Shoprite Ikeja,Grocery,ATM,Ibadan,Ibadan,0,
TXN0002791,ACC00054,2024-10-05 09:05:04,32458.98,MRT006,Chicken Republic VI,Food & Dining,USSD,Ibadan,Ibadan,0,
TXN0001297,ACC00025,2024-11-14 06:26:09,89487.06,MRT002,POS Terminal Lekki,POS,POS,Port Harcourt,Port Harcourt,0,
TXN0001523,ACC00029,2024-03-06 15:55:57,8217.17,MRT010,Konga Electronics,E-commerce,POS,Port Harcourt,Port Harcourt,0,
TXN0003896,ACC00073,2024-02-25 22:43:58,4279.91,MRT005,Jumia Online Store,E-commerce,ATM,Lagos,Lagos,0,
TXN0000101,ACC00003,2024-05-29 22:30:53,74551.63,MRT003,MTN Airtime Top-up,Telecom,Mobile App,Kano,Kano,0,
TXN0001245,ACC00024,2024-11-03 09:00:00,19311.2,MRT002,POS Terminal Lekki,POS,Web,Lagos,Lagos,0,
TXN0004007,ACC00076,2024-04-03 17:48:43,147608.04,MRT010,Konga Electronics,E-commerce,Mobile App,Port Harcourt,Port Harcourt,0,
TXN0001305,ACC00026,2024-06-22 01:26:39,86500.6,MRT010,Konga Electronics,E-commerce,Mobile App,Ibadan,Ibadan,0,
TXN0002573,ACC00049,2024-02-02 07:54:37,39973.71,MRT009,Bolt Ride Hailing,Transport,Web,Lagos,Lagos,0,
TXN0004572,ACC00087,2024-01-25 07:31:13,17959.2,MRT001,Shoprite Ikeja,Grocery,ATM,Kano,Kano,0,
TXN0003651,ACC00069,2024-11-04 23:07:45,87054.29,MRT009,Bolt Ride Hailing,Transport,Mobile App,Abuja,Abuja,0,
TXN0000225,ACC00005,2024-07-25 01:35:43,29488.6,MRT009,Bolt Ride Hailing,Transport,POS,Kano,Kano,0,
TXN0000557,ACC00010,2024-06-19 23:10:30,64877.13,MRT006,Chicken Republic VI,Food & Dining,USSD,Ibadan,Ibadan,0,
TXN0001984,ACC00037,2024-08-29 11:59:27,42727.35,MRT004,Netflix Subscription,Streaming,Mobile App,Port Harcourt,Port Harcourt,0,
TXN0005460,ACC00105,2024-11-25 10:19:27,57534.47,MRT005,Jumia Online Store,E-commerce,Mobile App,Kano,Kano,0,
TXN0000946,ACC00019,2024-08-28 10:06:53,133571.58,MRT005,Jumia Online Store,E-commerce,USSD,Kano,Kano,0,
TXN0002713,ACC00052,2024-01-06 12:13:49,134526.92,MRT003,MTN Airtime Top-up,Telecom,Web,Port Harcourt,Port Harcourt,0,
TXN0003323,ACC00062,2024-09-19 03:25:16,115141.65,MRT005,Jumia Online Store,E-commerce,Mobile App,Lagos,Lagos,0,
TXN0001023,ACC00020,2024-01-25 13:25:01,7304.77,MRT010,Konga Electronics,E-commerce,Mobile App,Port Harcourt,Port Harcourt,0,
TXN0001915,ACC00036,2024-10-18 05:54:58,123474.48,MRT009,Bolt Ride Hailing,Transport,USSD,Ibadan,Ibadan,0,
TXN0001216,ACC00024,2024-06-12 23:33:22,77733.2,MRT004,Netflix Subscription,Streaming,USSD,Lagos,Lagos,0,
TXN0005781,ACC00110,2024-01-17 09:54:55,9331.09,MRT010,Konga Electronics,E-commerce,USSD,Lagos,Lagos,0,
TXN0003892,ACC00073,2024-12-24 17:35:36,90959.67,MRT010,Konga Electronics,E-commerce,POS,Lagos,Lagos,0,
TXN0005953,ACC00112,2024-01-01 10:31:09,144165.38,MRT003,MTN Airtime Top-up,Telecom,ATM,Abuja,Abuja,0,
TXN0003361,ACC00063,2024-05-26 23:12:44,142348.45,MRT010,Konga Electronics,E-commerce,Mobile App,Lagos,Lagos,0,
TXN0004432,ACC00084,2024-02-28 11:28:54,123741.38,MRT003,MTN Airtime Top-up,Telecom,POS,Ibadan,Ibadan,0,
TXN0000247,ACC00005,2024-04-20 08:26:30,108698.18,MRT005,Jumia Online Store,E-commerce,USSD,Kano,Kano,0,
TXN0002710,ACC00052,2024-05-31 03:01:43,84355.81,MRT001,Shoprite Ikeja,Grocery,USSD,Port Harcourt,Port Harcourt,0,
TXN0004825,ACC00092,2024-05-23 03:17:06,134009.86,MRT007,EKEDC Electricity,Utilities,POS,Ibadan,Ibadan,0,
TXN0000145,ACC00003,2024-02-12 01:51:31,70985.79,MRT004,Netflix Subscription,Streaming,USSD,Kano,Kano,0,
TXN0004819,ACC00092,2024-06-09 03:17:52,19933.15,MRT004,Netflix Subscription,Streaming,POS,Ibadan,Ibadan,0,
TXN0004071,ACC00077,2024-10-03 18:06:34,83159.03,MRT009,Bolt Ride Hailing,Transport,Web,Ibadan,Ibadan,0,
TXN0001394,ACC00027,2024-09-13 02:42:42,68333.9,MRT008,ATM Withdrawal UBA,ATM,ATM,Kano,Kano,0,
TXN0000514,ACC00010,2024-07-22 15:37:34,36524.84,MRT003,MTN Airtime Top-up,Telecom,USSD,Ibadan,Ibadan,0,
TXN0000692,ACC00013,2024-11-29 17:48:49,25448.77,MRT010,Konga Electronics,E-commerce,Web,Port Harcourt,Port Harcourt,0,
TXN0000774,ACC00016,2024-02-24 14:53:28,111928.83,MRT006,Chicken Republic VI,Food & Dining,Web,Ibadan,Ibadan,0,
TXN0004519,ACC00087,2024-07-16 16:55:49,27918.88,MRT009,Bolt Ride Hailing,Transport,USSD,Kano,Kano,0,
TXN0001910,ACC00036,2024-04-11 01:27:47,106041.45,MRT003,MTN Airtime Top-up,Telecom,ATM,Ibadan,Ibadan,0,
TXN0004761,ACC00091,2024-04-05 17:26:50,70542.4,MRT010,Konga Electronics,E-commerce,USSD,Ibadan,Ibadan,0,
TXN0005247,ACC00101,2024-02-20 17:08:08,74955.04,MRT008,ATM Withdrawal UBA,ATM,Web,Kano,Kano,0,
TXN0000752,ACC00015,2024-04-13 12:12:42,122534.63,MRT009,Bolt Ride Hailing,Transport,Mobile App,Abuja,Abuja,0,
TXN0000457,ACC00009,2024-06-01 15:34:19,19538.39,MRT009,Bolt Ride Hailing,Transport,Web,Lagos,Lagos,0,
TXN0005824,ACC00111,2024-01-09 06:16:42,121003.59,MRT007,EKEDC Electricity,Utilities,USSD,Ibadan,Ibadan,0,
TXN0004070,ACC00077,2024-11-07 13:27:35,28899.92,MRT005,Jumia Online Store,E-commerce,POS,Ibadan,Ibadan,0,
TXN0003727,ACC00070,2024-06-10 12:21:04,56881.2,MRT007,EKEDC Electricity,Utilities,Web,Port Harcourt,Port Harcourt,0,
TXN0000511,ACC00010,2024-01-07 11:53:56,108467.81,MRT009,Bolt Ride Hailing,Transport,USSD,Ibadan,Ibadan,0,
TXN0000439,ACC00009,2024-10-22 21:02:46,102211.12,MRT004,Netflix Subscription,Streaming,USSD,Lagos,Lagos,0,
TXN0006081,ACC00116,2024-05-04 15:29:09,20953.95,MRT002,POS Terminal Lekki,POS,Mobile App,Ibadan,Ibadan,0,
TXN0001648,ACC00032,2024-11-30 03:20:51,58039.45,MRT002,POS Terminal Lekki,POS,POS,Port Harcourt,Port Harcourt,0,
TXN0001392,ACC00027,2024-11-28 05:00:32,81753.42,MRT008,ATM Withdrawal UBA,ATM,Mobile App,Kano,Kano,0,
TXN0001710,ACC00033,2024-09-05 02:06:12,62469.85,MRT005,Jumia Online Store,E-commerce,USSD,Lagos,Lagos,0,
TXN0005319,ACC00102,2024-07-11 12:05:41,123381.77,MRT009,Bolt Ride Hailing,Transport,Web,Kano,Kano,0,
TXN0003022,ACC00058,2024-05-30 17:27:09,128847.86,MRT005,Jumia Online Store,E-commerce,USSD,Lagos,Lagos,0,
TXN0002782,ACC00054,2024-11-12 20:39:59,93625.19,MRT006,Chicken Republic VI,Food & Dining,USSD,Ibadan,Ibadan,0,
TXN0004679,ACC00089,2024-10-27 04:54:44,123816.87,MRT005,Jumia Online Store,E-commerce,Web,Ibadan,Ibadan,0,
TXN0000405,ACC00008,2024-05-14 12:20:30,98567.82,MRT008,ATM Withdrawal UBA,ATM,ATM,Ibadan,Ibadan,0,
TXN0005528,ACC00107,2024-12-01 03:18:46,44056.53,MRT008,ATM Withdrawal UBA,ATM,Mobile App,Ibadan,Ibadan,0,
TXN0000146,ACC00003,2024-12-09 09:39:57,49536.94,MRT009,Bolt Ride Hailing,Transport,USSD,Kano,Kano,0,
TXN0004762,ACC00091,2024-12-19 15:59:55,107955.31,MRT008,ATM Withdrawal UBA,ATM,Web,Ibadan,Ibadan,0,
TXN0002274,ACC00042,2024-03-10 02:31:23,107304.63,MRT004,Netflix Subscription,Streaming,USSD,Abuja,Abuja,0,
TXN0000431,ACC00008,2024-04-11 06:41:41,35710.43,MRT007,EKEDC Electricity,Utilities,POS,Ibadan,Ibadan,0,
TXN0000373,ACC00007,2024-03-16 14:19:08,83206.83,MRT006,Chicken Republic VI,Food & Dining,Mobile App,Port Harcourt,Port Harcourt,0,
TXN0001183,ACC00024,2024-07-17 05:41:16,116324.28,MRT008,ATM Withdrawal UBA,ATM,ATM,Lagos,Lagos,0,
TXN0002180,ACC00041,2024-03-08 15:09:50,132864.64,MRT004,Netflix Subscription,Streaming,Web,Ibadan,Ibadan,0,
TXN0004218,ACC00080,2024-09-26 21:01:09,121635.48,MRT008,ATM Withdrawal UBA,ATM,POS,Abuja,Abuja,0,
TXN0002828,ACC00055,2024-08-17 08:04:27,77332.13,MRT009,Bolt Ride Hailing,Transport,POS,Lagos,Lagos,0,
TXN0004167,ACC00079,2024-05-22 21:42:21,120282.98,MRT001,Shoprite Ikeja,Grocery,USSD,Kano,Kano,0,
TXN0004361,ACC00082,2024-10-11 12:30:12,108271.67,MRT005,Jumia Online Store,E-commerce,ATM,Abuja,Abuja,0,
TXN0004262,ACC00081,2024-01-06 12:27:33,12411.7,MRT007,EKEDC Electricity,Utilities,Web,Abuja,Abuja,0,
TXN0004643,ACC00088,2024-04-20 03:01:33,68053.62,MRT006,Chicken Republic VI,Food & Dining,USSD,Abuja,Abuja,0,
TXN0006156,ACC00119,2024-07-10 13:28:54,81367.26,MRT003,MTN Airtime Top-up,Telecom,Mobile App,Kano,Kano,0,
TXN0000772,ACC00016,2024-01-13 13:49:44,90557.11,MRT003,MTN Airtime Top-up,Telecom,USSD,Ibadan,Ibadan,0,
TXN0004132,ACC00079,2024-05-06 09:40:24,115069.27,MRT003,MTN Airtime Top-up,Telecom,USSD,Kano,Kano,0,
TXN0003846,ACC00072,2024-07-10 19:41:47,135452.67,MRT006,Chicken Republic VI,Food & Dining,Mobile App,Abuja,Abuja,0,
TXN0001645,ACC00032,2024-01-10 11:33:00,69832.22,MRT008,ATM Withdrawal UBA,ATM,Web,Port Harcourt,Port Harcourt,0,
TXN0004420,ACC00084,2024-11-25 00:43:02,4979.04,MRT006,Chicken Republic VI,Food & Dining,Mobile App,Ibadan,Ibadan,0,
TXN0003456,ACC00066,2024-05-24 00:01:25,46281.74,MRT003,MTN Airtime Top-up,Telecom,POS,Lagos,Lagos,0,
TXN0001044,ACC00020,2024-08-07 15:19:36,54991.77,MRT010,Konga Electronics,E-commerce,POS,Port Harcourt,Port Harcourt,0,
TXN0003729,ACC00070,2024-08-31 07:44:56,6749.0,MRT007,EKEDC Electricity,Utilities,ATM,Port Harcourt,Port Harcourt,0,
TXN0000014,ACC00001,2024-01-30 12:20:18,103746.86,MRT010,Konga Electronics,E-commerce,Web,Lagos,Lagos,0,
TXN0001831,ACC00035,2024-09-23 17:57:06,35801.41,MRT010,Konga Electronics,E-commerce,Web,Port Harcourt,Port Harcourt,0,
TXN0004969,ACC00095,2024-05-02 05:39:37,129844.17,MRT007,EKEDC Electricity,Utilities,ATM,Port Harcourt,Port Harcourt,0,
TXN0004533,ACC00087,2024-08-10 22:52:59,140276.76,MRT003,MTN Airtime Top-up,Telecom,ATM,Kano,Kano,0,
TXN0000214,ACC00004,2024-03-09 05:35:39,57341.01,MRT003,MTN Airtime Top-up,Telecom,Web,Ibadan,Ibadan,0,
TXN0001188,ACC00024,2024-05-03 01:31:09,106709.81,MRT005,Jumia Online Store,E-commerce,USSD,Lagos,Lagos,0,
TXN0005664,ACC00109,2024-11-27 21:32:47,83223.17,MRT002,POS Terminal Lekki,POS,ATM,Port Harcourt,Port Harcourt,0,
TXN0004252,ACC00081,2024-11-13 04:32:01,100430.62,MRT004,Netflix Subscription,Streaming,USSD,Abuja,Abuja,0,
TXN0006123,ACC00117,2024-10-03 00:01:01,51967.16,MRT006,Chicken Republic VI,Food & Dining,Web,Kano,Kano,0,
TXN0001408,ACC00027,2024-05-07 20:26:45,62356.81,MRT009,Bolt Ride Hailing,Transport,Web,Kano,Kano,0,
TXN0001686,ACC00032,2024-07-26 05:54:46,18662.76,MRT005,Jumia Online Store,E-commerce,Mobile App,Port Harcourt,Port Harcourt,0,
TXN0005410,ACC00104,2024-03-19 20:14:23,90591.38,MRT002,POS Terminal Lekki,POS,ATM,Kano,Kano,0,
TXN0000936,ACC00019,2024-01-22 04:35:35,96688.11,MRT001,Shoprite Ikeja,Grocery,Web,Kano,Kano,0,
TXN0005184,ACC00100,2024-08-09 03:08:28,2450.71,MRT010,Konga Electronics,E-commerce,Mobile App,Abuja,Abuja,0,
TXN0004960,ACC00095,2024-02-08 20:08:42,87100.69,MRT009,Bolt Ride Hailing,Transport,POS,Port Harcourt,Port Harcourt,0,
TXN0001870,ACC00035,2024-05-01 20:05:56,12793.69,MRT010,Konga Electronics,E-commerce,Web,Port Harcourt,Port Harcourt,0,
TXN0004279,ACC00081,2024-01-12 13:39:16,128099.18,MRT006,Chicken Republic VI,Food & Dining,ATM,Abuja,Abuja,0,
TXN0005196,ACC00100,2024-04-09 01:44:25,134877.17,MRT003,MTN Airtime Top-up,Telecom,Web,Abuja,Abuja,0,
TXN0002132,ACC00039,2024-12-09 05:38:08,7521.21,MRT004,Netflix Subscription,Streaming,ATM,Ibadan,Ibadan,0,
TXN0003910,ACC00073,2024-10-04 05:35:58,14232.98,MRT004,Netflix Subscription,Streaming,POS,Lagos,Lagos,0,
TXN0005167,ACC00100,2024-09-30 11:28:30,126756.46,MRT004,Netflix Subscription,Streaming,ATM,Abuja,Abuja,0,
TXN0001957,ACC00036,2024-12-03 09:37:16,109023.76,MRT010,Konga Electronics,E-commerce,POS,Ibadan,Ibadan,0,
TXN0002080,ACC00038,2024-09-20 13:05:25,9307.6,MRT003,MTN Airtime Top-up,Telecom,POS,Abuja,Abuja,0,
TXN0006222,ACC00119,2024-03-18 00:03:00,132153.83,MRT004,Netflix Subscription,Streaming,Web,Kano,Kano,0,
TXN0003033,ACC00058,2024-01-15 08:54:00,72291.08,MRT006,Chicken Republic VI,Food & Dining,USSD,Lagos,Lagos,0,
TXN0003987,ACC00075,2024-09-24 02:46:09,34259.32,MRT002,POS Terminal Lekki,POS,ATM,Kano,Kano,0,
TXN0005133,ACC00099,2024-01-27 16:31:25,133914.08,MRT008,ATM Withdrawal UBA,ATM,Web,Port Harcourt,Port Harcourt,0,
TXN0005716,ACC00109,2024-04-22 09:15:47,30874.59,MRT010,Konga Electronics,E-commerce,POS,Port Harcourt,Port Harcourt,0,
TXN0003600,ACC00068,2024-04-03 17:00:35,125588.01,MRT008,ATM Withdrawal UBA,ATM,ATM,Abuja,Abuja,0,
TXN0005265,ACC00101,2024-06-06 14:54:55,132777.32,MRT009,Bolt Ride Hailing,Transport,ATM,Kano,Kano,0,
TXN0004145,ACC00079,2024-12-29 20:15:44,25450.88,MRT007,EKEDC Electricity,Utilities,ATM,Kano,Kano,0,
TXN0002429,ACC00045,2024-09-10 12:30:31,116489.55,MRT007,EKEDC Electricity,Utilities,Mobile App,Lagos,Lagos,0,
TXN0001509,ACC00029,2024-08-11 19:59:35,5502.55,MRT006,Chicken Republic VI,Food & Dining,Mobile App,Port Harcourt,Port Harcourt,0,
TXN0000503,ACC00010,2024-03-12 11:26:58,148553.37,MRT009,Bolt Ride Hailing,Transport,Mobile App,Ibadan,Ibadan,0,
TXN0005619,ACC00108,2024-05-15 15:58:09,69432.45,MRT003,MTN Airtime Top-up,Telecom,USSD,Kano,Kano,0,
TXN0002236,ACC00042,2024-02-06 05:04:25,16094.82,MRT003,MTN Airtime Top-up,Telecom,USSD,Abuja,Abuja,0,
TXN0003192,ACC00060,2024-03-04 18:48:39,107404.67,MRT009,Bolt Ride Hailing,Transport,ATM,Port Harcourt,Port Harcourt,0,
TXN0002166,ACC00040,2024-11-29 11:41:04,63598.14,MRT001,Shoprite Ikeja,Grocery,Web,Abuja,Abuja,0,
TXN0004469,ACC00086,2024-10-26 19:54:19,109751.62,MRT004,Netflix Subscription,Streaming,POS,Port Harcourt,Port Harcourt,0,
TXN0003321,ACC00062,2024-06-27 17:50:51,7985.99,MRT006,Chicken Republic VI,Food & Dining,USSD,Lagos,Lagos,0,
TXN0003287,ACC00061,2024-12-08 21:44:04,45541.71,MRT003,MTN Airtime Top-up,Telecom,Mobile App,Kano,Kano,0,
TXN0003652,ACC00069,2024-12-22 07:31:41,106398.91,MRT009,Bolt Ride Hailing,Transport,USSD,Abuja,Abuja,0,
TXN0002896,ACC00055,2024-04-30 16:16:03,84804.19,MRT003,MTN Airtime Top-up,Telecom,POS,Lagos,Lagos,0,
TXN0005818,ACC00111,2024-07-15 09:03:30,114647.94,MRT009,Bolt Ride Hailing,Transport,POS,Ibadan,Ibadan,0,
TXN0001542,ACC00030,2024-08-25 02:08:16,50577.63,MRT005,Jumia Online Store,E-commerce,POS,Abuja,Abuja,0,
TXN0001537,ACC00029,2024-06-03 03:30:15,1543070.98,MRT015,Sports Betting GG,Gambling,Mobile App,Port Harcourt,Port Harcourt,1,Large transaction at unusual hour (1am–4am)
TXN0002474,ACC00046,2024-04-15 06:24:21,15310.39,MRT010,Konga Electronics,E-commerce,Mobile App,Abuja,Abuja,0,
TXN0003231,ACC00061,2024-12-01 05:28:13,149586.12,MRT008,ATM Withdrawal UBA,ATM,ATM,Kano,Kano,0,
TXN0001217,ACC00024,2024-11-09 15:08:38,43059.19,MRT005,Jumia Online Store,E-commerce,USSD,Lagos,Lagos,0,
TXN0003001,ACC00057,2024-04-07 04:01:20,31276.21,MRT009,Bolt Ride Hailing,Transport,POS,Lagos,Lagos,0,
TXN0005821,ACC00111,2024-02-13 10:51:05,124758.14,MRT004,Netflix Subscription,Streaming,POS,Ibadan,Ibadan,0,
TXN0001818,ACC00034,2024-07-03 13:49:20,31856.0,MRT007,EKEDC Electricity,Utilities,Mobile App,Abuja,Abuja,0,
TXN0002557,ACC00049,2024-09-27 13:46:21,43803.63,MRT003,MTN Airtime Top-up,Telecom,USSD,Lagos,Lagos,0,
TXN0000305,ACC00006,2024-12-02 05:49:29,41345.88,MRT006,Chicken Republic VI,Food & Dining,POS,Abuja,Abuja,0,
TXN0001872,ACC00035,2024-11-24 22:14:36,103020.13,MRT010,Konga Electronics,E-commerce,POS,Port Harcourt,Port Harcourt,0,
TXN0003290,ACC00062,2024-01-02 22:05:19,24319.81,MRT008,ATM Withdrawal UBA,ATM,Mobile App,Lagos,Lagos,0,
TXN0001244,ACC00024,2024-01-24 05:08:40,96863.95,MRT006,Chicken Republic VI,Food & Dining,USSD,Lagos,Lagos,0,
TXN0000124,ACC00003,2024-11-24 06:48:13,30282.94,MRT005,Jumia Online Store,E-commerce,ATM,Kano,Kano,0,
TXN0003230,ACC00061,2024-04-16 11:29:07,145685.53,MRT001,Shoprite Ikeja,Grocery,Mobile App,Kano,Kano,0,
TXN0005572,ACC00107,2024-10-17 22:53:39,76948.59,MRT005,Jumia Online Store,E-commerce,Mobile App,Ibadan,Ibadan,0,
TXN0005230,ACC00101,2024-10-18 10:21:03,137616.59,MRT006,Chicken Republic VI,Food & Dining,ATM,Kano,Kano,0,
TXN0005010,ACC00097,2024-10-11 20:09:16,67887.14,MRT002,POS Terminal Lekki,POS,ATM,Kano,Kano,0,
TXN0004811,ACC00092,2024-05-22 09:48:15,46388.3,MRT007,EKEDC Electricity,Utilities,Web,Ibadan,Ibadan,0,
TXN0003000,ACC00057,2024-09-12 09:06:58,98660.25,MRT002,POS Terminal Lekki,POS,Mobile App,Lagos,Lagos,0,
TXN0003955,ACC00074,2024-09-29 23:17:09,72218.89,MRT010,Konga Electronics,E-commerce,Web,Ibadan,Ibadan,0,
TXN0002314,ACC00043,2024-04-01 18:34:12,12185.59,MRT009,Bolt Ride Hailing,Transport,ATM,Abuja,Abuja,0,
TXN0004338,ACC00082,2024-03-21 07:20:34,53300.14,MRT007,EKEDC Electricity,Utilities,Web,Abuja,Abuja,0,
TXN0003403,ACC00064,2024-01-14 21:09:51,22629.58,MRT003,MTN Airtime Top-up,Telecom,POS,Lagos,Lagos,0,
TXN0003984,ACC00075,2024-07-08 23:29:16,49160.35,MRT002,POS Terminal Lekki,POS,POS,Kano,Kano,0,
TXN0003063,ACC00058,2024-03-30 16:03:26,47565.05,MRT008,ATM Withdrawal UBA,ATM,Mobile App,Lagos,Lagos,0,
TXN0005648,ACC00108,2024-11-07 11:01:12,127123.49,MRT009,Bolt Ride Hailing,Transport,Mobile App,Kano,Kano,0,
TXN0001887,ACC00035,2024-08-21 01:10:37,149283.51,MRT004,Netflix Subscription,Streaming,POS,Port Harcourt,Port Harcourt,0,
TXN0005330,ACC00102,2024-06-04 11:06:46,61307.28,MRT006,Chicken Republic VI,Food & Dining,Web,Kano,Kano,0,
TXN0002021,ACC00037,2024-09-10 05:25:34,104771.91,MRT008,ATM Withdrawal UBA,ATM,ATM,Port Harcourt,Port Harcourt,0,
TXN0002532,ACC00048,2024-04-16 08:34:31,139400.2,MRT004,Netflix Subscription,Streaming,ATM,Kano,Kano,0,
TXN0002703,ACC00052,2024-02-25 01:05:34,41448.84,MRT002,POS Terminal Lekki,POS,Mobile App,Port Harcourt,Port Harcourt,0,
TXN0001994,ACC00037,2024-04-13 21:11:56,128084.52,MRT003,MTN Airtime Top-up,Telecom,USSD,Port Harcourt,Port Harcourt,0,
TXN0004623,ACC00088,2024-06-05 09:03:25,35774.51,MRT008,ATM Withdrawal UBA,ATM,ATM,Abuja,Abuja,0,
TXN0000141,ACC00003,2024-11-30 01:05:29,145106.83,MRT007,EKEDC Electricity,Utilities,USSD,Kano,Kano,0,
TXN0002413,ACC00044,2024-06-01 08:21:59,63654.4,MRT006,Chicken Republic VI,Food & Dining,ATM,Kano,Kano,0,
TXN0003709,ACC00070,2024-10-26 08:46:30,79368.74,MRT001,Shoprite Ikeja,Grocery,Mobile App,Port Harcourt,Port Harcourt,0,
TXN0000941,ACC00019,2024-01-31 14:45:15,66906.24,MRT008,ATM Withdrawal UBA,ATM,USSD,Kano,Kano,0,
TXN0003254,ACC00061,2024-03-10 03:07:04,21493.7,MRT005,Jumia Online Store,E-commerce,POS,Kano,Kano,0,
TXN0002662,ACC00051,2024-05-08 16:06:33,134528.42,MRT007,EKEDC Electricity,Utilities,USSD,Abuja,Abuja,0,
TXN0005804,ACC00110,2024-01-27 16:13:06,11943.24,MRT007,EKEDC Electricity,Utilities,Mobile App,Lagos,Lagos,0,
TXN0002649,ACC00050,2024-07-04 09:50:31,98078.64,MRT006,Chicken Republic VI,Food & Dining,ATM,Kano,Kano,0,
TXN0000558,ACC00010,2024-02-22 20:46:19,48439.44,MRT005,Jumia Online Store,E-commerce,Web,Ibadan,Ibadan,0,
TXN0005496,ACC00106,2024-09-17 07:54:19,117605.33,MRT007,EKEDC Electricity,Utilities,POS,Ibadan,Ibadan,0,
TXN0001451,ACC00028,2024-07-25 17:10:12,116031.67,MRT006,Chicken Republic VI,Food & Dining,Mobile App,Ibadan,Ibadan,0,
TXN0000097,ACC00002,2024-05-14 00:47:17,83011.65,MRT006,Chicken Republic VI,Food & Dining,USSD,Lagos,Lagos,0,
TXN0002486,ACC00047,2024-10-10 11:39:19,141757.61,MRT004,Netflix Subscription,Streaming,Web,Abuja,Abuja,0,
TXN0000927,ACC00019,2024-05-19 06:23:02,4808.03,MRT010,Konga Electronics,E-commerce,Web,Kano,Kano,0,
TXN0004646,ACC00088,2024-04-01 08:58:37,60547.17,MRT009,Bolt Ride Hailing,Transport,ATM,Abuja,Abuja,0,
TXN0001031,ACC00020,2024-02-17 20:38:05,1251.96,MRT001,Shoprite Ikeja,Grocery,USSD,Port Harcourt,Port Harcourt,0,
TXN0005368,ACC00103,2024-09-25 07:12:15,21674.34,MRT003,MTN Airtime Top-up,Telecom,Web,Lagos,Lagos,0,
TXN0005687,ACC00109,2024-03-12 13:12:41,19170.19,MRT003,MTN Airtime Top-up,Telecom,Mobile App,Port Harcourt,Port Harcourt,0,
TXN0000114,ACC00003,2024-01-18 20:40:00,119523.45,MRT006,Chicken Republic VI,Food & Dining,POS,Kano,Kano,0,
TXN0001794,ACC00034,2024-08-10 05:23:09,71648.7,MRT008,ATM Withdrawal UBA,ATM,Web,Abuja,Abuja,0,
TXN0002431,ACC00045,2024-04-16 21:11:57,55414.8,MRT008,ATM Withdrawal UBA,ATM,Mobile App,Lagos,Lagos,0,
TXN0005770,ACC00110,2024-02-27 09:39:38,129285.74,MRT009,Bolt Ride Hailing,Transport,ATM,Lagos,Lagos,0,
TXN0003906,ACC00073,2024-08-26 02:20:20,96721.34,MRT001,Shoprite Ikeja,Grocery,POS,Lagos,Lagos,0,
TXN0002795,ACC00054,2024-10-05 04:04:46,141967.52,MRT010,Konga Electronics,E-commerce,Mobile App,Ibadan,Ibadan,0,
TXN0005977,ACC00113,2024-05-28 16:08:05,16507.1,MRT001,Shoprite Ikeja,Grocery,Mobile App,Kano,Kano,0,
TXN0001067,ACC00021,2024-01-16 11:56:19,15932.14,MRT006,Chicken Republic VI,Food & Dining,USSD,Ibadan,Ibadan,0,
TXN0002290,ACC00042,2024-09-09 09:55:35,55662.5,MRT010,Konga Electronics,E-commerce,Mobile App,Abuja,Abuja,0,
TXN0002237,ACC00042,2024-03-09 23:41:18,124057.99,MRT001,Shoprite Ikeja,Grocery,USSD,Abuja,Abuja,0,
TXN0004133,ACC00079,2024-11-11 20:33:33,75386.51,MRT001,Shoprite Ikeja,Grocery,Mobile App,Kano,Kano,0,
TXN0000364,ACC00007,2024-03-14 17:22:55,74990.7,MRT003,MTN Airtime Top-up,Telecom,USSD,Port Harcourt,Port Harcourt,0,
TXN0003086,ACC00058,2024-02-02 12:58:28,134392.08,MRT003,MTN Airtime Top-up,Telecom,USSD,Lagos,Lagos,0,
TXN0005208,ACC00100,2024-12-26 05:05:52,42597.69,MRT001,Shoprite Ikeja,Grocery,POS,Abuja,Abuja,0,
TXN0003154,ACC00059,2024-01-29 16:42:25,108455.87,MRT009,Bolt Ride Hailing,Transport,ATM,Lagos,Lagos,0,
TXN0000562,ACC00010,2024-11-13 02:16:49,55069.82,MRT007,EKEDC Electricity,Utilities,USSD,Ibadan,Ibadan,0,
TXN0003547,ACC00067,2024-12-10 10:40:27,16231.62,MRT010,Konga Electronics,E-commerce,Web,Lagos,Lagos,0,
TXN0002233,ACC00042,2024-05-28 02:08:47,142329.55,MRT004,Netflix Subscription,Streaming,Mobile App,Abuja,Abuja,0,
TXN0002522,ACC00048,2024-01-21 05:02:47,64734.93,MRT006,Chicken Republic VI,Food & Dining,USSD,Kano,Kano,0,
TXN0004014,ACC00076,2024-04-08 08:02:06,18091.45,MRT010,Konga Electronics,E-commerce,USSD,Port Harcourt,Port Harcourt,0,
TXN0001643,ACC00032,2024-09-08 12:26:38,2881.56,MRT002,POS Terminal Lekki,POS,POS,Port Harcourt,Port Harcourt,0,
TXN0005636,ACC00108,2024-05-13 08:59:11,33915.6,MRT006,Chicken Republic VI,Food & Dining,POS,Kano,Kano,0,
TXN0003256,ACC00061,2024-12-09 03:27:21,26978.26,MRT004,Netflix Subscription,Streaming,POS,Kano,Kano,0,
TXN0003653,ACC00069,2024-05-01 17:53:23,121184.41,MRT002,POS Terminal Lekki,POS,USSD,Abuja,Abuja,0,
TXN0002907,ACC00056,2024-02-19 10:17:15,81718.8,MRT010,Konga Electronics,E-commerce,USSD,Abuja,Abuja,0,
TXN0002083,ACC00038,2024-12-12 19:27:57,39061.18,MRT006,Chicken Republic VI,Food & Dining,Mobile App,Abuja,Abuja,0,
TXN0005631,ACC00108,2024-10-05 03:22:44,105373.53,MRT003,MTN Airtime Top-up,Telecom,ATM,Kano,Kano,0,
TXN0006029,ACC00114,2024-12-09 13:18:46,132673.86,MRT007,EKEDC Electricity,Utilities,Web,Lagos,Lagos,0,
TXN0001844,ACC00035,2024-04-07 19:01:16,132742.45,MRT008,ATM Withdrawal UBA,ATM,Web,Port Harcourt,Port Harcourt,0,
TXN0005865,ACC00111,2024-08-22 22:13:05,4988.75,MRT006,Chicken Republic VI,Food & Dining,Mobile App,Ibadan,Ibadan,0,
TXN0005478,ACC00106,2024-10-04 08:52:43,62644.94,MRT010,Konga Electronics,E-commerce,ATM,Ibadan,Ibadan,0,
TXN0005574,ACC00107,2024-07-30 01:13:36,80599.93,MRT007,EKEDC Electricity,Utilities,ATM,Ibadan,Ibadan,0,
TXN0002306,ACC00043,2024-09-08 16:13:49,112707.36,MRT005,Jumia Online Store,E-commerce,Web,Abuja,Abuja,0,
TXN0004367,ACC00082,2024-05-09 11:47:06,34522.86,MRT008,ATM Withdrawal UBA,ATM,USSD,Abuja,Abuja,0,
TXN0002818,ACC00054,2024-02-19 01:05:45,129353.29,MRT006,Chicken Republic VI,Food & Dining,USSD,Ibadan,Ibadan,0,
TXN0000447,ACC00009,2024-06-10 08:02:15,84804.72,MRT008,ATM Withdrawal UBA,ATM,USSD,Lagos,Lagos,0,
TXN0005008,ACC00096,2024-12-28 23:36:49,43177.16,MRT008,ATM Withdrawal UBA,ATM,USSD,Port Harcourt,Port Harcourt,0,
TXN0000660,ACC00012,2024-11-29 23:25:54,13459.86,MRT004,Netflix Subscription,Streaming,Mobile App,Kano,Kano,0,
TXN0003353,ACC00063,2024-09-13 14:09:22,145174.68,MRT010,Konga Electronics,E-commerce,ATM,Lagos,Lagos,0,
TXN0004464,ACC00085,2024-03-13 11:08:10,118404.52,MRT007,EKEDC Electricity,Utilities,POS,Lagos,Lagos,0,
TXN0003062,ACC00058,2024-12-19 19:47:00,49638.33,MRT004,Netflix Subscription,Streaming,POS,Lagos,Lagos,0,
TXN0004258,ACC00081,2024-10-25 14:40:31,99665.47,MRT010,Konga Electronics,E-commerce,ATM,Abuja,Abuja,0,
TXN0003619,ACC00068,2024-05-19 06:17:27,53180.58,MRT006,Chicken Republic VI,Food & Dining,Web,Abuja,Abuja,0,
TXN0000321,ACC00006,2024-05-24 11:24:57,114581.13,MRT008,ATM Withdrawal UBA,ATM,USSD,Abuja,Abuja,0,
TXN0000319,ACC00006,2024-05-20 15:29:17,142445.33,MRT007,EKEDC Electricity,Utilities,Mobile App,Abuja,Abuja,0,
TXN0002169,ACC00040,2024-08-20 22:11:23,127875.3,MRT006,Chicken Republic VI,Food & Dining,USSD,Abuja,Abuja,0,
TXN0003862,ACC00073,2024-02-28 05:10:03,50928.63,MRT005,Jumia Online Store,E-commerce,Mobile App,Lagos,Lagos,0,
TXN0004344,ACC00082,2024-04-20 01:54:35,26970.48,MRT005,Jumia Online Store,E-commerce,Mobile App,Abuja,Abuja,0,
TXN0000110,ACC00003,2024-12-04 19:11:56,5866.92,MRT009,Bolt Ride Hailing,Transport,Mobile App,Kano,Kano,0,
TXN0005645,ACC00108,2024-04-08 23:56:03,53115.53,MRT009,Bolt Ride Hailing,Transport,USSD,Kano,Kano,0,
TXN0006223,ACC00119,2024-08-16 17:03:17,147933.51,MRT010,Konga Electronics,E-commerce,ATM,Kano,Kano,0,
TXN0003952,ACC00074,2024-12-07 20:54:09,26599.9,MRT008,ATM Withdrawal UBA,ATM,Mobile App,Ibadan,Ibadan,0,
TXN0002464,ACC00046,2024-05-27 03:59:40,144620.65,MRT001,Shoprite Ikeja,Grocery,Web,Abuja,Abuja,0,
TXN0001767,ACC00034,2024-12-13 11:43:03,140892.76,MRT008,ATM Withdrawal UBA,ATM,POS,Abuja,Abuja,0,
TXN0005530,ACC00107,2024-02-10 05:19:59,145757.85,MRT010,Konga Electronics,E-commerce,USSD,Ibadan,Ibadan,0,
TXN0002255,ACC00042,2024-10-11 18:19:44,68945.31,MRT007,EKEDC Electricity,Utilities,Web,Abuja,Abuja,0,
TXN0005927,ACC00112,2024-03-19 06:30:11,111453.6,MRT008,ATM Withdrawal UBA,ATM,USSD,Abuja,Abuja,0,
TXN0005047,ACC00097,2024-12-24 21:44:14,106897.76,MRT001,Shoprite Ikeja,Grocery,USSD,Kano,Kano,0,
TXN0004322,ACC00082,2024-06-06 02:24:18,62025.68,MRT010,Konga Electronics,E-commerce,USSD,Abuja,Abuja,0,
TXN0000799,ACC00016,2024-07-01 21:31:13,134284.18,MRT008,ATM Withdrawal UBA,ATM,POS,Ibadan,Ibadan,0,
TXN0000260,ACC00005,2024-03-11 05:36:23,121452.04,MRT010,Konga Electronics,E-commerce,Web,Kano,Kano,0,
TXN0003019,ACC00057,2024-12-24 08:10:30,121631.43,MRT005,Jumia Online Store,E-commerce,USSD,Lagos,Lagos,0,
TXN0003696,ACC00069,2024-12-23 07:00:48,140703.83,MRT006,Chicken Republic VI,Food & Dining,USSD,Abuja,Abuja,0,
TXN0000302,ACC00006,2024-12-28 11:38:53,77549.85,MRT005,Jumia Online Store,E-commerce,USSD,Abuja,Abuja,0,
TXN0002439,ACC00045,2024-06-01 22:26:59,122710.7,MRT009,Bolt Ride Hailing,Transport,USSD,Lagos,Lagos,0,
TXN0002466,ACC00046,2024-09-22 15:08:55,61313.8,MRT009,Bolt Ride Hailing,Transport,POS,Abuja,Abuja,0,
TXN0005974,ACC00113,2024-05-01 04:34:40,108948.21,MRT007,EKEDC Electricity,Utilities,POS,Kano,Kano,0,
TXN0003836,ACC00072,2024-12-01 22:27:39,66656.19,MRT001,Shoprite Ikeja,Grocery,USSD,Abuja,Abuja,0,
TXN0001573,ACC00031,2024-05-21 21:21:31,128074.64,MRT009,Bolt Ride Hailing,Transport,POS,Ibadan,Ibadan,0,
TXN0001192,ACC00024,2024-02-18 13:27:23,99472.37,MRT004,Netflix Subscription,Streaming,Mobile App,Lagos,Lagos,0,
TXN0000991,ACC00019,2024-09-22 02:50:30,28453.0,MRT002,POS Terminal Lekki,POS,Web,Kano,Kano,0,
TXN0000322,ACC00006,2024-02-23 11:24:41,55359.02,MRT009,Bolt Ride Hailing,Transport,POS,Abuja,Abuja,0,
TXN0001241,ACC00024,2024-08-13 16:01:49,103416.78,MRT008,ATM Withdrawal UBA,ATM,Web,Lagos,Lagos,0,
TXN0000174,ACC00003,2024-09-23 10:53:31,73795.19,MRT002,POS Terminal Lekki,POS,ATM,Kano,Kano,0,
TXN0000461,ACC00009,2024-03-01 05:50:09,28677.83,MRT005,Jumia Online Store,E-commerce,Mobile App,Lagos,Lagos,0,
TXN0002436,ACC00045,2024-09-07 08:04:34,45105.32,MRT007,EKEDC Electricity,Utilities,Web,Lagos,Lagos,0,
TXN0006011,ACC00114,2024-07-27 11:42:52,148964.33,MRT001,Shoprite Ikeja,Grocery,ATM,Lagos,Lagos,0,
TXN0000510,ACC00010,2024-01-03 13:37:53,82970.71,MRT009,Bolt Ride Hailing,Transport,Mobile App,Ibadan,Ibadan,0,
TXN0000613,ACC00011,2024-08-07 16:14:39,82684.06,MRT008,ATM Withdrawal UBA,ATM,Mobile App,Abuja,Abuja,0,
TXN0005415,ACC00105,2024-11-09 14:57:03,41206.97,MRT007,EKEDC Electricity,Utilities,POS,Kano,Kano,0,
TXN0001896,ACC00036,2024-09-17 12:13:49,106580.11,MRT010,Konga Electronics,E-commerce,Mobile App,Ibadan,Ibadan,0,
TXN0000175,ACC00003,2024-01-29 12:58:59,48655.72,MRT002,POS Terminal Lekki,POS,Web,Kano,Kano,0,
TXN0004579,ACC00087,2024-03-17 01:54:56,142438.84,MRT010,Konga Electronics,E-commerce,ATM,Kano,Kano,0,
TXN0000530,ACC00010,2024-09-19 22:25:23,50093.61,MRT009,Bolt Ride Hailing,Transport,Web,Ibadan,Ibadan,0,
TXN0002668,ACC00051,2024-10-25 13:58:30,149015.79,MRT003,MTN Airtime Top-up,Telecom,USSD,Abuja,Abuja,0,
TXN0001950,ACC00036,2024-02-02 08:19:27,131574.92,MRT007,EKEDC Electricity,Utilities,POS,Ibadan,Ibadan,0,
TXN0001337,ACC00026,2024-04-28 10:07:49,73744.96,MRT006,Chicken Republic VI,Food & Dining,Web,Ibadan,Ibadan,0,
TXN0000679,ACC00013,2024-12-23 15:38:30,146159.85,MRT004,Netflix Subscription,Streaming,Web,Port Harcourt,Port Harcourt,0,
TXN0002159,ACC00040,2024-06-21 16:11:56,36851.3,MRT003,MTN Airtime Top-up,Telecom,Mobile App,Abuja,Abuja,0,
TXN0002947,ACC00056,2024-11-26 21:30:22,35139.79,MRT003,MTN Airtime Top-up,Telecom,Mobile App,Abuja,Abuja,0,
TXN0004177,ACC00079,2024-04-09 02:09:02,584.76,MRT004,Netflix Subscription,Streaming,Mobile App,Kano,Kano,0,
TXN0005023,ACC00097,2024-06-20 02:08:42,76020.89,MRT008,ATM Withdrawal UBA,ATM,USSD,Kano,Kano,0,
TXN0000776,ACC00016,2024-11-15 02:26:35,67271.18,MRT006,Chicken Republic VI,Food & Dining,POS,Ibadan,Ibadan,0,
TXN0004668,ACC00088,2024-12-02 10:25:40,82154.22,MRT004,Netflix Subscription,Streaming,USSD,Abuja,Abuja,0,
TXN0003191,ACC00060,2024-03-22 19:05:38,139098.4,MRT006,Chicken Republic VI,Food & Dining,Web,Port Harcourt,Port Harcourt,0,
TXN0005959,ACC00112,2024-01-07 18:09:01,44551.56,MRT001,Shoprite Ikeja,Grocery,Web,Abuja,Abuja,0,
TXN0000966,ACC00019,2024-06-11 14:14:17,137428.58,MRT010,Konga Electronics,E-commerce,Web,Kano,Kano,0,
TXN0004333,ACC00082,2024-06-09 12:45:20,51532.87,MRT002,POS Terminal Lekki,POS,ATM,Abuja,Abuja,0,
TXN0002990,ACC00057,2024-09-29 08:56:31,82656.97,MRT007,EKEDC Electricity,Utilities,Mobile App,Lagos,Lagos,0,
TXN0005462,ACC00105,2024-11-15 14:32:52,21644.55,MRT001,Shoprite Ikeja,Grocery,POS,Kano,Kano,0,
TXN0005920,ACC00112,2024-06-25 02:20:22,89264.68,MRT004,Netflix Subscription,Streaming,USSD,Abuja,Abuja,0,
TXN0005520,ACC00107,2024-10-03 18:01:15,137271.29,MRT005,Jumia Online Store,E-commerce,Web,Ibadan,Ibadan,0,
TXN0005105,ACC00098,2024-06-27 09:31:42,32085.18,MRT003,MTN Airtime Top-up,Telecom,Web,Ibadan,Ibadan,0,
TXN0001898,ACC00036,2024-04-27 11:34:22,100853.67,MRT007,EKEDC Electricity,Utilities,Web,Ibadan,Ibadan,0,
TXN0005950,ACC00112,2024-12-19 12:08:36,103463.39,MRT002,POS Terminal Lekki,POS,Web,Abuja,Abuja,0,
TXN0003522,ACC00067,2024-12-06 04:22:10,2869.58,MRT008,ATM Withdrawal UBA,ATM,POS,Lagos,Lagos,0,
TXN0000751,ACC00015,2024-03-31 09:30:00,15470.08,MRT003,MTN Airtime Top-up,Telecom,Web,Abuja,Abuja,0,
TXN0003967,ACC00075,2024-07-30 11:57:13,56303.49,MRT003,MTN Airtime Top-up,Telecom,POS,Kano,Kano,0,
TXN0001939,ACC00036,2024-05-12 17:17:34,101627.78,MRT008,ATM Withdrawal UBA,ATM,Web,Ibadan,Ibadan,0,
TXN0004483,ACC00086,2024-03-28 15:50:26,132416.22,MRT001,Shoprite Ikeja,Grocery,Mobile App,Port Harcourt,Port Harcourt,0,
TXN0004205,ACC00080,2024-01-20 22:41:21,70945.62,MRT001,Shoprite Ikeja,Grocery,Mobile App,Abuja,Abuja,0,
TXN0000298,ACC00006,2024-11-11 22:27:07,124642.36,MRT003,MTN Airtime Top-up,Telecom,ATM,Abuja,Abuja,0,
TXN0002805,ACC00054,2024-11-18 06:45:52,108626.42,MRT007,EKEDC Electricity,Utilities,POS,Ibadan,Ibadan,0,
TXN0003083,ACC00058,2024-09-01 23:46:49,111234.27,MRT008,ATM Withdrawal UBA,ATM,ATM,Lagos,Lagos,0,
TXN0002935,ACC00056,2024-09-07 12:51:05,66949.67,MRT010,Konga Electronics,E-commerce,POS,Abuja,Abuja,0,
TXN0003890,ACC00073,2024-05-04 06:56:55,147800.04,MRT008,ATM Withdrawal UBA,ATM,USSD,Lagos,Lagos,0,
TXN0002778,ACC00054,2024-04-07 03:02:13,30082.53,MRT003,MTN Airtime Top-up,Telecom,POS,Ibadan,Ibadan,0,
TXN0005489,ACC00106,2024-03-11 08:39:51,112865.16,MRT008,ATM Withdrawal UBA,ATM,Web,Ibadan,Ibadan,0,
TXN0005490,ACC00106,2024-03-18 06:32:16,20454.75,MRT004,Netflix Subscription,Streaming,Web,Ibadan,Ibadan,0,
TXN0003761,ACC00070,2024-09-22 04:54:49,92084.97,MRT008,ATM Withdrawal UBA,ATM,POS,Port Harcourt,Port Harcourt,0,
TXN0003442,ACC00066,2024-09-20 05:57:01,75707.81,MRT009,Bolt Ride Hailing,Transport,ATM,Lagos,Lagos,0,
TXN0003473,ACC00066,2024-05-06 00:59:00,123734.45,MRT007,EKEDC Electricity,Utilities,Web,Lagos,Lagos,0,
TXN0002904,ACC00056,2024-01-11 17:55:49,4450.11,MRT009,Bolt Ride Hailing,Transport,ATM,Abuja,Abuja,0,
TXN0000470,ACC00009,2024-09-13 09:37:32,33545.89,MRT009,Bolt Ride Hailing,Transport,POS,Lagos,Lagos,0,
TXN0004468,ACC00086,2024-08-11 14:00:02,76029.84,MRT009,Bolt Ride Hailing,Transport,Mobile App,Port Harcourt,Port Harcourt,0,
TXN0004012,ACC00076,2024-03-11 09:12:59,41573.8,MRT008,ATM Withdrawal UBA,ATM,USSD,Port Harcourt,Port Harcourt,0,
TXN0006212,ACC00119,2024-02-08 23:29:34,96157.16,MRT010,Konga Electronics,E-commerce,POS,Kano,Kano,0,
TXN0006161,ACC00119,2024-06-02 10:54:18,123697.39,MRT006,Chicken Republic VI,Food & Dining,ATM,Kano,Kano,0,
TXN0002606,ACC00050,2024-05-20 00:02:34,134390.18,MRT002,POS Terminal Lekki,POS,USSD,Kano,Kano,0,
TXN0001665,ACC00032,2024-03-14 03:34:57,13552.66,MRT008,ATM Withdrawal UBA,ATM,ATM,Port Harcourt,Port Harcourt,0,
TXN0006077,ACC00116,2024-12-20 05:14:19,63381.36,MRT008,ATM Withdrawal UBA,ATM,Web,Ibadan,Ibadan,0,
TXN0004501,ACC00086,2024-03-30 20:20:01,79718.33,MRT007,EKEDC Electricity,Utilities,POS,Port Harcourt,Port Harcourt,0,
TXN0000293,ACC00006,2024-01-17 21:46:12,147165.39,MRT007,EKEDC Electricity,Utilities,POS,Abuja,Abuja,0,
TXN0004564,ACC00087,2024-02-08 03:46:56,115090.41,MRT003,MTN Airtime Top-up,Telecom,USSD,Kano,Kano,0,
TXN0006199,ACC00119,2024-01-30 12:29:50,15431.25,MRT004,Netflix Subscription,Streaming,POS,Kano,Kano,0,
TXN0002156,ACC00040,2024-08-19 03:26:02,89136.53,MRT002,POS Terminal Lekki,POS,Web,Abuja,Abuja,0,
TXN0003265,ACC00061,2024-12-24 00:54:41,77795.96,MRT002,POS Terminal Lekki,POS,Web,Kano,Kano,0,
TXN0003719,ACC00070,2024-09-05 17:09:27,2831.11,MRT010,Konga Electronics,E-commerce,ATM,Port Harcourt,Port Harcourt,0,
TXN0004328,ACC00082,2024-02-16 14:16:07,20301.06,MRT004,Netflix Subscription,Streaming,Mobile App,Abuja,Abuja,0,
TXN0001276,ACC00025,2024-08-04 20:53:02,62570.1,MRT009,Bolt Ride Hailing,Transport,Mobile App,Port Harcourt,Port Harcourt,0,
TXN0002217,ACC00041,2024-12-20 08:01:17,1775.81,MRT005,Jumia Online Store,E-commerce,POS,Ibadan,Ibadan,0,
TXN0005213,ACC00100,2024-03-06 01:05:34,7440.72,MRT007,EKEDC Electricity,Utilities,Web,Abuja,Abuja,0,
TXN0005347,ACC00103,2024-02-19 15:22:24,144970.85,MRT006,Chicken Republic VI,Food & Dining,POS,Lagos,Lagos,0,
TXN0003828,ACC00072,2024-09-02 01:22:24,118026.68,MRT006,Chicken Republic VI,Food & Dining,Mobile App,Abuja,Abuja,0,
TXN0005449,ACC00105,2024-02-19 19:52:37,108581.03,MRT010,Konga Electronics,E-commerce,Web,Kano,Kano,0,
TXN0003742,ACC00070,2024-08-19 20:27:25,99600.08,MRT001,Shoprite Ikeja,Grocery,USSD,Port Harcourt,Port Harcourt,0,
TXN0000042,ACC00001,2024-04-25 01:13:01,54451.72,MRT004,Netflix Subscription,Streaming,POS,Lagos,Lagos,0,
TXN0004161,ACC00079,2024-01-27 07:31:42,50052.13,MRT006,Chicken Republic VI,Food & Dining,POS,Kano,Kano,0,
TXN0001332,ACC00026,2024-04-23 14:15:22,35059.71,MRT007,EKEDC Electricity,Utilities,ATM,Ibadan,Ibadan,0,
TXN0005158,ACC00100,2024-12-12 19:04:21,100195.78,MRT002,POS Terminal Lekki,POS,Web,Abuja,Abuja,0,
TXN0000172,ACC00003,2024-01-17 20:11:29,45593.73,MRT009,Bolt Ride Hailing,Transport,Mobile App,Kano,Kano,0,
TXN0004796,ACC00092,2024-09-13 10:47:20,68573.82,MRT003,MTN Airtime Top-up,Telecom,POS,Ibadan,Ibadan,0,
TXN0003487,ACC00066,2024-11-02 20:36:55,74055.42,MRT009,Bolt Ride Hailing,Transport,USSD,Lagos,Lagos,0,
TXN0001289,ACC00025,2024-03-24 10:17:37,3744.36,MRT006,Chicken Republic VI,Food & Dining,POS,Port Harcourt,Port Harcourt,0,
TXN0003017,ACC00057,2024-01-21 07:05:42,5180.26,MRT005,Jumia Online Store,E-commerce,POS,Lagos,Lagos,0,
TXN0001273,ACC00025,2024-03-24 20:20:03,15019.33,MRT009,Bolt Ride Hailing,Transport,Web,Port Harcourt,Port Harcourt,0,
TXN0001906,ACC00036,2024-07-19 18:32:04,65648.42,MRT006,Chicken Republic VI,Food & Dining,Web,Ibadan,Ibadan,0,
TXN0004839,ACC00093,2024-06-24 21:55:20,37352.2,MRT002,POS Terminal Lekki,POS,ATM,Ibadan,Ibadan,0,
TXN0002004,ACC00037,2024-04-05 06:30:41,51527.35,MRT008,ATM Withdrawal UBA,ATM,USSD,Port Harcourt,Port Harcourt,0,
TXN0004164,ACC00079,2024-07-16 20:56:48,94785.84,MRT004,Netflix Subscription,Streaming,POS,Kano,Kano,0,
TXN0003954,ACC00074,2024-09-26 21:06:38,41333.62,MRT009,Bolt Ride Hailing,Transport,Mobile App,Ibadan,Ibadan,0,
TXN0003286,ACC00061,2024-06-27 20:59:19,98961.99,MRT001,Shoprite Ikeja,Grocery,Web,Kano,Kano,0,
TXN0006175,ACC00119,2024-05-15 08:13:02,37466.3,MRT004,Netflix Subscription,Streaming,Web,Kano,Kano,0,
TXN0002208,ACC00041,2024-06-07 19:42:58,120773.42,MRT006,Chicken Republic VI,Food & Dining,POS,Ibadan,Ibadan,0,
TXN0004792,ACC00092,2024-09-13 23:39:20,114112.82,MRT009,Bolt Ride Hailing,Transport,Web,Ibadan,Ibadan,0,
TXN0001501,ACC00029,2024-02-25 22:08:20,98860.04,MRT008,ATM Withdrawal UBA,ATM,Web,Port Harcourt,Port Harcourt,0,
TXN0005951,ACC00112,2024-12-23 13:05:05,98066.43,MRT003,MTN Airtime Top-up,Telecom,USSD,Abuja,Abuja,0,
TXN0004968,ACC00095,2024-03-03 20:21:29,123118.61,MRT001,Shoprite Ikeja,Grocery,POS,Port Harcourt,Port Harcourt,0,
TXN0001886,ACC00035,2024-05-28 09:10:59,64980.63,MRT003,MTN Airtime Top-up,Telecom,Web,Port Harcourt,Port Harcourt,0,
TXN0000208,ACC00004,2024-02-13 01:34:03,101893.57,MRT005,Jumia Online Store,E-commerce,USSD,Ibadan,Ibadan,0,
TXN0003923,ACC00073,2024-01-14 23:35:47,34811.15,MRT004,Netflix Subscription,Streaming,ATM,Lagos,Lagos,0,
TXN0000872,ACC00017,2024-09-11 03:46:22,33726.9,MRT002,POS Terminal Lekki,POS,Web,Abuja,Abuja,0,
TXN0002327,ACC00043,2024-10-04 15:00:34,29759.5,MRT008,ATM Withdrawal UBA,ATM,Web,Abuja,Abuja,0,
TXN0005098,ACC00098,2024-02-10 20:52:07,52318.41,MRT009,Bolt Ride Hailing,Transport,POS,Ibadan,Ibadan,0,
TXN0000768,ACC00016,2024-09-26 08:27:05,118155.27,MRT010,Konga Electronics,E-commerce,Web,Ibadan,Ibadan,0,
TXN0000975,ACC00019,2024-07-05 13:22:19,85810.41,MRT010,Konga Electronics,E-commerce,ATM,Kano,Kano,0,
TXN0000651,ACC00012,2024-11-13 08:00:29,148229.16,MRT002,POS Terminal Lekki,POS,ATM,Kano,Kano,0,
TXN0004559,ACC00087,2024-11-08 11:16:41,61231.52,MRT003,MTN Airtime Top-up,Telecom,POS,Kano,Kano,0,
TXN0005097,ACC00098,2024-10-07 00:15:49,40326.96,MRT006,Chicken Republic VI,Food & Dining,Web,Ibadan,Ibadan,0,
TXN0000196,ACC00004,2024-01-12 05:51:47,41353.92,MRT003,MTN Airtime Top-up,Telecom,POS,Ibadan,Ibadan,0,
TXN0004509,ACC00086,2024-11-18 04:16:28,94756.45,MRT006,Chicken Republic VI,Food & Dining,POS,Port Harcourt,Port Harcourt,0,
TXN0002161,ACC00040,2024-07-18 06:40:42,47022.64,MRT006,Chicken Republic VI,Food & Dining,USSD,Abuja,Abuja,0,
TXN0000906,ACC00018,2024-07-17 16:18:56,18101.32,MRT010,Konga Electronics,E-commerce,Mobile App,Abuja,Abuja,0,
TXN0005020,ACC00097,2024-04-13 14:25:59,134122.24,MRT010,Konga Electronics,E-commerce,POS,Kano,Kano,0,
TXN0004373,ACC00082,2024-01-15 05:17:04,2248.83,MRT005,Jumia Online Store,E-commerce,USSD,Abuja,Abuja,0,
TXN0003754,ACC00070,2024-10-08 04:54:31,55870.64,MRT006,Chicken Republic VI,Food & Dining,Web,Port Harcourt,Port Harcourt,0,
TXN0003491,ACC00066,2024-08-10 21:22:15,91699.71,MRT008,ATM Withdrawal UBA,ATM,Web,Lagos,Lagos,0,
TXN0002035,ACC00038,2024-04-20 12:03:46,101028.85,MRT010,Konga Electronics,E-commerce,ATM,Abuja,Abuja,0,
TXN0002288,ACC00042,2024-06-05 04:12:42,2291.22,MRT006,Chicken Republic VI,Food & Dining,Web,Abuja,Abuja,0,
TXN0003141,ACC00059,2024-01-08 17:40:01,120460.73,MRT001,Shoprite Ikeja,Grocery,Mobile App,Lagos,Lagos,0,
TXN0004348,ACC00082,2024-04-14 17:13:20,72312.37,MRT003,MTN Airtime Top-up,Telecom,ATM,Abuja,Abuja,0,
TXN0001694,ACC00032,2024-06-04 23:27:43,126211.1,MRT010,Konga Electronics,E-commerce,ATM,Port Harcourt,Port Harcourt,0,
TXN0002409,ACC00044,2024-01-23 20:10:22,23328.98,MRT006,Chicken Republic VI,Food & Dining,Web,Kano,Kano,0,
TXN0001864,ACC00035,2024-11-16 03:58:22,104923.09,MRT003,MTN Airtime Top-up,Telecom,USSD,Port Harcourt,Port Harcourt,0,
TXN0002667,ACC00051,2024-10-06 00:33:28,132718.11,MRT004,Netflix Subscription,Streaming,Web,Abuja,Abuja,0,
TXN0006261,ACC00120,2024-01-05 00:13:14,86080.21,MRT001,Shoprite Ikeja,Grocery,Web,Ibadan,Ibadan,0,
TXN0000641,ACC00011,2024-01-18 20:13:08,94113.84,MRT002,POS Terminal Lekki,POS,ATM,Abuja,Abuja,0,
TXN0002119,ACC00039,2024-05-20 23:23:51,42473.08,MRT001,Shoprite Ikeja,Grocery,USSD,Ibadan,Ibadan,0,
TXN0004448,ACC00085,2024-11-07 11:07:23,139256.72,MRT001,Shoprite Ikeja,Grocery,ATM,Lagos,Lagos,0,
TXN0005932,ACC00112,2024-11-27 21:10:05,64075.98,MRT009,Bolt Ride Hailing,Transport,POS,Abuja,Abuja,0,
TXN0003904,ACC00073,2024-11-19 00:58:42,82744.0,MRT007,EKEDC Electricity,Utilities,ATM,Lagos,Lagos,0,
TXN0000161,ACC00003,2024-02-18 21:41:44,31178.23,MRT010,Konga Electronics,E-commerce,USSD,Kano,Kano,0,
TXN0003139,ACC00059,2024-03-21 01:55:51,142207.73,MRT002,POS Terminal Lekki,POS,USSD,Lagos,Lagos,0,
TXN0000664,ACC00013,2024-10-29 12:31:24,127259.87,MRT001,Shoprite Ikeja,Grocery,POS,Port Harcourt,Port Harcourt,0,
TXN0003274,ACC00061,2024-06-26 06:22:55,86606.8,MRT010,Konga Electronics,E-commerce,ATM,Kano,Kano,0,
TXN0001793,ACC00034,2024-08-08 22:06:53,99181.75,MRT008,ATM Withdrawal UBA,ATM,USSD,Abuja,Abuja,0,
TXN0003091,ACC00059,2024-07-22 23:09:34,76480.07,MRT010,Konga Electronics,E-commerce,ATM,Lagos,Lagos,0,
TXN0001594,ACC00031,2024-05-11 00:15:56,48973.12,MRT007,EKEDC Electricity,Utilities,USSD,Ibadan,Ibadan,0,
TXN0005118,ACC00098,2024-11-13 06:26:13,8459.4,MRT008,ATM Withdrawal UBA,ATM,USSD,Ibadan,Ibadan,0,
TXN0002857,ACC00055,2024-02-25 01:59:07,100071.69,MRT001,Shoprite Ikeja,Grocery,ATM,Lagos,Lagos,0,
TXN0000884,ACC00017,2024-07-09 03:11:21,19846.19,MRT002,POS Terminal Lekki,POS,ATM,Abuja,Abuja,0,
TXN0002503,ACC00047,2024-11-16 16:20:13,140344.45,MRT001,Shoprite Ikeja,Grocery,USSD,Abuja,Abuja,0,
TXN0005147,ACC00099,2024-03-20 23:57:56,27824.45,MRT010,Konga Electronics,E-commerce,Mobile App,Port Harcourt,Port Harcourt,0,
TXN0003309,ACC00062,2024-08-11 04:25:35,57906.55,MRT009,Bolt Ride Hailing,Transport,ATM,Lagos,Lagos,0,
TXN0000701,ACC00013,2024-06-04 16:53:25,131610.19,MRT002,POS Terminal Lekki,POS,POS,Port Harcourt,Port Harcourt,0,
TXN0002242,ACC00042,2024-11-29 21:03:11,58970.24,MRT007,EKEDC Electricity,Utilities,Mobile App,Abuja,Abuja,0,
TXN0004879,ACC00093,2024-06-27 22:25:29,126715.51,MRT009,Bolt Ride Hailing,Transport,Mobile App,Ibadan,Ibadan,0,
TXN0003053,ACC00058,2024-03-23 03:07:59,76864.02,MRT006,Chicken Republic VI,Food & Dining,USSD,Lagos,Lagos,0,
TXN0001135,ACC00022,2024-12-27 01:33:39,86448.55,MRT007,EKEDC Electricity,Utilities,POS,Abuja,Abuja,0,
TXN0000395,ACC00008,2024-05-06 05:40:52,79058.83,MRT008,ATM Withdrawal UBA,ATM,POS,Ibadan,Ibadan,0,
TXN0005294,ACC00102,2024-10-29 06:51:35,137462.57,MRT007,EKEDC Electricity,Utilities,USSD,Kano,Kano,0,
TXN0000458,ACC00009,2024-11-20 05:06:05,113548.82,MRT001,Shoprite Ikeja,Grocery,POS,Lagos,Lagos,0,
TXN0003024,ACC00058,2024-10-25 15:42:52,39385.06,MRT009,Bolt Ride Hailing,Transport,ATM,Lagos,Lagos,0,
TXN0001874,ACC00035,2024-04-11 05:42:45,103276.3,MRT003,MTN Airtime Top-up,Telecom,POS,Port Harcourt,Port Harcourt,0,
TXN0001073,ACC00021,2024-07-08 01:52:43,133132.21,MRT008,ATM Withdrawal UBA,ATM,Mobile App,Ibadan,Ibadan,0,
TXN0001431,ACC00028,2024-03-21 21:08:48,102981.25,MRT010,Konga Electronics,E-commerce,POS,Ibadan,Ibadan,0,
TXN0000228,ACC00005,2024-10-22 05:43:12,26983.35,MRT002,POS Terminal Lekki,POS,ATM,Kano,Kano,0,
TXN0000705,ACC00014,2024-08-17 18:57:33,149669.17,MRT008,ATM Withdrawal UBA,ATM,Web,Lagos,Lagos,0,
TXN0000376,ACC00007,2024-02-19 23:13:46,59388.61,MRT002,POS Terminal Lekki,POS,POS,Port Harcourt,Port Harcourt,0,
TXN0006033,ACC00114,2024-11-15 00:42:27,49634.18,MRT009,Bolt Ride Hailing,Transport,POS,Lagos,Lagos,0,
TXN0005300,ACC00102,2024-10-28 17:25:34,57655.01,MRT009,Bolt Ride Hailing,Transport,Mobile App,Kano,Kano,0,
TXN0003056,ACC00058,2024-05-28 00:00:47,143299.31,MRT002,POS Terminal Lekki,POS,Web,Lagos,Lagos,0,
TXN0002495,ACC00047,2024-03-06 10:50:06,135617.89,MRT009,Bolt Ride Hailing,Transport,Web,Abuja,Abuja,0,
TXN0000542,ACC00010,2024-05-19 18:40:27,15783.6,MRT005,Jumia Online Store,E-commerce,Mobile App,Ibadan,Ibadan,0,
TXN0004296,ACC00081,2024-04-19 00:00:58,127535.68,MRT006,Chicken Republic VI,Food & Dining,Mobile App,Abuja,Abuja,0,
TXN0003592,ACC00068,2024-02-09 20:24:54,70930.85,MRT010,Konga Electronics,E-commerce,ATM,Abuja,Abuja,0,
TXN0002041,ACC00038,2024-01-31 07:41:24,101684.96,MRT006,Chicken Republic VI,Food & Dining,ATM,Abuja,Abuja,0,
TXN0004397,ACC00083,2024-03-30 00:49:52,40287.95,MRT003,MTN Airtime Top-up,Telecom,USSD,Port Harcourt,Port Harcourt,0,
TXN0003534,ACC00067,2024-10-12 10:14:17,137079.75,MRT003,MTN Airtime Top-up,Telecom,Mobile App,Lagos,Lagos,0,
TXN0004614,ACC00088,2024-04-11 09:36:47,139622.54,MRT009,Bolt Ride Hailing,Transport,ATM,Abuja,Abuja,0,
TXN0000060,ACC00002,2024-01-28 15:26:36,138624.7,MRT004,Netflix Subscription,Streaming,USSD,Lagos,Lagos,0,
TXN0002481,ACC00046,2024-01-21 12:44:02,106271.61,MRT006,Chicken Republic VI,Food & Dining,Web,Abuja,Abuja,0,
TXN0004362,ACC00082,2024-04-07 13:03:09,88135.76,MRT005,Jumia Online Store,E-commerce,ATM,Abuja,Abuja,0,
TXN0001457,ACC00028,2024-08-26 04:01:27,81316.28,MRT006,Chicken Republic VI,Food & Dining,Mobile App,Ibadan,Ibadan,0,
TXN0003777,ACC00071,2024-03-25 08:14:49,82978.11,MRT006,Chicken Republic VI,Food & Dining,Web,Lagos,Lagos,0,
TXN0003358,ACC00063,2024-06-16 14:09:30,149375.96,MRT007,EKEDC Electricity,Utilities,Mobile App,Lagos,Lagos,0,
TXN0004364,ACC00082,2024-02-07 07:37:23,71042.24,MRT007,EKEDC Electricity,Utilities,Web,Abuja,Abuja,0,
TXN0005759,ACC00110,2024-11-04 16:07:11,64105.38,MRT004,Netflix Subscription,Streaming,Web,Lagos,Lagos,0,
TXN0006251,ACC00120,2024-05-23 23:30:20,81042.13,MRT004,Netflix Subscription,Streaming,Web,Ibadan,Ibadan,0,
TXN0003640,ACC00068,2024-04-05 11:59:15,23674.27,MRT009,Bolt Ride Hailing,Transport,POS,Abuja,Abuja,0,
TXN0000678,ACC00013,2024-04-17 18:11:12,46831.08,MRT002,POS Terminal Lekki,POS,USSD,Port Harcourt,Port Harcourt,0,
TXN0002289,ACC00042,2024-06-27 04:06:05,10369.43,MRT004,Netflix Subscription,Streaming,POS,Abuja,Abuja,0,
TXN0005677,ACC00109,2024-06-15 02:42:09,133339.06,MRT006,Chicken Republic VI,Food & Dining,Mobile App,Port Harcourt,Port Harcourt,0,
TXN0000459,ACC00009,2024-06-28 19:30:32,63907.14,MRT009,Bolt Ride Hailing,Transport,ATM,Lagos,Lagos,0,
TXN0001785,ACC00034,2024-04-24 00:12:17,73792.43,MRT008,ATM Withdrawal UBA,ATM,POS,Abuja,Abuja,0,
TXN0003251,ACC00061,2024-03-25 11:29:16,69322.19,MRT006,Chicken Republic VI,Food & Dining,Web,Kano,Kano,0,
TXN0006110,ACC00117,2024-06-16 11:25:25,125466.39,MRT009,Bolt Ride Hailing,Transport,USSD,Kano,Kano,0,
TXN0003680,ACC00069,2024-05-11 22:25:17,112896.4,MRT008,ATM Withdrawal UBA,ATM,USSD,Abuja,Abuja,0,
TXN0002007,ACC00037,2024-06-12 18:44:09,21130.15,MRT004,Netflix Subscription,Streaming,ATM,Port Harcourt,Port Harcourt,0,
TXN0002081,ACC00038,2024-03-11 11:18:34,107138.44,MRT001,Shoprite Ikeja,Grocery,POS,Abuja,Abuja,0,
TXN0005221,ACC00101,2024-10-08 18:40:58,10595.01,MRT003,MTN Airtime Top-up,Telecom,USSD,Kano,Kano,0,
TXN0006076,ACC00116,2024-11-14 12:40:54,132129.44,MRT002,POS Terminal Lekki,POS,POS,Ibadan,Ibadan,0,
TXN0003409,ACC00064,2024-04-09 22:15:48,4686.7,MRT004,Netflix Subscription,Streaming,Web,Lagos,Lagos,0,
TXN0004923,ACC00095,2024-01-09 13:33:57,125036.58,MRT010,Konga Electronics,E-commerce,Mobile App,Port Harcourt,Port Harcourt,0,
TXN0000193,ACC00004,2024-05-22 17:55:02,114509.54,MRT002,POS Terminal Lekki,POS,USSD,Ibadan,Ibadan,0,
TXN0004018,ACC00076,2024-11-21 04:53:43,30268.9,MRT002,POS Terminal Lekki,POS,ATM,Port Harcourt,Port Harcourt,0,
TXN0005831,ACC00111,2024-10-22 12:51:23,67701.32,MRT008,ATM Withdrawal UBA,ATM,POS,Ibadan,Ibadan,0,
TXN0005728,ACC00109,2024-06-21 21:17:17,61584.76,MRT005,Jumia Online Store,E-commerce,Web,Port Harcourt,Port Harcourt,0,
TXN0001587,ACC00031,2024-07-08 20:49:44,70947.34,MRT001,Shoprite Ikeja,Grocery,USSD,Ibadan,Ibadan,0,
TXN0000704,ACC00014,2024-10-14 05:20:52,36766.31,MRT010,Konga Electronics,E-commerce,POS,Lagos,Lagos,0,
TXN0002746,ACC00053,2024-07-19 21:22:18,65891.54,MRT003,MTN Airtime Top-up,Telecom,Mobile App,Kano,Kano,0,
TXN0001723,ACC00033,2024-11-24 06:34:52,24845.66,MRT005,Jumia Online Store,E-commerce,Mobile App,Lagos,Lagos,0,
TXN0004492,ACC00086,2024-07-22 10:49:11,37035.68,MRT001,Shoprite Ikeja,Grocery,ATM,Port Harcourt,Port Harcourt,0,
TXN0003664,ACC00069,2024-07-28 02:12:41,49914.72,MRT005,Jumia Online Store,E-commerce,USSD,Abuja,Abuja,0,
TXN0006027,ACC00114,2024-10-17 07:33:51,88659.25,MRT002,POS Terminal Lekki,POS,ATM,Lagos,Lagos,0,
TXN0003498,ACC00066,2024-02-28 10:42:51,200000,MRT015,Sports Betting GG,Gambling,Mobile App,Lagos,Lagos,1,Suspicious round amount: possible structuring
TXN0000726,ACC00014,2024-02-27 14:28:40,106818.03,MRT002,POS Terminal Lekki,POS,POS,Lagos,Lagos,0,
TXN0002615,ACC00050,2024-08-12 09:53:09,143958.0,MRT007,EKEDC Electricity,Utilities,POS,Kano,Kano,0,
TXN0000720,ACC00014,2024-03-19 17:25:07,117100.58,MRT003,MTN Airtime Top-up,Telecom,USSD,Lagos,Lagos,0,
TXN0004369,ACC00082,2024-03-30 19:54:48,130049.46,MRT007,EKEDC Electricity,Utilities,Web,Abuja,Abuja,0,
TXN0001878,ACC00035,2024-12-24 12:01:50,97242.45,MRT009,Bolt Ride Hailing,Transport,Web,Port Harcourt,Port Harcourt,0,
TXN0000283,ACC00006,2024-10-28 10:27:11,36027.21,MRT005,Jumia Online Store,E-commerce,Mobile App,Abuja,Abuja,0,
TXN0000864,ACC00017,2024-09-11 12:46:33,149621.63,MRT008,ATM Withdrawal UBA,ATM,POS,Abuja,Abuja,0,
TXN0003788,ACC00071,2024-03-19 20:09:46,143714.51,MRT003,MTN Airtime Top-up,Telecom,POS,Lagos,Lagos,0,
TXN0004949,ACC00095,2024-12-27 07:06:56,57483.78,MRT009,Bolt Ride Hailing,Transport,POS,Port Harcourt,Port Harcourt,0,
TXN0001152,ACC00022,2024-12-04 22:32:58,31413.41,MRT005,Jumia Online Store,E-commerce,Web,Abuja,Abuja,0,
TXN0000495,ACC00009,2024-05-01 12:38:40,7334.46,MRT007,EKEDC Electricity,Utilities,Web,Lagos,Lagos,0,
TXN0002719,ACC00052,2024-05-26 15:04:56,52538.79,MRT004,Netflix Subscription,Streaming,Web,Port Harcourt,Port Harcourt,0,
TXN0005791,ACC00110,2024-01-24 10:32:12,94181.38,MRT001,Shoprite Ikeja,Grocery,USSD,Lagos,Lagos,0,
TXN0003016,ACC00057,2024-05-27 07:35:01,99158.89,MRT003,MTN Airtime Top-up,Telecom,USSD,Lagos,Lagos,0,
TXN0004456,ACC00085,2024-08-28 10:11:39,109035.45,MRT005,Jumia Online Store,E-commerce,USSD,Lagos,Lagos,0,
TXN0000708,ACC00014,2024-03-31 11:41:46,52290.34,MRT009,Bolt Ride Hailing,Transport,Mobile App,Lagos,Lagos,0,
TXN0001588,ACC00031,2024-01-18 18:54:09,105343.87,MRT004,Netflix Subscription,Streaming,Web,Ibadan,Ibadan,0,
TXN0001627,ACC00032,2024-03-19 12:44:31,19518.16,MRT006,Chicken Republic VI,Food & Dining,USSD,Port Harcourt,Port Harcourt,0,
TXN0000645,ACC00012,2024-02-06 05:59:30,37933.2,MRT006,Chicken Republic VI,Food & Dining,POS,Kano,Kano,0,
TXN0004745,ACC00091,2024-03-01 06:29:27,143301.32,MRT010,Konga Electronics,E-commerce,USSD,Ibadan,Ibadan,0,
TXN0003460,ACC00066,2024-05-17 07:54:08,146260.37,MRT003,MTN Airtime Top-up,Telecom,POS,Lagos,Lagos,0,
TXN0004947,ACC00095,2024-08-27 18:38:49,104982.67,MRT004,Netflix Subscription,Streaming,USSD,Port Harcourt,Port Harcourt,0,
TXN0001856,ACC00035,2024-12-16 18:02:03,80469.15,MRT002,POS Terminal Lekki,POS,Web,Port Harcourt,Port Harcourt,0,
TXN0006198,ACC00119,2024-08-15 13:30:49,27531.31,MRT003,MTN Airtime Top-up,Telecom,ATM,Kano,Kano,0,
TXN0000958,ACC00019,2024-01-19 01:24:53,18921.27,MRT010,Konga Electronics,E-commerce,ATM,Kano,Kano,0,
TXN0005173,ACC00100,2024-10-27 03:35:23,30887.88,MRT001,Shoprite Ikeja,Grocery,USSD,Abuja,Abuja,0,
TXN0001162,ACC00022,2024-06-26 13:22:33,104887.56,MRT002,POS Terminal Lekki,POS,ATM,Abuja,Abuja,0,
TXN0005835,ACC00111,2024-01-10 00:09:56,81970.19,MRT003,MTN Airtime Top-up,Telecom,ATM,Ibadan,Ibadan,0,
TXN0003527,ACC00067,2024-05-24 08:31:57,62524.02,MRT010,Konga Electronics,E-commerce,Web,Lagos,Lagos,0,
TXN0004001,ACC00076,2024-11-30 10:43:53,113061.23,MRT007,EKEDC Electricity,Utilities,Mobile App,Port Harcourt,Port Harcourt,0,
TXN0002676,ACC00051,2024-05-01 20:04:12,140141.37,MRT003,MTN Airtime Top-up,Telecom,Web,Abuja,Abuja,0,
TXN0005757,ACC00110,2024-10-18 12:13:04,79603.57,MRT010,Konga Electronics,E-commerce,POS,Lagos,Lagos,0,
TXN0001827,ACC00035,2024-06-28 14:41:18,36435.91,MRT003,MTN Airtime Top-up,Telecom,POS,Port Harcourt,Port Harcourt,0,
TXN0005857,ACC00111,2024-09-24 00:21:30,32659.28,MRT007,EKEDC Electricity,Utilities,ATM,Ibadan,Ibadan,0,
TXN0005517,ACC00107,2024-03-10 20:35:28,47840.36,MRT003,MTN Airtime Top-up,Telecom,Mobile App,Ibadan,Ibadan,0,
TXN0002069,ACC00038,2024-07-29 10:15:43,113763.47,MRT010,Konga Electronics,E-commerce,USSD,Abuja,Abuja,0,
TXN0002012,ACC00037,2024-10-26 23:02:05,65393.81,MRT003,MTN Airtime Top-up,Telecom,ATM,Port Harcourt,Port Harcourt,0,
TXN0002385,ACC00044,2024-04-04 12:14:32,25979.74,MRT004,Netflix Subscription,Streaming,Mobile App,Kano,Kano,0,
TXN0003927,ACC00073,2024-12-21 10:17:18,42571.86,MRT010,Konga Electronics,E-commerce,USSD,Lagos,Lagos,0,
TXN0005186,ACC00100,2024-01-23 19:57:38,82236.93,MRT002,POS Terminal Lekki,POS,ATM,Abuja,Abuja,0,
TXN0005316,ACC00102,2024-10-05 23:55:13,68194.37,MRT001,Shoprite Ikeja,Grocery,ATM,Kano,Kano,0,
TXN0004637,ACC00088,2024-02-19 06:33:07,127705.43,MRT001,Shoprite Ikeja,Grocery,Mobile App,Abuja,Abuja,0,
TXN0002577,ACC00049,2024-07-27 16:49:32,16413.19,MRT010,Konga Electronics,E-commerce,ATM,Lagos,Lagos,0,
TXN0002876,ACC00055,2024-12-06 15:34:29,134933.6,MRT009,Bolt Ride Hailing,Transport,ATM,Lagos,Lagos,0,
TXN0000123,ACC00003,2024-04-26 04:19:10,103701.87,MRT007,EKEDC Electricity,Utilities,ATM,Kano,Kano,0,
TXN0000654,ACC00012,2024-02-10 01:54:28,55450.47,MRT006,Chicken Republic VI,Food & Dining,POS,Kano,Kano,0,
TXN0004286,ACC00081,2024-01-02 10:41:20,53635.51,MRT010,Konga Electronics,E-commerce,POS,Abuja,Abuja,0,
TXN0002393,ACC00044,2024-11-28 11:48:45,121362.9,MRT007,EKEDC Electricity,Utilities,Web,Kano,Kano,0,
TXN0002113,ACC00039,2024-11-17 08:32:59,54015.88,MRT010,Konga Electronics,E-commerce,Web,Ibadan,Ibadan,0,
TXN0000065,ACC00002,2024-02-18 07:03:36,103457.36,MRT008,ATM Withdrawal UBA,ATM,ATM,Lagos,Lagos,0,
TXN0003545,ACC00067,2024-11-08 19:18:52,34220.0,MRT003,MTN Airtime Top-up,Telecom,Mobile App,Lagos,Lagos,0,
TXN0005037,ACC00097,2024-02-10 15:26:49,126041.98,MRT005,Jumia Online Store,E-commerce,Web,Kano,Kano,0,
TXN0002502,ACC00047,2024-06-01 20:49:05,138496.93,MRT004,Netflix Subscription,Streaming,USSD,Abuja,Abuja,0,
TXN0005237,ACC00101,2024-03-04 02:44:10,8569.16,MRT001,Shoprite Ikeja,Grocery,USSD,Kano,Kano,0,
TXN0002333,ACC00043,2024-03-04 01:19:37,114561.15,MRT004,Netflix Subscription,Streaming,POS,Abuja,Abuja,0,
TXN0005752,ACC00110,2024-03-10 13:48:00,11182.84,MRT003,MTN Airtime Top-up,Telecom,USSD,Lagos,Lagos,0,
TXN0000616,ACC00011,2024-10-22 03:45:06,82179.81,MRT008,ATM Withdrawal UBA,ATM,ATM,Abuja,Abuja,0,
TXN0002173,ACC00040,2024-09-26 05:17:02,70247.25,MRT004,Netflix Subscription,Streaming,Web,Abuja,Abuja,0,
TXN0001329,ACC00026,2024-03-18 22:37:22,41056.58,MRT010,Konga Electronics,E-commerce,ATM,Ibadan,Ibadan,0,
TXN0003570,ACC00067,2024-10-28 08:01:05,358.74,MRT006,Chicken Republic VI,Food & Dining,Mobile App,Lagos,Lagos,1,Velocity spike: multiple transactions in short window
TXN0000448,ACC00009,2024-06-28 13:40:41,108630.37,MRT005,Jumia Online Store,E-commerce,ATM,Lagos,Lagos,0,
TXN0005980,ACC00113,2024-07-10 00:04:36,39291.21,MRT003,MTN Airtime Top-up,Telecom,POS,Kano,Kano,0,
TXN0001250,ACC00025,2024-09-27 16:51:46,28871.49,MRT008,ATM Withdrawal UBA,ATM,Web,Port Harcourt,Port Harcourt,0,
TXN0006145,ACC00118,2024-04-23 02:13:48,30143.53,MRT010,Konga Electronics,E-commerce,Web,Port Harcourt,Port Harcourt,0,
TXN0001333,ACC00026,2024-07-16 11:56:21,135628.87,MRT002,POS Terminal Lekki,POS,ATM,Ibadan,Ibadan,0,
TXN0003503,ACC00067,2024-10-29 17:07:25,81241.4,MRT003,MTN Airtime Top-up,Telecom,Mobile App,Lagos,Lagos,0,
TXN0006128,ACC00117,2024-03-09 03:13:49,72580.73,MRT003,MTN Airtime Top-up,Telecom,Mobile App,Kano,Kano,0,
TXN0006047,ACC00115,2024-08-05 08:23:32,135000.71,MRT002,POS Terminal Lekki,POS,Mobile App,Port Harcourt,Port Harcourt,0,
TXN0001917,ACC00036,2024-07-23 06:49:08,27495.04,MRT010,Konga Electronics,E-commerce,Mobile App,Ibadan,Ibadan,0,
TXN0004403,ACC00083,2024-04-18 10:06:11,39404.19,MRT006,Chicken Republic VI,Food & Dining,Web,Port Harcourt,Port Harcourt,0,
TXN0004612,ACC00088,2024-12-07 01:14:40,134192.8,MRT008,ATM Withdrawal UBA,ATM,USSD,Abuja,Abuja,0,
TXN0000965,ACC00019,2024-12-08 19:19:18,75864.46,MRT006,Chicken Republic VI,Food & Dining,ATM,Kano,Kano,0,
TXN0002535,ACC00048,2024-03-27 03:05:42,64198.34,MRT006,Chicken Republic VI,Food & Dining,Mobile App,Kano,Kano,0,
TXN0002272,ACC00042,2024-03-06 10:05:57,100873.13,MRT002,POS Terminal Lekki,POS,Mobile App,Abuja,Abuja,0,
TXN0004569,ACC00087,2024-11-27 21:47:36,124963.23,MRT001,Shoprite Ikeja,Grocery,Web,Kano,Kano,0,
TXN0000944,ACC00019,2024-02-09 20:42:18,62144.61,MRT007,EKEDC Electricity,Utilities,USSD,Kano,Kano,0,
TXN0005065,ACC00097,2024-05-23 17:11:35,141547.03,MRT005,Jumia Online Store,E-commerce,USSD,Kano,Kano,0,
TXN0006050,ACC00115,2024-01-13 05:23:40,25872.61,MRT001,Shoprite Ikeja,Grocery,POS,Port Harcourt,Port Harcourt,0,
TXN0000316,ACC00006,2024-05-21 02:18:18,120263.85,MRT009,Bolt Ride Hailing,Transport,Web,Abuja,Abuja,0,
TXN0005958,ACC00112,2024-12-27 09:22:27,51993.9,MRT004,Netflix Subscription,Streaming,ATM,Abuja,Abuja,0,
TXN0003589,ACC00068,2024-09-18 02:27:05,31271.75,MRT003,MTN Airtime Top-up,Telecom,Web,Abuja,Abuja,0,
TXN0003111,ACC00059,2024-09-18 00:15:12,106168.07,MRT002,POS Terminal Lekki,POS,POS,Lagos,Lagos,0,
TXN0000614,ACC00011,2024-08-10 10:04:54,40549.39,MRT002,POS Terminal Lekki,POS,USSD,Abuja,Abuja,0,
TXN0002434,ACC00045,2024-07-05 05:14:55,104212.01,MRT005,Jumia Online Store,E-commerce,Mobile App,Lagos,Lagos,0,
TXN0002946,ACC00056,2024-11-18 07:06:02,10601.71,MRT007,EKEDC Electricity,Utilities,Mobile App,Abuja,Abuja,0,
TXN0003973,ACC00075,2024-02-03 13:43:51,38353.45,MRT010,Konga Electronics,E-commerce,Web,Kano,Kano,0,
TXN0001013,ACC00020,2024-07-26 01:50:18,94226.49,MRT001,Shoprite Ikeja,Grocery,Web,Port Harcourt,Port Harcourt,0,
TXN0006179,ACC00119,2024-05-11 03:04:33,49619.84,MRT005,Jumia Online Store,E-commerce,Mobile App,Kano,Kano,0,
TXN0002823,ACC00054,2024-10-24 13:31:12,106851.52,MRT005,Jumia Online Store,E-commerce,POS,Ibadan,Ibadan,0,
TXN0003814,ACC00072,2024-03-18 12:48:07,57312.53,MRT008,ATM Withdrawal UBA,ATM,Mobile App,Abuja,Abuja,0,
TXN0005424,ACC00105,2024-01-13 19:49:37,61302.55,MRT001,Shoprite Ikeja,Grocery,POS,Kano,Kano,0,
TXN0003372,ACC00064,2024-06-11 10:33:18,28736.81,MRT007,EKEDC Electricity,Utilities,Mobile App,Lagos,Lagos,0,
TXN0002812,ACC00054,2024-03-28 21:39:12,13658.5,MRT003,MTN Airtime Top-up,Telecom,POS,Ibadan,Ibadan,0,
TXN0000724,ACC00014,2024-04-12 22:03:10,14017.92,MRT002,POS Terminal Lekki,POS,POS,Lagos,Lagos,0,
TXN0006043,ACC00115,2024-09-19 20:39:46,131927.73,MRT010,Konga Electronics,E-commerce,USSD,Port Harcourt,Port Harcourt,0,
TXN0005867,ACC00111,2024-01-05 18:52:13,119880.24,MRT001,Shoprite Ikeja,Grocery,Web,Ibadan,Ibadan,0,
TXN0002680,ACC00051,2024-09-09 13:09:41,141004.51,MRT003,MTN Airtime Top-up,Telecom,USSD,Abuja,Abuja,0,
TXN0000608,ACC00011,2024-08-06 02:19:27,98133.93,MRT009,Bolt Ride Hailing,Transport,ATM,Abuja,Abuja,0,
TXN0006060,ACC00116,2024-11-21 17:31:34,134250.04,MRT007,EKEDC Electricity,Utilities,Web,Ibadan,Ibadan,0,
TXN0003492,ACC00066,2024-10-19 00:17:04,115183.74,MRT002,POS Terminal Lekki,POS,ATM,Lagos,Lagos,0,
TXN0002487,ACC00047,2024-08-11 10:20:25,13145.48,MRT001,Shoprite Ikeja,Grocery,POS,Abuja,Abuja,0,
TXN0001365,ACC00026,2024-03-09 18:29:18,130135.79,MRT008,ATM Withdrawal UBA,ATM,ATM,Ibadan,Ibadan,0,
TXN0005102,ACC00098,2024-07-11 23:51:45,106690.84,MRT001,Shoprite Ikeja,Grocery,Mobile App,Ibadan,Ibadan,0,
TXN0004158,ACC00079,2024-12-19 04:08:53,133113.46,MRT007,EKEDC Electricity,Utilities,ATM,Kano,Kano,0,
TXN0002957,ACC00057,2024-06-18 21:56:02,34211.73,MRT005,Jumia Online Store,E-commerce,Web,Lagos,Lagos,0,
TXN0005597,ACC00108,2024-10-13 10:00:09,106081.44,MRT003,MTN Airtime Top-up,Telecom,Mobile App,Kano,Kano,0,
TXN0002652,ACC00051,2024-08-22 06:08:23,4693.3,MRT006,Chicken Republic VI,Food & Dining,POS,Abuja,Abuja,0,
TXN0001099,ACC00021,2024-12-05 17:57:12,104797.6,MRT001,Shoprite Ikeja,Grocery,ATM,Ibadan,Ibadan,0,
TXN0001679,ACC00032,2024-06-26 01:32:35,92985.22,MRT003,MTN Airtime Top-up,Telecom,Web,Port Harcourt,Port Harcourt,0,
TXN0003553,ACC00067,2024-10-17 11:16:05,94966.09,MRT007,EKEDC Electricity,Utilities,Web,Lagos,Lagos,0,
TXN0002121,ACC00039,2024-02-13 02:05:47,85580.78,MRT005,Jumia Online Store,E-commerce,ATM,Ibadan,Ibadan,0,
TXN0005711,ACC00109,2024-04-14 13:32:43,34933.0,MRT008,ATM Withdrawal UBA,ATM,POS,Port Harcourt,Port Harcourt,0,
TXN0003140,ACC00059,2024-08-25 04:36:56,19817.69,MRT006,Chicken Republic VI,Food & Dining,USSD,Lagos,Lagos,0,
TXN0005777,ACC00110,2024-11-01 17:50:23,12433.12,MRT010,Konga Electronics,E-commerce,Web,Lagos,Lagos,0,
TXN0001484,ACC00029,2024-02-05 03:49:43,122646.52,MRT004,Netflix Subscription,Streaming,USSD,Port Harcourt,Port Harcourt,0,
TXN0000677,ACC00013,2024-02-02 00:16:58,80879.48,MRT009,Bolt Ride Hailing,Transport,Web,Port Harcourt,Port Harcourt,0,
TXN0002364,ACC00044,2024-05-25 21:27:32,78251.08,MRT010,Konga Electronics,E-commerce,POS,Kano,Kano,0,
TXN0000449,ACC00009,2024-04-08 19:42:47,111997.77,MRT001,Shoprite Ikeja,Grocery,USSD,Lagos,Lagos,0,
TXN0005861,ACC00111,2024-10-29 16:50:24,58943.1,MRT004,Netflix Subscription,Streaming,ATM,Ibadan,Ibadan,0,
TXN0005578,ACC00107,2024-10-18 07:13:14,125657.17,MRT003,MTN Airtime Top-up,Telecom,Mobile App,Ibadan,Ibadan,0,
TXN0002077,ACC00038,2024-05-28 08:36:01,14108.25,MRT005,Jumia Online Store,E-commerce,Mobile App,Abuja,Abuja,0,
TXN0001323,ACC00026,2024-04-28 11:54:22,70942.95,MRT008,ATM Withdrawal UBA,ATM,POS,Ibadan,Ibadan,0,
TXN0005250,ACC00101,2024-05-10 06:45:42,61370.12,MRT001,Shoprite Ikeja,Grocery,ATM,Kano,Kano,0,
TXN0002579,ACC00050,2024-06-20 17:27:42,48977.32,MRT004,Netflix Subscription,Streaming,Web,Kano,Kano,0,
TXN0005656,ACC00108,2024-03-04 16:50:12,21361.38,MRT007,EKEDC Electricity,Utilities,ATM,Kano,Kano,0,
TXN0005306,ACC00102,2024-03-12 23:43:29,89593.71,MRT007,EKEDC Electricity,Utilities,POS,Kano,Kano,0,
TXN0000780,ACC00016,2024-12-09 12:37:19,74215.76,MRT007,EKEDC Electricity,Utilities,ATM,Ibadan,Ibadan,0,
TXN0001980,ACC00037,2024-03-26 07:46:27,136405.99,MRT010,Konga Electronics,E-commerce,POS,Port Harcourt,Port Harcourt,0,
TXN0001615,ACC00031,2024-04-20 16:59:38,65483.41,MRT004,Netflix Subscription,Streaming,POS,Ibadan,Ibadan,0,
TXN0004284,ACC00081,2024-08-04 11:52:58,58397.7,MRT008,ATM Withdrawal UBA,ATM,POS,Abuja,Abuja,0,
TXN0003548,ACC00067,2024-04-07 08:25:13,109639.53,MRT003,MTN Airtime Top-up,Telecom,POS,Lagos,Lagos,0,
TXN0005452,ACC00105,2024-02-10 05:43:39,149657.1,MRT001,Shoprite Ikeja,Grocery,USSD,Kano,Kano,0,
TXN0001828,ACC00035,2024-11-23 19:47:14,61833.91,MRT007,EKEDC Electricity,Utilities,Mobile App,Port Harcourt,Port Harcourt,0,
TXN0004254,ACC00081,2024-03-30 00:29:35,33659.24,MRT001,Shoprite Ikeja,Grocery,ATM,Abuja,Abuja,0,
TXN0004855,ACC00093,2024-04-30 15:00:49,94212.23,MRT006,Chicken Republic VI,Food & Dining,Mobile App,Ibadan,Ibadan,0,
TXN0003502,ACC00067,2024-01-11 04:25:47,90487.26,MRT009,Bolt Ride Hailing,Transport,Mobile App,Lagos,Lagos,0,
TXN0000801,ACC00016,2024-12-09 21:23:24,55725.55,MRT007,EKEDC Electricity,Utilities,ATM,Ibadan,Ibadan,0,
TXN0006121,ACC00117,2024-06-08 19:24:03,9137.06,MRT008,ATM Withdrawal UBA,ATM,ATM,Kano,Kano,0,
TXN0003195,ACC00060,2024-05-01 02:33:51,30290.51,MRT004,Netflix Subscription,Streaming,Mobile App,Port Harcourt,Port Harcourt,0,
TXN0005226,ACC00101,2024-05-09 01:24:26,82814.87,MRT009,Bolt Ride Hailing,Transport,USSD,Kano,Kano,0,
TXN0004913,ACC00094,2024-01-10 22:48:19,68232.44,MRT005,Jumia Online Store,E-commerce,POS,Abuja,Abuja,0,
TXN0001781,ACC00034,2024-03-10 13:17:34,90885.3,MRT007,EKEDC Electricity,Utilities,POS,Abuja,Abuja,0,
TXN0005101,ACC00098,2024-01-02 02:54:02,21659.62,MRT010,Konga Electronics,E-commerce,POS,Ibadan,Ibadan,0,
TXN0002212,ACC00041,2024-07-18 03:33:30,96726.33,MRT009,Bolt Ride Hailing,Transport,POS,Ibadan,Ibadan,0,
TXN0004837,ACC00092,2024-08-18 04:48:21,130330.67,MRT001,Shoprite Ikeja,Grocery,Mobile App,Ibadan,Ibadan,0,
TXN0005556,ACC00107,2024-02-21 23:18:15,98290.91,MRT001,Shoprite Ikeja,Grocery,USSD,Ibadan,Ibadan,0,
TXN0003471,ACC00066,2024-04-17 04:56:14,55732.6,MRT009,Bolt Ride Hailing,Transport,POS,Lagos,Lagos,0,
TXN0002671,ACC00051,2024-08-30 03:10:07,6481.93,MRT007,EKEDC Electricity,Utilities,ATM,Abuja,Abuja,0,
TXN0003280,ACC00061,2024-08-18 07:52:10,25021.88,MRT001,Shoprite Ikeja,Grocery,Web,Kano,Kano,0,
TXN0000962,ACC00019,2024-12-24 23:45:39,117271.68,MRT009,Bolt Ride Hailing,Transport,Web,Kano,Kano,0,
TXN0006111,ACC00117,2024-01-21 05:46:37,134440.17,MRT007,EKEDC Electricity,Utilities,Mobile App,Kano,Kano,0,
TXN0000745,ACC00015,2024-04-06 18:13:31,119329.51,MRT009,Bolt Ride Hailing,Transport,ATM,Abuja,Abuja,0,
TXN0003061,ACC00058,2024-04-14 12:57:53,125483.34,MRT004,Netflix Subscription,Streaming,POS,Lagos,Lagos,0,
TXN0005052,ACC00097,2024-01-18 14:18:58,76434.52,MRT001,Shoprite Ikeja,Grocery,USSD,Kano,Kano,0,
TXN0001438,ACC00028,2024-03-24 22:34:10,45696.59,MRT009,Bolt Ride Hailing,Transport,Mobile App,Ibadan,Ibadan,0,
TXN0000532,ACC00010,2024-01-21 20:29:13,65844.69,MRT002,POS Terminal Lekki,POS,Mobile App,Ibadan,Ibadan,0,
TXN0003819,ACC00072,2024-04-19 09:05:08,12954.27,MRT005,Jumia Online Store,E-commerce,ATM,Abuja,Abuja,0,
TXN0000868,ACC00017,2024-12-18 01:26:21,76343.57,MRT006,Chicken Republic VI,Food & Dining,Web,Abuja,Abuja,0,
TXN0002748,ACC00053,2024-10-31 14:01:53,126533.09,MRT007,EKEDC Electricity,Utilities,POS,Kano,Kano,0,
TXN0001334,ACC00026,2024-12-02 14:54:27,79968.32,MRT010,Konga Electronics,E-commerce,Web,Ibadan,Ibadan,0,
TXN0004830,ACC00092,2024-06-28 07:47:00,908.44,MRT007,EKEDC Electricity,Utilities,Mobile App,Ibadan,Ibadan,0,
TXN0005929,ACC00112,2024-10-09 05:51:14,111131.89,MRT008,ATM Withdrawal UBA,ATM,USSD,Abuja,Abuja,0,
TXN0003517,ACC00067,2024-07-16 13:45:22,141762.08,MRT002,POS Terminal Lekki,POS,Mobile App,Lagos,Lagos,0,
TXN0005506,ACC00106,2024-01-27 10:45:02,121520.16,MRT010,Konga Electronics,E-commerce,Mobile App,Ibadan,Ibadan,0,
TXN0004610,ACC00088,2024-09-16 03:27:59,25962.57,MRT009,Bolt Ride Hailing,Transport,Web,Abuja,Abuja,0,
TXN0003269,ACC00061,2024-09-01 11:06:18,130464.7,MRT006,Chicken Republic VI,Food & Dining,Mobile App,Kano,Kano,0,
TXN0002452,ACC00045,2024-07-21 23:36:09,91122.73,MRT006,Chicken Republic VI,Food & Dining,USSD,Lagos,Lagos,0,
TXN0001979,ACC00037,2024-07-01 05:38:16,65997.55,MRT006,Chicken Republic VI,Food & Dining,USSD,Port Harcourt,Port Harcourt,0,
TXN0003930,ACC00074,2024-06-01 11:35:58,97744.16,MRT002,POS Terminal Lekki,POS,ATM,Ibadan,Ibadan,0,
TXN0002912,ACC00056,2024-05-09 12:17:27,15061.16,MRT010,Konga Electronics,E-commerce,POS,Abuja,Abuja,0,
TXN0005709,ACC00109,2024-07-24 11:30:15,54809.29,MRT001,Shoprite Ikeja,Grocery,USSD,Port Harcourt,Port Harcourt,0,
TXN0002026,ACC00038,2024-01-10 02:18:23,133602.74,MRT001,Shoprite Ikeja,Grocery,USSD,Abuja,Abuja,0,
TXN0003618,ACC00068,2024-10-10 03:18:25,127489.8,MRT008,ATM Withdrawal UBA,ATM,POS,Abuja,Abuja,0,
TXN0002855,ACC00055,2024-11-27 02:28:18,25949.77,MRT004,Netflix Subscription,Streaming,Mobile App,Lagos,Lagos,0,
TXN0005849,ACC00111,2024-07-03 08:14:23,111789.12,MRT003,MTN Airtime Top-up,Telecom,POS,Ibadan,Ibadan,0,
TXN0005993,ACC00114,2024-01-06 20:13:37,62210.75,MRT001,Shoprite Ikeja,Grocery,Mobile App,Lagos,Lagos,0,
TXN0004409,ACC00083,2024-12-19 03:35:51,107011.12,MRT010,Konga Electronics,E-commerce,Web,Port Harcourt,Port Harcourt,0,
TXN0001934,ACC00036,2024-11-19 03:17:41,77141.66,MRT006,Chicken Republic VI,Food & Dining,ATM,Ibadan,Ibadan,0,
TXN0003833,ACC00072,2024-05-04 10:23:26,29299.47,MRT009,Bolt Ride Hailing,Transport,Web,Abuja,Abuja,0,
TXN0000388,ACC00007,2024-09-11 14:33:02,86856.34,MRT010,Konga Electronics,E-commerce,Mobile App,Port Harcourt,Port Harcourt,0,
TXN0003681,ACC00069,2024-04-10 02:34:13,131955.54,MRT001,Shoprite Ikeja,Grocery,Mobile App,Abuja,Abuja,0,
TXN0000332,ACC00006,2024-11-04 05:47:11,76558.98,MRT006,Chicken Republic VI,Food & Dining,Mobile App,Abuja,Abuja,0,
TXN0002761,ACC00053,2024-01-31 01:14:49,126771.23,MRT008,ATM Withdrawal UBA,ATM,Web,Kano,Kano,0,
TXN0003298,ACC00062,2024-03-10 04:34:18,55685.32,MRT004,Netflix Subscription,Streaming,POS,Lagos,Lagos,0,
TXN0005445,ACC00105,2024-04-20 17:13:15,86450.53,MRT004,Netflix Subscription,Streaming,POS,Kano,Kano,0,
TXN0005832,ACC00111,2024-02-06 14:52:31,107760.29,MRT004,Netflix Subscription,Streaming,USSD,Ibadan,Ibadan,0,
TXN0001318,ACC00026,2024-08-30 00:28:43,66349.28,MRT003,MTN Airtime Top-up,Telecom,Web,Ibadan,Ibadan,0,
TXN0003880,ACC00073,2024-12-19 22:41:07,106361.68,MRT004,Netflix Subscription,Streaming,USSD,Lagos,Lagos,0,
TXN0004548,ACC00087,2024-06-07 09:08:58,105101.8,MRT010,Konga Electronics,E-commerce,USSD,Kano,Kano,0,
TXN0000048,ACC00002,2024-02-14 07:22:09,60405.76,MRT002,POS Terminal Lekki,POS,Mobile App,Lagos,Lagos,0,
TXN0001545,ACC00030,2024-10-12 04:17:50,115689.34,MRT010,Konga Electronics,E-commerce,USSD,Abuja,Abuja,0,
TXN0004585,ACC00087,2024-09-17 17:50:25,89648.65,MRT003,MTN Airtime Top-up,Telecom,POS,Kano,Kano,0,
TXN0000351,ACC00007,2024-04-12 18:46:18,115160.37,MRT004,Netflix Subscription,Streaming,ATM,Port Harcourt,Port Harcourt,0,
TXN0000564,ACC00010,2024-09-21 18:01:20,4523.96,MRT009,Bolt Ride Hailing,Transport,ATM,Ibadan,Ibadan,0,
TXN0005875,ACC00111,2024-07-11 14:50:58,85637.17,MRT002,POS Terminal Lekki,POS,USSD,Ibadan,Ibadan,0,
TXN0005731,ACC00109,2024-08-07 05:45:17,53757.95,MRT002,POS Terminal Lekki,POS,ATM,Port Harcourt,Port Harcourt,0,
TXN0001282,ACC00025,2024-05-06 01:59:44,62145.32,MRT006,Chicken Republic VI,Food & Dining,ATM,Port Harcourt,Port Harcourt,0,
TXN0001963,ACC00036,2024-11-23 00:50:41,29041.71,MRT009,Bolt Ride Hailing,Transport,POS,Ibadan,Ibadan,0,
TXN0001039,ACC00020,2024-04-07 08:34:40,30013.93,MRT002,POS Terminal Lekki,POS,USSD,Port Harcourt,Port Harcourt,0,
TXN0001720,ACC00033,2024-08-13 15:55:31,85053.4,MRT008,ATM Withdrawal UBA,ATM,POS,Lagos,Lagos,0,
TXN0004546,ACC00087,2024-04-24 08:18:06,116552.18,MRT003,MTN Airtime Top-up,Telecom,ATM,Kano,Kano,0,
TXN0000028,ACC00001,2024-07-08 08:17:41,53546.33,MRT004,Netflix Subscription,Streaming,POS,Lagos,Lagos,0,
TXN0002822,ACC00054,2024-10-27 01:33:49,34261.66,MRT008,ATM Withdrawal UBA,ATM,POS,Ibadan,Ibadan,0,
TXN0000697,ACC00013,2024-08-02 17:04:23,34065.04,MRT007,EKEDC Electricity,Utilities,Web,Port Harcourt,Port Harcourt,0,
TXN0006260,ACC00120,2024-10-02 05:40:13,107127.62,MRT009,Bolt Ride Hailing,Transport,POS,Ibadan,Ibadan,0,
TXN0003132,ACC00059,2024-01-12 05:57:01,40554.62,MRT005,Jumia Online Store,E-commerce,Web,Lagos,Lagos,0,
TXN0000209,ACC00004,2024-07-07 23:44:45,100236.32,MRT009,Bolt Ride Hailing,Transport,Mobile App,Ibadan,Ibadan,0,
TXN0000253,ACC00005,2024-02-06 07:02:41,76519.03,MRT007,EKEDC Electricity,Utilities,Mobile App,Kano,Kano,0,
TXN0004904,ACC00094,2024-11-02 20:25:13,63816.66,MRT010,Konga Electronics,E-commerce,POS,Abuja,Abuja,0,
TXN0000402,ACC00008,2024-04-21 18:23:29,86234.78,MRT002,POS Terminal Lekki,POS,USSD,Ibadan,Ibadan,0,
TXN0001208,ACC00024,2024-01-01 00:51:38,122399.28,MRT009,Bolt Ride Hailing,Transport,Web,Lagos,Lagos,0,
TXN0001966,ACC00036,2024-10-13 21:56:22,144598.1,MRT008,ATM Withdrawal UBA,ATM,ATM,Ibadan,Ibadan,0,
TXN0001586,ACC00031,2024-03-31 11:35:01,6013.21,MRT002,POS Terminal Lekki,POS,Web,Ibadan,Ibadan,0,
TXN0000035,ACC00001,2024-05-23 07:31:11,83244.21,MRT008,ATM Withdrawal UBA,ATM,POS,Lagos,Lagos,0,
TXN0002618,ACC00050,2024-06-13 14:24:04,104166.41,MRT008,ATM Withdrawal UBA,ATM,ATM,Kano,Kano,0,
TXN0000478,ACC00009,2024-11-08 22:22:41,137253.81,MRT008,ATM Withdrawal UBA,ATM,USSD,Lagos,Lagos,0,
TXN0001283,ACC00025,2024-11-16 20:19:20,91457.8,MRT006,Chicken Republic VI,Food & Dining,USSD,Port Harcourt,Port Harcourt,0,
TXN0001866,ACC00035,2024-10-13 12:39:34,68262.63,MRT006,Chicken Republic VI,Food & Dining,Mobile App,Port Harcourt,Port Harcourt,0,
TXN0003384,ACC00064,2024-11-05 10:16:53,145934.39,MRT003,MTN Airtime Top-up,Telecom,USSD,Lagos,Lagos,0,
TXN0002939,ACC00056,2024-05-31 16:52:57,9883.48,MRT009,Bolt Ride Hailing,Transport,Web,Abuja,Abuja,0,
TXN0000716,ACC00014,2024-01-25 04:31:06,99535.37,MRT007,EKEDC Electricity,Utilities,Web,Lagos,Lagos,0,
TXN0002559,ACC00049,2024-07-11 05:58:32,130603.23,MRT009,Bolt Ride Hailing,Transport,Mobile App,Lagos,Lagos,0,
TXN0004532,ACC00087,2024-10-01 18:49:05,120591.34,MRT002,POS Terminal Lekki,POS,POS,Kano,Kano,0,
TXN0003758,ACC00070,2024-10-22 23:59:51,84763.99,MRT001,Shoprite Ikeja,Grocery,Mobile App,Port Harcourt,Port Harcourt,0,
TXN0001071,ACC00021,2024-07-19 15:38:50,56761.15,MRT005,Jumia Online Store,E-commerce,Web,Ibadan,Ibadan,0,
TXN0004581,ACC00087,2024-03-26 15:18:33,40883.17,MRT005,Jumia Online Store,E-commerce,ATM,Kano,Kano,0,
TXN0003300,ACC00062,2024-12-21 04:33:33,97013.8,MRT002,POS Terminal Lekki,POS,Web,Lagos,Lagos,0,
TXN0001442,ACC00028,2024-12-24 16:55:07,109999.94,MRT008,ATM Withdrawal UBA,ATM,USSD,Ibadan,Ibadan,0,
TXN0003037,ACC00058,2024-04-10 19:05:44,19519.76,MRT008,ATM Withdrawal UBA,ATM,Web,Lagos,Lagos,0,
TXN0004706,ACC00090,2024-11-05 08:52:22,118247.36,MRT006,Chicken Republic VI,Food & Dining,USSD,Abuja,Abuja,0,
TXN0004259,ACC00081,2024-08-13 07:38:04,80346.46,MRT004,Netflix Subscription,Streaming,USSD,Abuja,Abuja,0,
TXN0005735,ACC00109,2024-11-10 05:05:57,88533.12,MRT007,EKEDC Electricity,Utilities,Mobile App,Port Harcourt,Port Harcourt,0,
TXN0003196,ACC00060,2024-07-27 20:01:14,49989.75,MRT008,ATM Withdrawal UBA,ATM,Mobile App,Port Harcourt,Port Harcourt,0,
TXN0002743,ACC00053,2024-03-15 19:43:30,96842.94,MRT010,Konga Electronics,E-commerce,Mobile App,Kano,Kano,0,
TXN0002695,ACC00052,2024-07-07 20:35:53,105492.48,MRT004,Netflix Subscription,Streaming,ATM,Port Harcourt,Port Harcourt,0,
TXN0004543,ACC00087,2024-04-24 08:04:36,115958.78,MRT001,Shoprite Ikeja,Grocery,POS,Kano,Kano,0,
TXN0002773,ACC00053,2024-02-14 13:54:21,4909.89,MRT004,Netflix Subscription,Streaming,Web,Kano,Kano,0,
TXN0003997,ACC00076,2024-05-25 14:28:11,45916.1,MRT004,Netflix Subscription,Streaming,USSD,Port Harcourt,Port Harcourt,0,
TXN0005170,ACC00100,2024-12-20 18:01:13,100130.85,MRT004,Netflix Subscription,Streaming,Mobile App,Abuja,Abuja,0,
TXN0000115,ACC00003,2024-05-19 05:07:13,64887.67,MRT006,Chicken Republic VI,Food & Dining,Web,Kano,Kano,0,
TXN0001974,ACC00036,2024-03-31 01:31:06,79482.17,MRT001,Shoprite Ikeja,Grocery,ATM,Ibadan,Ibadan,0,
TXN0000878,ACC00017,2024-07-24 18:27:10,62259.53,MRT005,Jumia Online Store,E-commerce,Web,Abuja,Abuja,0,
TXN0004040,ACC00077,2024-03-14 06:30:14,72002.18,MRT008,ATM Withdrawal UBA,ATM,Web,Ibadan,Ibadan,0,
TXN0001790,ACC00034,2024-01-13 18:16:31,83721.65,MRT003,MTN Airtime Top-up,Telecom,POS,Abuja,Abuja,0,
TXN0002921,ACC00056,2024-03-20 08:09:17,71324.49,MRT002,POS Terminal Lekki,POS,USSD,Abuja,Abuja,0,
TXN0003577,ACC00068,2024-04-18 03:04:31,143878.99,MRT001,Shoprite Ikeja,Grocery,ATM,Abuja,Abuja,0,
TXN0006182,ACC00119,2024-08-30 06:03:58,113380.43,MRT004,Netflix Subscription,Streaming,Web,Kano,Kano,0,
TXN0005723,ACC00109,2024-07-26 18:04:32,121906.72,MRT003,MTN Airtime Top-up,Telecom,USSD,Port Harcourt,Port Harcourt,0,
TXN0003646,ACC00068,2024-03-15 15:47:54,28315.68,MRT007,EKEDC Electricity,Utilities,USSD,Abuja,Abuja,0,
TXN0004123,ACC00079,2024-04-18 03:56:00,34748.76,MRT003,MTN Airtime Top-up,Telecom,POS,Kano,Kano,0,
TXN0005138,ACC00099,2024-06-22 21:50:30,88448.76,MRT004,Netflix Subscription,Streaming,Web,Port Harcourt,Port Harcourt,0,
TXN0001642,ACC00032,2024-03-25 15:58:03,54081.65,MRT003,MTN Airtime Top-up,Telecom,Web,Port Harcourt,Port Harcourt,0,
TXN0005177,ACC00100,2024-01-26 00:20:23,81642.78,MRT002,POS Terminal Lekki,POS,USSD,Abuja,Abuja,0,
TXN0000812,ACC00016,2024-03-08 03:20:55,145838.65,MRT003,MTN Airtime Top-up,Telecom,Web,Ibadan,Ibadan,0,
TXN0003565,ACC00067,2024-07-30 00:05:53,14640.24,MRT003,MTN Airtime Top-up,Telecom,ATM,Lagos,Lagos,0,
TXN0001209,ACC00024,2024-05-13 13:14:23,70645.09,MRT005,Jumia Online Store,E-commerce,Mobile App,Lagos,Lagos,0,
TXN0002806,ACC00054,2024-05-03 04:25:18,60351.48,MRT006,Chicken Republic VI,Food & Dining,USSD,Ibadan,Ibadan,0,
TXN0004516,ACC00087,2024-01-29 05:25:16,141076.23,MRT006,Chicken Republic VI,Food & Dining,Web,Kano,Kano,0,
TXN0002556,ACC00049,2024-11-03 03:35:02,25456.8,MRT001,Shoprite Ikeja,Grocery,POS,Lagos,Lagos,0,
TXN0004347,ACC00082,2024-03-19 00:44:50,126000.46,MRT005,Jumia Online Store,E-commerce,ATM,Abuja,Abuja,0,
TXN0003261,ACC00061,2024-09-29 16:51:41,52364.77,MRT007,EKEDC Electricity,Utilities,POS,Kano,Kano,0,
TXN0005190,ACC00100,2024-11-25 10:31:28,46360.14,MRT005,Jumia Online Store,E-commerce,POS,Abuja,Abuja,0,
TXN0005152,ACC00099,2024-02-08 21:09:31,116946.92,MRT008,ATM Withdrawal UBA,ATM,ATM,Port Harcourt,Port Harcourt,0,
TXN0000676,ACC00013,2024-10-24 21:59:00,63824.5,MRT007,EKEDC Electricity,Utilities,ATM,Port Harcourt,Port Harcourt,0,
TXN0006014,ACC00114,2024-02-05 09:11:18,122369.04,MRT003,MTN Airtime Top-up,Telecom,POS,Lagos,Lagos,0,
TXN0001599,ACC00031,2024-04-04 14:55:56,6584.48,MRT010,Konga Electronics,E-commerce,Mobile App,Ibadan,Ibadan,0,
TXN0004141,ACC00079,2024-11-06 05:42:37,101790.05,MRT008,ATM Withdrawal UBA,ATM,ATM,Kano,Kano,0,
TXN0003705,ACC00069,2024-04-19 17:39:52,20753.61,MRT006,Chicken Republic VI,Food & Dining,Web,Abuja,Abuja,0,
TXN0005518,ACC00107,2024-11-07 17:22:29,117400.2,MRT010,Konga Electronics,E-commerce,POS,Ibadan,Ibadan,0,
TXN0002549,ACC00048,2024-03-15 22:12:52,138862.35,MRT008,ATM Withdrawal UBA,ATM,Mobile App,Kano,Kano,0,
TXN0005637,ACC00108,2024-09-17 15:41:15,94427.05,MRT007,EKEDC Electricity,Utilities,Mobile App,Kano,Kano,0,
TXN0005533,ACC00107,2024-03-09 03:48:19,135844.75,MRT003,MTN Airtime Top-up,Telecom,ATM,Ibadan,Ibadan,0,
TXN0005234,ACC00101,2024-11-08 03:04:52,41778.59,MRT009,Bolt Ride Hailing,Transport,POS,Kano,Kano,0,
TXN0002892,ACC00055,2024-10-11 16:33:01,65091.59,MRT004,Netflix Subscription,Streaming,Mobile App,Lagos,Lagos,0,
TXN0004371,ACC00082,2024-02-09 20:26:33,66471.54,MRT009,Bolt Ride Hailing,Transport,Web,Abuja,Abuja,0,
TXN0001890,ACC00035,2024-04-01 10:53:06,67921.02,MRT010,Konga Electronics,E-commerce,Web,Port Harcourt,Port Harcourt,0,
TXN0006132,ACC00117,2024-10-29 16:53:13,24063.39,MRT005,Jumia Online Store,E-commerce,USSD,Kano,Kano,0,
TXN0002177,ACC00041,2024-08-03 10:06:01,21789.09,MRT002,POS Terminal Lekki,POS,ATM,Ibadan,Ibadan,0,
TXN0003847,ACC00072,2024-08-28 17:22:39,12452.77,MRT007,EKEDC Electricity,Utilities,ATM,Abuja,Abuja,0,
TXN0001141,ACC00022,2024-10-21 04:09:45,144205.19,MRT006,Chicken Republic VI,Food & Dining,ATM,Abuja,Abuja,0,
TXN0004641,ACC00088,2024-12-08 17:24:49,50989.28,MRT010,Konga Electronics,E-commerce,USSD,Abuja,Abuja,0,
TXN0002293,ACC00043,2024-03-07 14:06:53,143875.69,MRT005,Jumia Online Store,E-commerce,USSD,Abuja,Abuja,0,
TXN0000052,ACC00002,2024-03-28 15:33:23,57366.51,MRT009,Bolt Ride Hailing,Transport,ATM,Lagos,Lagos,0,
TXN0005322,ACC00102,2024-04-19 01:43:26,23884.55,MRT006,Chicken Republic VI,Food & Dining,POS,Kano,Kano,0,
TXN0000779,ACC00016,2024-05-29 21:11:40,110021.38,MRT008,ATM Withdrawal UBA,ATM,Web,Ibadan,Ibadan,0,
TXN0001016,ACC00020,2024-09-08 02:23:12,112160.18,MRT002,POS Terminal Lekki,POS,Web,Port Harcourt,Port Harcourt,0,
TXN0003221,ACC00060,2024-09-10 05:56:20,27112.86,MRT006,Chicken Republic VI,Food & Dining,POS,Port Harcourt,Port Harcourt,0,
TXN0005019,ACC00097,2024-05-06 05:13:00,75704.68,MRT009,Bolt Ride Hailing,Transport,Web,Kano,Kano,0,
TXN0000889,ACC00017,2024-08-31 09:08:43,34326.72,MRT004,Netflix Subscription,Streaming,POS,Abuja,Abuja,0,
TXN0006202,ACC00119,2024-09-16 08:09:31,94618.52,MRT009,Bolt Ride Hailing,Transport,ATM,Kano,Kano,0,
TXN0000953,ACC00019,2024-09-29 16:00:34,7343.83,MRT002,POS Terminal Lekki,POS,Web,Kano,Kano,0,
TXN0005778,ACC00110,2024-11-29 01:52:05,19284.71,MRT009,Bolt Ride Hailing,Transport,USSD,Lagos,Lagos,0,
TXN0000977,ACC00019,2024-11-09 21:56:47,78648.13,MRT001,Shoprite Ikeja,Grocery,Mobile App,Kano,Kano,0,
TXN0005502,ACC00106,2024-12-19 12:00:24,110340.06,MRT004,Netflix Subscription,Streaming,USSD,Ibadan,Ibadan,0,
TXN0003903,ACC00073,2024-08-02 14:22:24,55638.89,MRT008,ATM Withdrawal UBA,ATM,POS,Lagos,Lagos,0,
TXN0000663,ACC00012,2024-04-06 09:05:03,184289.73,MRT011,Unknown Vendor XJ9,Unknown,Web,Nairobi,Kano,1,Unknown or unregistered merchant
TXN0000278,ACC00006,2024-01-15 21:00:41,137650.73,MRT005,Jumia Online Store,E-commerce,ATM,Abuja,Abuja,0,
TXN0004354,ACC00082,2024-01-08 21:12:20,85289.8,MRT002,POS Terminal Lekki,POS,Mobile App,Abuja,Abuja,0,
TXN0002199,ACC00041,2024-10-04 22:20:24,71326.84,MRT008,ATM Withdrawal UBA,ATM,USSD,Ibadan,Ibadan,0,
TXN0004592,ACC00087,2024-12-29 23:43:32,143151.89,MRT003,MTN Airtime Top-up,Telecom,POS,Kano,Kano,0,
TXN0000652,ACC00012,2024-09-26 12:50:16,71916.19,MRT003,MTN Airtime Top-up,Telecom,Web,Kano,Kano,0,
TXN0003389,ACC00064,2024-01-28 07:51:18,143657.44,MRT007,EKEDC Electricity,Utilities,USSD,Lagos,Lagos,0,
TXN0002151,ACC00040,2024-12-01 18:29:42,118227.48,MRT010,Konga Electronics,E-commerce,USSD,Abuja,Abuja,0,
TXN0004440,ACC00084,2024-11-05 19:06:14,76996.54,MRT005,Jumia Online Store,E-commerce,POS,Ibadan,Ibadan,0,
TXN0005260,ACC00101,2024-04-12 09:35:18,126400.96,MRT004,Netflix Subscription,Streaming,USSD,Kano,Kano,0,
TXN0005514,ACC00107,2024-05-30 00:44:19,96152.91,MRT006,Chicken Republic VI,Food & Dining,Web,Ibadan,Ibadan,0,
TXN0000950,ACC00019,2024-07-02 17:55:31,107529.07,MRT006,Chicken Republic VI,Food & Dining,Mobile App,Kano,Kano,0,
TXN0002666,ACC00051,2024-09-22 00:11:11,12273.55,MRT008,ATM Withdrawal UBA,ATM,Mobile App,Abuja,Abuja,0,
TXN0005551,ACC00107,2024-03-31 13:18:55,28155.49,MRT005,Jumia Online Store,E-commerce,ATM,Ibadan,Ibadan,0,
TXN0004828,ACC00092,2024-11-23 14:02:21,141892.64,MRT003,MTN Airtime Top-up,Telecom,POS,Ibadan,Ibadan,0,
TXN0001463,ACC00028,2024-01-31 12:05:53,85384.5,MRT008,ATM Withdrawal UBA,ATM,Mobile App,Ibadan,Ibadan,0,
TXN0005914,ACC00112,2024-03-06 07:28:54,149681.73,MRT002,POS Terminal Lekki,POS,Web,Abuja,Abuja,0,
TXN0003038,ACC00058,2024-02-27 01:13:25,98568.73,MRT010,Konga Electronics,E-commerce,Web,Lagos,Lagos,0,
TXN0005841,ACC00111,2024-01-08 15:26:00,106237.78,MRT001,Shoprite Ikeja,Grocery,ATM,Ibadan,Ibadan,0,
TXN0005219,ACC00101,2024-03-28 15:12:29,1414.82,MRT009,Bolt Ride Hailing,Transport,Web,Kano,Kano,0,
TXN0002335,ACC00043,2024-09-03 14:26:24,104620.08,MRT006,Chicken Republic VI,Food & Dining,ATM,Abuja,Abuja,0,
TXN0004560,ACC00087,2024-07-30 11:06:42,65404.76,MRT003,MTN Airtime Top-up,Telecom,POS,Kano,Kano,0,
TXN0005753,ACC00110,2024-06-28 17:14:34,91575.81,MRT009,Bolt Ride Hailing,Transport,Mobile App,Lagos,Lagos,0,
TXN0002506,ACC00047,2024-02-11 14:50:29,52783.39,MRT001,Shoprite Ikeja,Grocery,Web,Abuja,Abuja,0,
TXN0000810,ACC00016,2024-07-13 23:55:29,135118.03,MRT010,Konga Electronics,E-commerce,USSD,Ibadan,Ibadan,0,
TXN0004050,ACC00077,2024-11-20 19:33:22,112416.97,MRT004,Netflix Subscription,Streaming,Web,Ibadan,Ibadan,0,
TXN0000814,ACC00016,2024-03-19 10:01:26,125199.16,MRT003,MTN Airtime Top-up,Telecom,POS,Ibadan,Ibadan,0,
TXN0005024,ACC00097,2024-12-17 11:14:21,126462.75,MRT002,POS Terminal Lekki,POS,POS,Kano,Kano,0,
TXN0004255,ACC00081,2024-04-02 19:27:17,836.44,MRT007,EKEDC Electricity,Utilities,Mobile App,Abuja,Abuja,0,
TXN0004112,ACC00079,2024-06-24 15:14:11,58636.05,MRT001,Shoprite Ikeja,Grocery,POS,Kano,Kano,0,
TXN0001409,ACC00027,2024-09-27 05:36:03,92002.03,MRT004,Netflix Subscription,Streaming,Mobile App,Kano,Kano,0,
TXN0001433,ACC00028,2024-05-11 17:07:46,94163.37,MRT007,EKEDC Electricity,Utilities,Web,Ibadan,Ibadan,0,
TXN0003275,ACC00061,2024-10-10 20:59:35,71299.03,MRT007,EKEDC Electricity,Utilities,Web,Kano,Kano,0,
TXN0005883,ACC00111,2024-08-14 13:07:57,46111.09,MRT005,Jumia Online Store,E-commerce,ATM,Ibadan,Ibadan,0,
TXN0001730,ACC00033,2024-04-15 10:10:51,14827.09,MRT006,Chicken Republic VI,Food & Dining,USSD,Lagos,Lagos,0,
TXN0001416,ACC00028,2024-03-16 04:04:02,18171.97,MRT001,Shoprite Ikeja,Grocery,ATM,Ibadan,Ibadan,0,
TXN0001702,ACC00033,2024-05-13 22:53:21,46558.76,MRT006,Chicken Republic VI,Food & Dining,ATM,Lagos,Lagos,0,
TXN0002454,ACC00046,2024-04-26 09:29:32,143634.73,MRT004,Netflix Subscription,Streaming,USSD,Abuja,Abuja,0,
TXN0006193,ACC00119,2024-06-04 22:08:38,11750.47,MRT004,Netflix Subscription,Streaming,ATM,Kano,Kano,0,
TXN0000891,ACC00017,2024-08-16 14:48:30,25469.52,MRT005,Jumia Online Store,E-commerce,Mobile App,Abuja,Abuja,0,
TXN0001755,ACC00034,2024-03-07 17:02:40,1147.17,MRT009,Bolt Ride Hailing,Transport,Mobile App,Abuja,Abuja,0,
TXN0002482,ACC00046,2024-09-20 09:25:26,63027.44,MRT010,Konga Electronics,E-commerce,ATM,Abuja,Abuja,0,
TXN0003253,ACC00061,2024-04-30 13:56:57,57206.91,MRT001,Shoprite Ikeja,Grocery,POS,Kano,Kano,0,
TXN0005254,ACC00101,2024-02-07 06:21:15,80821.73,MRT010,Konga Electronics,E-commerce,Web,Kano,Kano,0,
TXN0001983,ACC00037,2024-06-10 21:25:36,119497.91,MRT006,Chicken Republic VI,Food & Dining,Web,Port Harcourt,Port Harcourt,0,
TXN0005116,ACC00098,2024-11-13 00:17:45,47590.01,MRT002,POS Terminal Lekki,POS,ATM,Ibadan,Ibadan,0,
TXN0000823,ACC00017,2024-05-28 18:13:26,86017.47,MRT008,ATM Withdrawal UBA,ATM,ATM,Abuja,Abuja,0,
TXN0004356,ACC00082,2024-10-21 06:37:11,128449.6,MRT009,Bolt Ride Hailing,Transport,USSD,Abuja,Abuja,0,
TXN0005427,ACC00105,2024-06-14 16:25:47,28377.49,MRT010,Konga Electronics,E-commerce,ATM,Kano,Kano,0,
TXN0004318,ACC00082,2024-01-03 01:16:25,131323.37,MRT009,Bolt Ride Hailing,Transport,USSD,Abuja,Abuja,0,
TXN0001603,ACC00031,2024-12-10 10:38:53,62725.23,MRT005,Jumia Online Store,E-commerce,ATM,Ibadan,Ibadan,0,
TXN0006237,ACC00120,2024-07-26 02:33:49,53223.98,MRT003,MTN Airtime Top-up,Telecom,ATM,Ibadan,Ibadan,0,
TXN0002142,ACC00040,2024-11-04 09:39:07,141560.36,MRT004,Netflix Subscription,Streaming,USSD,Abuja,Abuja,0,
TXN0004693,ACC00089,2024-04-20 02:12:50,5761.23,MRT002,POS Terminal Lekki,POS,POS,Ibadan,Ibadan,0,
TXN0001493,ACC00029,2024-09-30 03:44:08,123202.62,MRT009,Bolt Ride Hailing,Transport,POS,Port Harcourt,Port Harcourt,0,
TXN0002144,ACC00040,2024-08-12 20:03:37,13287.44,MRT002,POS Terminal Lekki,POS,Mobile App,Abuja,Abuja,0,
TXN0003137,ACC00059,2024-09-04 02:25:50,46622.34,MRT001,Shoprite Ikeja,Grocery,ATM,Lagos,Lagos,0,
TXN0003996,ACC00076,2024-09-28 00:08:23,45382.21,MRT010,Konga Electronics,E-commerce,ATM,Port Harcourt,Port Harcourt,0,
TXN0005685,ACC00109,2024-08-25 09:33:34,65710.1,MRT010,Konga Electronics,E-commerce,ATM,Port Harcourt,Port Harcourt,0,
TXN0003667,ACC00069,2024-05-02 02:57:59,145647.83,MRT001,Shoprite Ikeja,Grocery,Mobile App,Abuja,Abuja,0,
TXN0005925,ACC00112,2024-05-29 07:38:31,113068.8,MRT010,Konga Electronics,E-commerce,Web,Abuja,Abuja,0,
TXN0001116,ACC00022,2024-02-08 22:39:52,76497.36,MRT004,Netflix Subscription,Streaming,POS,Abuja,Abuja,0,
TXN0000886,ACC00017,2024-05-28 20:46:04,6139.94,MRT001,Shoprite Ikeja,Grocery,Web,Abuja,Abuja,0,
TXN0000484,ACC00009,2024-08-22 03:38:26,131106.26,MRT001,Shoprite Ikeja,Grocery,Web,Lagos,Lagos,0,
TXN0004485,ACC00086,2024-10-22 16:19:47,74751.63,MRT009,Bolt Ride Hailing,Transport,POS,Port Harcourt,Port Harcourt,0,
TXN0005231,ACC00101,2024-07-26 18:21:22,128782.98,MRT010,Konga Electronics,E-commerce,Mobile App,Kano,Kano,0,
TXN0003114,ACC00059,2024-09-03 09:56:31,37264.1,MRT001,Shoprite Ikeja,Grocery,USSD,Lagos,Lagos,0,
TXN0005978,ACC00113,2024-05-09 06:49:06,1523.11,MRT004,Netflix Subscription,Streaming,ATM,Kano,Kano,0,
TXN0004630,ACC00088,2024-06-06 06:15:53,22975.91,MRT010,Konga Electronics,E-commerce,Mobile App,Abuja,Abuja,0,
TXN0005930,ACC00112,2024-01-18 08:54:30,1831.5,MRT007,EKEDC Electricity,Utilities,POS,Abuja,Abuja,0,
TXN0004091,ACC00078,2024-11-22 12:31:32,23179.58,MRT004,Netflix Subscription,Streaming,USSD,Abuja,Abuja,0,
TXN0005108,ACC00098,2024-01-02 23:08:00,13799.43,MRT001,Shoprite Ikeja,Grocery,USSD,Ibadan,Ibadan,0,
TXN0001770,ACC00034,2024-09-12 18:06:52,18323.07,MRT002,POS Terminal Lekki,POS,ATM,Abuja,Abuja,0,
TXN0004475,ACC00086,2024-03-22 03:26:08,29552.17,MRT006,Chicken Republic VI,Food & Dining,USSD,Port Harcourt,Port Harcourt,0,
TXN0001043,ACC00020,2024-09-13 02:15:39,104171.99,MRT005,Jumia Online Store,E-commerce,Web,Port Harcourt,Port Harcourt,0,
TXN0000202,ACC00004,2024-10-07 05:45:42,116636.93,MRT006,Chicken Republic VI,Food & Dining,USSD,Ibadan,Ibadan,0,
TXN0004189,ACC00080,2024-12-08 01:08:56,69919.96,MRT004,Netflix Subscription,Streaming,Web,Abuja,Abuja,0,
TXN0004527,ACC00087,2024-02-23 00:13:41,7395.03,MRT007,EKEDC Electricity,Utilities,Web,Kano,Kano,0,
TXN0002298,ACC00043,2024-09-05 18:44:59,75761.3,MRT004,Netflix Subscription,Streaming,Mobile App,Abuja,Abuja,0,
TXN0005603,ACC00108,2024-12-29 05:47:29,83196.03,MRT006,Chicken Republic VI,Food & Dining,Web,Kano,Kano,0,
TXN0005012,ACC00097,2024-09-07 12:26:26,73648.14,MRT003,MTN Airtime Top-up,Telecom,Mobile App,Kano,Kano,0,
TXN0004755,ACC00091,2024-04-22 13:31:50,141313.8,MRT004,Netflix Subscription,Streaming,USSD,Ibadan,Ibadan,0,
TXN0002125,ACC00039,2024-04-10 19:52:31,128394.1,MRT010,Konga Electronics,E-commerce,USSD,Ibadan,Ibadan,0,
TXN0005303,ACC00102,2024-01-09 14:13:45,104812.33,MRT009,Bolt Ride Hailing,Transport,Mobile App,Kano,Kano,0,
TXN0002800,ACC00054,2024-08-21 13:44:24,88880.08,MRT006,Chicken Republic VI,Food & Dining,Web,Ibadan,Ibadan,0,
TXN0000059,ACC00002,2024-03-30 21:30:53,106189.9,MRT005,Jumia Online Store,E-commerce,ATM,Lagos,Lagos,0,
TXN0004274,ACC00081,2024-05-17 04:26:13,58488.16,MRT003,MTN Airtime Top-up,Telecom,Web,Abuja,Abuja,0,
TXN0000730,ACC00014,2024-04-07 00:47:43,69575.47,MRT002,POS Terminal Lekki,POS,Web,Lagos,Lagos,0,
TXN0003842,ACC00072,2024-04-25 05:37:34,62136.16,MRT010,Konga Electronics,E-commerce,POS,Abuja,Abuja,0,
TXN0006058,ACC00116,2024-08-12 11:56:55,104698.73,MRT006,Chicken Republic VI,Food & Dining,Web,Ibadan,Ibadan,0,
TXN0000836,ACC00017,2024-11-03 09:13:30,10309.74,MRT003,MTN Airtime Top-up,Telecom,USSD,Abuja,Abuja,0,
TXN0000972,ACC00019,2024-10-04 10:32:47,103148.39,MRT005,Jumia Online Store,E-commerce,Web,Kano,Kano,0,
TXN0005763,ACC00110,2024-11-25 16:31:11,17554.5,MRT009,Bolt Ride Hailing,Transport,Mobile App,Lagos,Lagos,0,
TXN0004151,ACC00079,2024-06-23 17:44:55,118683.38,MRT010,Konga Electronics,E-commerce,Web,Kano,Kano,0,
TXN0000865,ACC00017,2024-12-18 05:01:42,60987.53,MRT007,EKEDC Electricity,Utilities,Mobile App,Abuja,Abuja,0,
TXN0001367,ACC00026,2024-06-15 01:06:28,116544.1,MRT007,EKEDC Electricity,Utilities,USSD,Ibadan,Ibadan,0,
TXN0000287,ACC00006,2024-08-11 07:49:50,107922.38,MRT004,Netflix Subscription,Streaming,POS,Abuja,Abuja,0,
TXN0003604,ACC00068,2024-05-18 12:19:27,2432.45,MRT002,POS Terminal Lekki,POS,ATM,Abuja,Abuja,0,
TXN0005123,ACC00098,2024-08-06 04:07:00,105019.46,MRT006,Chicken Republic VI,Food & Dining,Web,Ibadan,Ibadan,0,
TXN0004712,ACC00090,2024-01-29 06:03:43,20103.62,MRT004,Netflix Subscription,Streaming,Mobile App,Abuja,Abuja,0,
TXN0003971,ACC00075,2024-10-24 23:52:41,22571.16,MRT005,Jumia Online Store,E-commerce,ATM,Kano,Kano,0,
TXN0001143,ACC00022,2024-07-06 04:17:15,39044.05,MRT002,POS Terminal Lekki,POS,ATM,Abuja,Abuja,0,
TXN0003779,ACC00071,2024-03-11 00:39:35,4063.39,MRT008,ATM Withdrawal UBA,ATM,Web,Lagos,Lagos,0,
TXN0002868,ACC00055,2024-01-06 06:23:53,45519.54,MRT006,Chicken Republic VI,Food & Dining,POS,Lagos,Lagos,0,
TXN0005394,ACC00104,2024-01-24 09:05:13,120612.5,MRT008,ATM Withdrawal UBA,ATM,Web,Kano,Kano,0,
TXN0001032,ACC00020,2024-06-02 01:06:27,82355.05,MRT009,Bolt Ride Hailing,Transport,Mobile App,Port Harcourt,Port Harcourt,0,
TXN0006154,ACC00118,2024-05-06 05:41:07,104982.68,MRT002,POS Terminal Lekki,POS,Web,Port Harcourt,Port Harcourt,0,
TXN0000918,ACC00018,2024-02-06 21:26:59,1946.01,MRT001,Shoprite Ikeja,Grocery,Web,Abuja,Abuja,0,
TXN0004794,ACC00092,2024-01-15 09:04:46,85996.63,MRT005,Jumia Online Store,E-commerce,ATM,Ibadan,Ibadan,0,
TXN0003645,ACC00068,2024-06-09 23:39:39,82908.31,MRT009,Bolt Ride Hailing,Transport,USSD,Abuja,Abuja,0,
TXN0005931,ACC00112,2024-04-26 14:04:53,148354.3,MRT009,Bolt Ride Hailing,Transport,Mobile App,Abuja,Abuja,0,
TXN0003354,ACC00063,2024-08-05 23:56:06,12922.25,MRT006,Chicken Republic VI,Food & Dining,USSD,Lagos,Lagos,0,
TXN0001256,ACC00025,2024-12-08 21:31:34,93150.32,MRT001,Shoprite Ikeja,Grocery,POS,Port Harcourt,Port Harcourt,0,
TXN0002976,ACC00057,2024-09-10 16:33:48,5325.07,MRT001,Shoprite Ikeja,Grocery,ATM,Lagos,Lagos,0,
TXN0004186,ACC00080,2024-05-07 10:36:48,45435.06,MRT009,Bolt Ride Hailing,Transport,ATM,Abuja,Abuja,0,
TXN0003216,ACC00060,2024-05-01 01:49:51,47887.3,MRT009,Bolt Ride Hailing,Transport,Mobile App,Port Harcourt,Port Harcourt,0,
TXN0002171,ACC00040,2024-03-04 00:33:32,68418.16,MRT002,POS Terminal Lekki,POS,Mobile App,Abuja,Abuja,0,
TXN0003120,ACC00059,2024-08-25 08:57:25,106643.58,MRT004,Netflix Subscription,Streaming,Mobile App,Lagos,Lagos,0,
TXN0001843,ACC00035,2024-09-14 22:57:08,142476.34,MRT010,Konga Electronics,E-commerce,USSD,Port Harcourt,Port Harcourt,0,
TXN0005538,ACC00107,2024-09-23 01:35:14,88869.84,MRT005,Jumia Online Store,E-commerce,ATM,Ibadan,Ibadan,0,
TXN0001124,ACC00022,2024-01-23 07:35:39,96223.55,MRT003,MTN Airtime Top-up,Telecom,ATM,Abuja,Abuja,0,
TXN0005592,ACC00108,2024-02-29 14:01:03,88425.06,MRT007,EKEDC Electricity,Utilities,USSD,Kano,Kano,0,
TXN0001838,ACC00035,2024-10-30 18:56:49,8771.43,MRT001,Shoprite Ikeja,Grocery,Mobile App,Port Harcourt,Port Harcourt,0,
TXN0004886,ACC00094,2024-01-09 16:54:20,75795.6,MRT009,Bolt Ride Hailing,Transport,USSD,Abuja,Abuja,0,
TXN0000181,ACC00004,2024-05-11 15:04:17,60110.16,MRT008,ATM Withdrawal UBA,ATM,Mobile App,Ibadan,Ibadan,0,
TXN0001768,ACC00034,2024-03-10 15:10:18,149809.14,MRT001,Shoprite Ikeja,Grocery,ATM,Abuja,Abuja,0,
TXN0002575,ACC00049,2024-08-31 02:19:34,123677.8,MRT001,Shoprite Ikeja,Grocery,Web,Lagos,Lagos,0,
TXN0003816,ACC00072,2024-05-22 10:46:00,128117.19,MRT009,Bolt Ride Hailing,Transport,ATM,Abuja,Abuja,0,
TXN0004489,ACC00086,2024-03-22 01:15:29,149590.83,MRT001,Shoprite Ikeja,Grocery,Mobile App,Port Harcourt,Port Harcourt,0,
TXN0003156,ACC00059,2024-08-22 21:48:51,14785.72,MRT003,MTN Airtime Top-up,Telecom,USSD,Lagos,Lagos,0,
TXN0000712,ACC00014,2024-02-25 07:01:01,14407.48,MRT005,Jumia Online Store,E-commerce,Web,Lagos,Lagos,0,
TXN0002257,ACC00042,2024-04-03 02:07:18,41429.55,MRT003,MTN Airtime Top-up,Telecom,USSD,Abuja,Abuja,0,
TXN0002981,ACC00057,2024-05-14 07:30:51,142511.21,MRT002,POS Terminal Lekki,POS,USSD,Lagos,Lagos,0,
TXN0001735,ACC00033,2024-08-26 05:34:00,126987.43,MRT009,Bolt Ride Hailing,Transport,USSD,Lagos,Lagos,0,
TXN0006165,ACC00119,2024-10-07 16:51:12,76096.99,MRT001,Shoprite Ikeja,Grocery,USSD,Kano,Kano,0,
TXN0001576,ACC00031,2024-05-29 04:39:53,45181.12,MRT004,Netflix Subscription,Streaming,ATM,Ibadan,Ibadan,0,
TXN0002316,ACC00043,2024-06-13 16:07:22,91074.76,MRT003,MTN Airtime Top-up,Telecom,POS,Abuja,Abuja,0,
TXN0004966,ACC00095,2024-08-26 05:12:48,64985.33,MRT007,EKEDC Electricity,Utilities,ATM,Port Harcourt,Port Harcourt,0,
TXN0003058,ACC00058,2024-10-12 00:55:17,81075.62,MRT007,EKEDC Electricity,Utilities,Mobile App,Lagos,Lagos,0,
TXN0002143,ACC00040,2024-08-28 14:46:43,114732.74,MRT008,ATM Withdrawal UBA,ATM,ATM,Abuja,Abuja,0,
TXN0002375,ACC00044,2024-12-05 04:59:58,145454.84,MRT001,Shoprite Ikeja,Grocery,POS,Kano,Kano,0,
TXN0002350,ACC00044,2024-11-13 01:18:01,736.0,MRT008,ATM Withdrawal UBA,ATM,Mobile App,Kano,Kano,0,
TXN0003233,ACC00061,2024-11-09 13:47:58,6209.94,MRT002,POS Terminal Lekki,POS,Mobile App,Kano,Kano,0,
TXN0001772,ACC00034,2024-01-26 03:08:41,146293.52,MRT006,Chicken Republic VI,Food & Dining,POS,Abuja,Abuja,0,
TXN0004862,ACC00093,2024-05-02 23:32:24,6823.39,MRT003,MTN Airtime Top-up,Telecom,USSD,Ibadan,Ibadan,0,
TXN0000715,ACC00014,2024-02-21 20:26:21,11687.16,MRT007,EKEDC Electricity,Utilities,USSD,Lagos,Lagos,0,
TXN0003849,ACC00072,2024-09-28 02:32:22,101890.23,MRT010,Konga Electronics,E-commerce,Mobile App,Abuja,Abuja,0,
TXN0001065,ACC00021,2024-01-17 15:00:12,77923.84,MRT004,Netflix Subscription,Streaming,POS,Ibadan,Ibadan,0,
TXN0000879,ACC00017,2024-02-23 08:20:13,51729.15,MRT004,Netflix Subscription,Streaming,USSD,Abuja,Abuja,0,
TXN0001301,ACC00026,2024-08-21 21:51:29,95266.12,MRT001,Shoprite Ikeja,Grocery,ATM,Ibadan,Ibadan,0,
TXN0005617,ACC00108,2024-03-19 02:37:17,107675.99,MRT004,Netflix Subscription,Streaming,Web,Kano,Kano,0,
TXN0000281,ACC00006,2024-01-08 09:07:44,32740.38,MRT005,Jumia Online Store,E-commerce,Web,Abuja,Abuja,0,
TXN0000288,ACC00006,2024-06-15 16:47:47,92414.03,MRT001,Shoprite Ikeja,Grocery,Web,Abuja,Abuja,0,
TXN0006101,ACC00117,2024-04-10 19:16:33,102945.05,MRT007,EKEDC Electricity,Utilities,ATM,Kano,Kano,0,
TXN0001973,ACC00036,2024-10-08 09:53:37,140324.5,MRT010,Konga Electronics,E-commerce,ATM,Ibadan,Ibadan,0,
TXN0001616,ACC00031,2024-08-27 13:10:22,6975.96,MRT008,ATM Withdrawal UBA,ATM,Mobile App,Ibadan,Ibadan,0,
TXN0003762,ACC00070,2024-09-04 06:27:05,72129.8,MRT008,ATM Withdrawal UBA,ATM,Web,Port Harcourt,Port Harcourt,0,
TXN0005548,ACC00107,2024-07-11 22:50:22,93775.15,MRT005,Jumia Online Store,E-commerce,Web,Ibadan,Ibadan,0,
TXN0001317,ACC00026,2024-03-06 17:34:24,92625.04,MRT006,Chicken Republic VI,Food & Dining,ATM,Ibadan,Ibadan,0,
TXN0004435,ACC00084,2024-06-30 11:40:14,7099.89,MRT001,Shoprite Ikeja,Grocery,Mobile App,Ibadan,Ibadan,0,
TXN0003571,ACC00067,2024-07-23 02:42:40,236181.93,MRT011,Unknown Vendor XJ9,Unknown,Web,Nairobi,Lagos,1,Unknown or unregistered merchant
TXN0000807,ACC00016,2024-11-13 20:05:22,63085.5,MRT009,Bolt Ride Hailing,Transport,USSD,Ibadan,Ibadan,0,
TXN0004793,ACC00092,2024-03-17 21:02:24,112142.58,MRT010,Konga Electronics,E-commerce,Web,Ibadan,Ibadan,0,
TXN0004690,ACC00089,2024-07-03 19:17:45,15057.99,MRT009,Bolt Ride Hailing,Transport,ATM,Ibadan,Ibadan,0,
TXN0002025,ACC00038,2024-05-01 06:24:12,51435.98,MRT009,Bolt Ride Hailing,Transport,Web,Abuja,Abuja,0,
TXN0000182,ACC00004,2024-05-01 09:09:42,47222.27,MRT007,EKEDC Electricity,Utilities,POS,Ibadan,Ibadan,0,
TXN0000870,ACC00017,2024-07-01 19:59:44,111267.37,MRT003,MTN Airtime Top-up,Telecom,USSD,Abuja,Abuja,0,
TXN0006256,ACC00120,2024-09-12 23:01:55,48395.43,MRT001,Shoprite Ikeja,Grocery,POS,Ibadan,Ibadan,0,
TXN0001897,ACC00036,2024-01-03 01:58:04,75929.03,MRT005,Jumia Online Store,E-commerce,ATM,Ibadan,Ibadan,0,
TXN0002669,ACC00051,2024-07-19 12:16:19,97883.54,MRT010,Konga Electronics,E-commerce,POS,Abuja,Abuja,0,
TXN0002441,ACC00045,2024-07-28 07:40:27,113149.48,MRT002,POS Terminal Lekki,POS,Web,Lagos,Lagos,0,
TXN0003220,ACC00060,2024-09-23 04:05:20,83906.81,MRT002,POS Terminal Lekki,POS,ATM,Port Harcourt,Port Harcourt,0,
TXN0003007,ACC00057,2024-03-20 01:16:10,126293.09,MRT003,MTN Airtime Top-up,Telecom,USSD,Lagos,Lagos,0,
TXN0002540,ACC00048,2024-03-23 07:46:26,71072.7,MRT005,Jumia Online Store,E-commerce,USSD,Kano,Kano,0,
TXN0004876,ACC00093,2024-11-09 09:54:36,10515.84,MRT001,Shoprite Ikeja,Grocery,POS,Ibadan,Ibadan,0,
TXN0003801,ACC00072,2024-02-03 00:21:19,10799.05,MRT006,Chicken Republic VI,Food & Dining,Web,Abuja,Abuja,0,
TXN0001274,ACC00025,2024-07-25 11:26:24,28824.33,MRT007,EKEDC Electricity,Utilities,USSD,Port Harcourt,Port Harcourt,0,
TXN0005756,ACC00110,2024-12-15 00:37:07,69587.25,MRT002,POS Terminal Lekki,POS,POS,Lagos,Lagos,0,
TXN0001399,ACC00027,2024-09-16 00:51:30,125783.16,MRT010,Konga Electronics,E-commerce,POS,Kano,Kano,0,
TXN0006000,ACC00114,2024-11-23 13:46:19,90887.89,MRT005,Jumia Online Store,E-commerce,POS,Lagos,Lagos,0,
TXN0005441,ACC00105,2024-11-01 01:59:33,118860.21,MRT002,POS Terminal Lekki,POS,POS,Kano,Kano,0,
TXN0003097,ACC00059,2024-03-27 20:24:50,43627.58,MRT003,MTN Airtime Top-up,Telecom,POS,Lagos,Lagos,0,
TXN0004803,ACC00092,2024-11-22 05:17:13,29451.26,MRT010,Konga Electronics,E-commerce,POS,Ibadan,Ibadan,0,
TXN0002145,ACC00040,2024-12-22 00:23:50,56920.57,MRT001,Shoprite Ikeja,Grocery,Mobile App,Abuja,Abuja,0,
TXN0002801,ACC00054,2024-08-11 20:33:58,43113.02,MRT001,Shoprite Ikeja,Grocery,USSD,Ibadan,Ibadan,0,
TXN0000687,ACC00013,2024-03-05 20:12:27,19476.13,MRT006,Chicken Republic VI,Food & Dining,POS,Port Harcourt,Port Harcourt,0,
TXN0004111,ACC00079,2024-09-23 14:34:14,36988.9,MRT010,Konga Electronics,E-commerce,Mobile App,Kano,Kano,0,
TXN0002775,ACC00053,2024-04-13 22:07:28,72495.44,MRT005,Jumia Online Store,E-commerce,Mobile App,Kano,Kano,0,
TXN0001432,ACC00028,2024-01-26 17:09:00,42428.77,MRT003,MTN Airtime Top-up,Telecom,Mobile App,Ibadan,Ibadan,0,
TXN0000688,ACC00013,2024-10-11 15:27:25,115828.83,MRT002,POS Terminal Lekki,POS,Mobile App,Port Harcourt,Port Harcourt,0,
TXN0004649,ACC00088,2024-10-30 00:26:16,144546.78,MRT002,POS Terminal Lekki,POS,Mobile App,Abuja,Abuja,0,
TXN0001319,ACC00026,2024-03-18 13:12:03,23820.69,MRT006,Chicken Republic VI,Food & Dining,Mobile App,Ibadan,Ibadan,0,
TXN0003856,ACC00073,2024-06-05 14:29:05,130368.01,MRT008,ATM Withdrawal UBA,ATM,ATM,Lagos,Lagos,0,
TXN0000356,ACC00007,2024-03-20 05:37:56,91195.71,MRT006,Chicken Republic VI,Food & Dining,POS,Port Harcourt,Port Harcourt,0,
TXN0000092,ACC00002,2024-10-16 19:57:02,129672.03,MRT003,MTN Airtime Top-up,Telecom,POS,Lagos,Lagos,0,
TXN0001089,ACC00021,2024-08-30 00:45:15,40045.84,MRT009,Bolt Ride Hailing,Transport,POS,Ibadan,Ibadan,0,
TXN0005143,ACC00099,2024-05-09 17:02:08,67104.65,MRT001,Shoprite Ikeja,Grocery,ATM,Port Harcourt,Port Harcourt,0,
TXN0004861,ACC00093,2024-08-10 23:38:29,47599.52,MRT001,Shoprite Ikeja,Grocery,Mobile App,Ibadan,Ibadan,0,
TXN0003051,ACC00058,2024-05-23 00:49:21,43985.46,MRT001,Shoprite Ikeja,Grocery,Web,Lagos,Lagos,0,
TXN0005070,ACC00097,2024-12-02 21:43:15,106489.34,MRT002,POS Terminal Lekki,POS,Web,Kano,Kano,0,
TXN0000008,ACC00001,2024-02-19 00:27:53,100584.1,MRT008,ATM Withdrawal UBA,ATM,USSD,Lagos,Lagos,0,
TXN0003751,ACC00070,2024-08-04 06:14:50,21932.84,MRT003,MTN Airtime Top-up,Telecom,POS,Port Harcourt,Port Harcourt,0,
TXN0000234,ACC00005,2024-04-30 13:12:39,68061.12,MRT008,ATM Withdrawal UBA,ATM,Mobile App,Kano,Kano,0,
TXN0003092,ACC00059,2024-04-20 18:47:23,57918.13,MRT006,Chicken Republic VI,Food & Dining,Web,Lagos,Lagos,0,
TXN0002933,ACC00056,2024-01-11 20:42:19,68833.8,MRT005,Jumia Online Store,E-commerce,USSD,Abuja,Abuja,0,
TXN0004894,ACC00094,2024-06-11 15:22:59,48369.62,MRT008,ATM Withdrawal UBA,ATM,Mobile App,Abuja,Abuja,0,
TXN0002729,ACC00052,2024-02-04 00:40:45,13900.87,MRT002,POS Terminal Lekki,POS,Mobile App,Port Harcourt,Port Harcourt,0,
TXN0005618,ACC00108,2024-02-08 12:08:20,127447.73,MRT009,Bolt Ride Hailing,Transport,Web,Kano,Kano,0,
TXN0004526,ACC00087,2024-07-04 04:54:28,110630.39,MRT009,Bolt Ride Hailing,Transport,USSD,Kano,Kano,0,
TXN0001219,ACC00024,2024-03-11 20:09:29,43794.5,MRT003,MTN Airtime Top-up,Telecom,ATM,Lagos,Lagos,0,
TXN0001681,ACC00032,2024-11-21 23:08:17,24607.58,MRT003,MTN Airtime Top-up,Telecom,Mobile App,Port Harcourt,Port Harcourt,0,
TXN0001078,ACC00021,2024-11-11 00:40:36,108178.22,MRT006,Chicken Republic VI,Food & Dining,ATM,Ibadan,Ibadan,0,
TXN0003563,ACC00067,2024-09-16 10:19:46,114608.76,MRT006,Chicken Republic VI,Food & Dining,POS,Lagos,Lagos,0,
TXN0003380,ACC00064,2024-03-09 01:05:05,140602.56,MRT008,ATM Withdrawal UBA,ATM,Web,Lagos,Lagos,0,
TXN0003834,ACC00072,2024-10-02 01:15:11,91015.94,MRT008,ATM Withdrawal UBA,ATM,Web,Abuja,Abuja,0,
TXN0005204,ACC00100,2024-09-04 11:11:49,83589.99,MRT009,Bolt Ride Hailing,Transport,ATM,Abuja,Abuja,0,
TXN0004313,ACC00082,2024-12-30 22:14:22,134306.17,MRT009,Bolt Ride Hailing,Transport,Web,Abuja,Abuja,0,
TXN0002991,ACC00057,2024-06-19 02:00:59,134623.44,MRT002,POS Terminal Lekki,POS,POS,Lagos,Lagos,0,
TXN0003686,ACC00069,2024-03-07 22:49:07,95654.02,MRT004,Netflix Subscription,Streaming,ATM,Abuja,Abuja,0,
TXN0000184,ACC00004,2024-01-27 01:43:40,124849.9,MRT002,POS Terminal Lekki,POS,Mobile App,Ibadan,Ibadan,0,
TXN0002192,ACC00041,2024-11-02 15:29:29,49488.25,MRT003,MTN Airtime Top-up,Telecom,Mobile App,Ibadan,Ibadan,0,
TXN0001663,ACC00032,2024-09-20 10:17:29,134967.95,MRT009,Bolt Ride Hailing,Transport,ATM,Port Harcourt,Port Harcourt,0,
TXN0004971,ACC00095,2024-08-09 20:03:52,117486.27,MRT008,ATM Withdrawal UBA,ATM,POS,Port Harcourt,Port Harcourt,0,
TXN0004444,ACC00084,2024-06-06 23:00:58,36438.28,MRT004,Netflix Subscription,Streaming,USSD,Ibadan,Ibadan,0,
TXN0003649,ACC00069,2024-12-15 13:06:02,48363.13,MRT004,Netflix Subscription,Streaming,POS,Abuja,Abuja,0,
TXN0002354,ACC00044,2024-07-14 04:41:58,67873.79,MRT002,POS Terminal Lekki,POS,Web,Kano,Kano,0,
TXN0005838,ACC00111,2024-11-30 21:44:40,134218.58,MRT004,Netflix Subscription,Streaming,USSD,Ibadan,Ibadan,0,
TXN0006073,ACC00116,2024-06-06 00:09:41,35047.72,MRT004,Netflix Subscription,Streaming,USSD,Ibadan,Ibadan,0,
TXN0005367,ACC00103,2024-02-20 21:14:00,31868.12,MRT003,MTN Airtime Top-up,Telecom,Web,Lagos,Lagos,0,
TXN0005897,ACC00112,2024-04-09 03:33:41,83622.39,MRT008,ATM Withdrawal UBA,ATM,USSD,Abuja,Abuja,0,
TXN0006253,ACC00120,2024-02-06 08:50:43,142470.84,MRT002,POS Terminal Lekki,POS,Web,Ibadan,Ibadan,0,
TXN0004927,ACC00095,2024-10-04 13:48:39,16640.09,MRT007,EKEDC Electricity,Utilities,Web,Port Harcourt,Port Harcourt,0,
TXN0004518,ACC00087,2024-12-14 13:14:48,53691.4,MRT006,Chicken Republic VI,Food & Dining,ATM,Kano,Kano,0,
TXN0002527,ACC00048,2024-12-01 14:37:06,149141.43,MRT005,Jumia Online Store,E-commerce,Web,Kano,Kano,0,
TXN0001841,ACC00035,2024-06-03 03:19:47,35788.15,MRT003,MTN Airtime Top-up,Telecom,USSD,Port Harcourt,Port Harcourt,0,
TXN0004999,ACC00096,2024-01-19 16:15:56,83339.09,MRT008,ATM Withdrawal UBA,ATM,Web,Port Harcourt,Port Harcourt,0,
TXN0005144,ACC00099,2024-12-26 00:22:40,105850.84,MRT005,Jumia Online Store,E-commerce,ATM,Port Harcourt,Port Harcourt,0,
TXN0003279,ACC00061,2024-10-27 14:52:41,143120.3,MRT005,Jumia Online Store,E-commerce,ATM,Kano,Kano,0,
TXN0001486,ACC00029,2024-06-24 22:01:39,44079.74,MRT009,Bolt Ride Hailing,Transport,USSD,Port Harcourt,Port Harcourt,0,
TXN0001426,ACC00028,2024-12-21 19:15:30,119689.53,MRT008,ATM Withdrawal UBA,ATM,Web,Ibadan,Ibadan,0,
TXN0001321,ACC00026,2024-12-25 21:44:48,130378.48,MRT003,MTN Airtime Top-up,Telecom,POS,Ibadan,Ibadan,0,
TXN0004477,ACC00086,2024-06-02 07:03:25,121102.4,MRT004,Netflix Subscription,Streaming,Mobile App,Port Harcourt,Port Harcourt,0,
TXN0004541,ACC00087,2024-08-12 23:16:37,95698.16,MRT007,EKEDC Electricity,Utilities,USSD,Kano,Kano,0,
TXN0002253,ACC00042,2024-05-14 16:14:27,58968.01,MRT005,Jumia Online Store,E-commerce,Web,Abuja,Abuja,0,
TXN0005413,ACC00104,2024-03-31 13:20:50,22137.39,MRT002,POS Terminal Lekki,POS,Web,Kano,Kano,0,
TXN0005985,ACC00113,2024-06-02 02:35:35,148036.41,MRT008,ATM Withdrawal UBA,ATM,USSD,Kano,Kano,0,
TXN0006065,ACC00116,2024-08-28 18:50:41,129922.53,MRT009,Bolt Ride Hailing,Transport,USSD,Ibadan,Ibadan,0,
TXN0004152,ACC00079,2024-09-09 01:46:59,59755.94,MRT005,Jumia Online Store,E-commerce,Web,Kano,Kano,0,
TXN0004295,ACC00081,2024-09-27 06:19:16,122446.16,MRT005,Jumia Online Store,E-commerce,Web,Abuja,Abuja,0,
TXN0001015,ACC00020,2024-11-20 12:57:47,31234.15,MRT002,POS Terminal Lekki,POS,ATM,Port Harcourt,Port Harcourt,0,
TXN0006184,ACC00119,2024-06-02 01:24:39,89018.28,MRT003,MTN Airtime Top-up,Telecom,Web,Kano,Kano,0,
TXN0005990,ACC00114,2024-07-17 07:28:45,118620.98,MRT005,Jumia Online Store,E-commerce,POS,Lagos,Lagos,0,
TXN0000427,ACC00008,2024-09-18 21:52:27,26736.49,MRT004,Netflix Subscription,Streaming,ATM,Ibadan,Ibadan,0,
TXN0006115,ACC00117,2024-04-10 20:39:22,52354.54,MRT001,Shoprite Ikeja,Grocery,Mobile App,Kano,Kano,0,
TXN0000693,ACC00013,2024-04-09 01:51:15,134193.13,MRT002,POS Terminal Lekki,POS,Mobile App,Port Harcourt,Port Harcourt,0,
TXN0001569,ACC00031,2024-07-04 16:34:56,60884.96,MRT007,EKEDC Electricity,Utilities,Mobile App,Ibadan,Ibadan,0,
TXN0002504,ACC00047,2024-11-25 11:12:42,9095.76,MRT008,ATM Withdrawal UBA,ATM,Mobile App,Abuja,Abuja,0,
TXN0005943,ACC00112,2024-05-05 19:21:27,42021.25,MRT004,Netflix Subscription,Streaming,ATM,Abuja,Abuja,0,
TXN0003232,ACC00061,2024-07-09 09:55:54,71280.54,MRT003,MTN Airtime Top-up,Telecom,USSD,Kano,Kano,0,
TXN0004550,ACC00087,2024-06-26 13:14:25,145865.21,MRT007,EKEDC Electricity,Utilities,Mobile App,Kano,Kano,0,
TXN0002239,ACC00042,2024-12-19 22:21:14,42930.73,MRT007,EKEDC Electricity,Utilities,Web,Abuja,Abuja,0,
TXN0005973,ACC00113,2024-06-18 00:36:07,34046.06,MRT006,Chicken Republic VI,Food & Dining,POS,Kano,Kano,0,
TXN0001618,ACC00031,2024-07-07 09:05:59,17851.73,MRT009,Bolt Ride Hailing,Transport,Web,Ibadan,Ibadan,0,
TXN0000773,ACC00016,2024-03-26 18:53:34,16064.48,MRT010,Konga Electronics,E-commerce,ATM,Ibadan,Ibadan,0,
TXN0001529,ACC00029,2024-09-12 23:46:33,55780.14,MRT008,ATM Withdrawal UBA,ATM,Web,Port Harcourt,Port Harcourt,0,
TXN0006149,ACC00118,2024-10-30 21:36:45,65268.07,MRT008,ATM Withdrawal UBA,ATM,Web,Port Harcourt,Port Harcourt,0,
TXN0000623,ACC00011,2024-08-09 09:28:40,80075.98,MRT006,Chicken Republic VI,Food & Dining,USSD,Abuja,Abuja,0,
TXN0000177,ACC00004,2024-05-27 22:17:10,79818.25,MRT010,Konga Electronics,E-commerce,ATM,Ibadan,Ibadan,0,
TXN0005311,ACC00102,2024-02-16 02:01:24,27648.1,MRT005,Jumia Online Store,E-commerce,Mobile App,Kano,Kano,0,
TXN0001361,ACC00026,2024-07-09 20:36:17,21058.15,MRT008,ATM Withdrawal UBA,ATM,Web,Ibadan,Ibadan,0,
TXN0000802,ACC00016,2024-01-18 07:51:35,66241.19,MRT005,Jumia Online Store,E-commerce,POS,Ibadan,Ibadan,0,
TXN0001119,ACC00022,2024-11-08 09:15:57,123576.69,MRT002,POS Terminal Lekki,POS,ATM,Abuja,Abuja,0,
TXN0006023,ACC00114,2024-08-29 21:49:36,136906.66,MRT010,Konga Electronics,E-commerce,Mobile App,Lagos,Lagos,0,
TXN0000290,ACC00006,2024-07-22 07:13:46,10618.06,MRT006,Chicken Republic VI,Food & Dining,USSD,Abuja,Abuja,0,
TXN0001348,ACC00026,2024-07-29 05:47:00,129456.86,MRT004,Netflix Subscription,Streaming,POS,Ibadan,Ibadan,0,
TXN0001384,ACC00027,2024-02-03 03:06:52,106238.23,MRT009,Bolt Ride Hailing,Transport,USSD,Kano,Kano,0,
TXN0001505,ACC00029,2024-07-16 20:05:28,83031.48,MRT007,EKEDC Electricity,Utilities,ATM,Port Harcourt,Port Harcourt,0,
TXN0005285,ACC00102,2024-09-12 13:08:39,85848.6,MRT010,Konga Electronics,E-commerce,ATM,Kano,Kano,0,
TXN0002983,ACC00057,2024-07-04 22:28:25,40941.01,MRT003,MTN Airtime Top-up,Telecom,Mobile App,Lagos,Lagos,0,
TXN0002988,ACC00057,2024-09-21 20:09:10,83098.15,MRT001,Shoprite Ikeja,Grocery,Mobile App,Lagos,Lagos,0,
TXN0002442,ACC00045,2024-09-12 18:25:57,27509.29,MRT002,POS Terminal Lekki,POS,USSD,Lagos,Lagos,0,
TXN0005582,ACC00107,2024-05-07 02:35:04,95851.98,MRT007,EKEDC Electricity,Utilities,POS,Ibadan,Ibadan,0,
TXN0005806,ACC00110,2024-09-03 10:57:23,50546.94,MRT004,Netflix Subscription,Streaming,POS,Lagos,Lagos,0,
TXN0005468,ACC00106,2024-12-24 08:10:03,91617.85,MRT010,Konga Electronics,E-commerce,Mobile App,Ibadan,Ibadan,0,
TXN0000264,ACC00005,2024-04-30 04:26:59,135644.16,MRT008,ATM Withdrawal UBA,ATM,Web,Kano,Kano,0,
TXN0004891,ACC00094,2024-08-09 18:55:20,145891.61,MRT008,ATM Withdrawal UBA,ATM,POS,Abuja,Abuja,0,
TXN0003641,ACC00068,2024-01-11 05:41:07,34058.06,MRT008,ATM Withdrawal UBA,ATM,Web,Abuja,Abuja,0,
TXN0006264,ACC00120,2024-11-28 23:27:04,101157.85,MRT004,Netflix Subscription,Streaming,Web,Ibadan,Ibadan,0,
TXN0002658,ACC00051,2024-01-18 17:46:27,47529.75,MRT001,Shoprite Ikeja,Grocery,POS,Abuja,Abuja,0,
TXN0006127,ACC00117,2024-06-25 21:01:26,27449.23,MRT004,Netflix Subscription,Streaming,Web,Kano,Kano,0,
TXN0002107,ACC00039,2024-05-07 13:26:36,137145.73,MRT001,Shoprite Ikeja,Grocery,Web,Ibadan,Ibadan,0,
TXN0001821,ACC00034,2024-06-05 05:43:00,93932.1,MRT005,Jumia Online Store,E-commerce,ATM,Abuja,Abuja,0,
TXN0002893,ACC00055,2024-04-22 22:28:16,5304.44,MRT004,Netflix Subscription,Streaming,POS,Lagos,Lagos,0,
TXN0002609,ACC00050,2024-12-12 20:27:32,93901.36,MRT005,Jumia Online Store,E-commerce,POS,Kano,Kano,0,
TXN0000683,ACC00013,2024-02-15 01:04:23,92038.37,MRT008,ATM Withdrawal UBA,ATM,Mobile App,Port Harcourt,Port Harcourt,0,
TXN0002446,ACC00045,2024-08-06 10:50:40,127791.79,MRT005,Jumia Online Store,E-commerce,Mobile App,Lagos,Lagos,0,
TXN0003484,ACC00066,2024-06-02 21:51:29,119815.5,MRT008,ATM Withdrawal UBA,ATM,USSD,Lagos,Lagos,0,
TXN0000636,ACC00011,2024-11-26 03:33:52,119453.85,MRT002,POS Terminal Lekki,POS,ATM,Abuja,Abuja,0,
TXN0000291,ACC00006,2024-07-30 07:12:41,118068.64,MRT009,Bolt Ride Hailing,Transport,USSD,Abuja,Abuja,0,
TXN0001062,ACC00021,2024-09-13 02:10:38,110520.01,MRT003,MTN Airtime Top-up,Telecom,ATM,Ibadan,Ibadan,0,
TXN0004074,ACC00077,2024-08-20 06:59:14,27870.14,MRT006,Chicken Republic VI,Food & Dining,ATM,Ibadan,Ibadan,0,
TXN0005364,ACC00103,2024-09-15 17:37:35,138494.91,MRT007,EKEDC Electricity,Utilities,POS,Lagos,Lagos,0,
TXN0000748,ACC00015,2024-04-15 00:38:35,4396.41,MRT003,MTN Airtime Top-up,Telecom,USSD,Abuja,Abuja,0,
TXN0004980,ACC00096,2024-02-15 23:42:04,23247.3,MRT003,MTN Airtime Top-up,Telecom,Web,Port Harcourt,Port Harcourt,0,
TXN0000835,ACC00017,2024-12-02 18:47:13,123242.1,MRT006,Chicken Republic VI,Food & Dining,USSD,Abuja,Abuja,0,
TXN0005463,ACC00105,2024-02-11 09:55:13,116928.38,MRT003,MTN Airtime Top-up,Telecom,Web,Kano,Kano,0,
TXN0001674,ACC00032,2024-09-11 16:07:51,73179.18,MRT006,Chicken Republic VI,Food & Dining,USSD,Port Harcourt,Port Harcourt,0,
TXN0000285,ACC00006,2024-06-26 12:36:27,17073.26,MRT002,POS Terminal Lekki,POS,ATM,Abuja,Abuja,0,
TXN0001419,ACC00028,2024-01-18 16:01:04,52772.68,MRT006,Chicken Republic VI,Food & Dining,Web,Ibadan,Ibadan,0,
TXN0005611,ACC00108,2024-03-24 07:11:35,61422.6,MRT008,ATM Withdrawal UBA,ATM,Mobile App,Kano,Kano,0,
TXN0001946,ACC00036,2024-06-14 00:28:51,14625.41,MRT007,EKEDC Electricity,Utilities,USSD,Ibadan,Ibadan,0,
TXN0001931,ACC00036,2024-09-08 08:02:34,18530.0,MRT003,MTN Airtime Top-up,Telecom,ATM,Ibadan,Ibadan,0,
TXN0005313,ACC00102,2024-09-09 16:38:19,87736.42,MRT009,Bolt Ride Hailing,Transport,Web,Kano,Kano,0,
TXN0003901,ACC00073,2024-06-25 01:22:27,24853.71,MRT005,Jumia Online Store,E-commerce,Web,Lagos,Lagos,0,
TXN0006236,ACC00120,2024-03-12 06:58:03,1789.12,MRT006,Chicken Republic VI,Food & Dining,Mobile App,Ibadan,Ibadan,0,
TXN0003445,ACC00066,2024-03-10 10:29:30,114185.45,MRT002,POS Terminal Lekki,POS,POS,Lagos,Lagos,0,
TXN0000320,ACC00006,2024-08-22 23:53:33,102019.78,MRT003,MTN Airtime Top-up,Telecom,POS,Abuja,Abuja,0,
TXN0002739,ACC00053,2024-12-15 14:21:11,5384.85,MRT007,EKEDC Electricity,Utilities,Mobile App,Kano,Kano,0,
TXN0000492,ACC00009,2024-04-29 18:42:14,54266.87,MRT005,Jumia Online Store,E-commerce,ATM,Lagos,Lagos,0,
TXN0001704,ACC00033,2024-10-14 23:32:19,120650.98,MRT007,EKEDC Electricity,Utilities,POS,Lagos,Lagos,0,
TXN0001391,ACC00027,2024-08-29 18:40:58,2325.06,MRT005,Jumia Online Store,E-commerce,ATM,Kano,Kano,0,
TXN0005198,ACC00100,2024-03-12 08:51:46,9641.67,MRT010,Konga Electronics,E-commerce,Web,Abuja,Abuja,0,
TXN0001748,ACC00033,2024-10-20 00:55:05,117464.44,MRT002,POS Terminal Lekki,POS,USSD,Lagos,Lagos,0,
TXN0000794,ACC00016,2024-02-29 15:33:43,54443.92,MRT001,Shoprite Ikeja,Grocery,ATM,Ibadan,Ibadan,0,
TXN0005157,ACC00100,2024-09-28 07:43:39,102546.9,MRT002,POS Terminal Lekki,POS,Mobile App,Abuja,Abuja,0,
TXN0002018,ACC00037,2024-12-15 14:33:05,91754.96,MRT009,Bolt Ride Hailing,Transport,Web,Port Harcourt,Port Harcourt,0,
TXN0000847,ACC00017,2024-04-20 17:02:21,58291.57,MRT001,Shoprite Ikeja,Grocery,Web,Abuja,Abuja,0,
TXN0003250,ACC00061,2024-08-31 08:34:03,115125.02,MRT001,Shoprite Ikeja,Grocery,Mobile App,Kano,Kano,0,
TXN0001035,ACC00020,2024-02-25 07:46:40,28006.91,MRT003,MTN Airtime Top-up,Telecom,USSD,Port Harcourt,Port Harcourt,0,
TXN0001456,ACC00028,2024-08-10 22:50:27,26105.61,MRT004,Netflix Subscription,Streaming,POS,Ibadan,Ibadan,0,
TXN0001836,ACC00035,2024-04-10 08:25:59,98971.27,MRT005,Jumia Online Store,E-commerce,Web,Port Harcourt,Port Harcourt,0,
TXN0004331,ACC00082,2024-04-17 09:37:26,86398.92,MRT002,POS Terminal Lekki,POS,Web,Abuja,Abuja,0,
TXN0004580,ACC00087,2024-08-31 11:51:19,8019.73,MRT003,MTN Airtime Top-up,Telecom,POS,Kano,Kano,0,
TXN0003665,ACC00069,2024-11-06 01:46:46,141967.03,MRT009,Bolt Ride Hailing,Transport,Web,Abuja,Abuja,0,
TXN0002731,ACC00052,2024-12-26 02:23:59,15405.46,MRT009,Bolt Ride Hailing,Transport,ATM,Port Harcourt,Port Harcourt,0,
TXN0003082,ACC00058,2024-01-29 15:25:24,142512.9,MRT006,Chicken Republic VI,Food & Dining,ATM,Lagos,Lagos,0,
TXN0003866,ACC00073,2024-07-08 06:21:28,53328.73,MRT001,Shoprite Ikeja,Grocery,Mobile App,Lagos,Lagos,0,
TXN0001168,ACC00023,2024-05-21 18:46:24,42304.62,MRT007,EKEDC Electricity,Utilities,Web,Abuja,Abuja,0,
TXN0006008,ACC00114,2024-05-11 00:27:09,118448.78,MRT010,Konga Electronics,E-commerce,USSD,Lagos,Lagos,0,
TXN0000826,ACC00017,2024-01-16 01:28:45,133491.34,MRT007,EKEDC Electricity,Utilities,POS,Abuja,Abuja,0,
TXN0005747,ACC00110,2024-10-08 06:00:23,87634.42,MRT008,ATM Withdrawal UBA,ATM,ATM,Lagos,Lagos,0,
TXN0003807,ACC00072,2024-07-18 09:26:50,147314.44,MRT005,Jumia Online Store,E-commerce,Mobile App,Abuja,Abuja,0,
TXN0004098,ACC00078,2024-04-18 12:51:20,973.67,MRT002,POS Terminal Lekki,POS,POS,Abuja,Abuja,0,
TXN0002961,ACC00057,2024-05-19 15:21:05,85460.11,MRT007,EKEDC Electricity,Utilities,Mobile App,Lagos,Lagos,0,
TXN0005456,ACC00105,2024-05-15 01:14:35,43416.28,MRT004,Netflix Subscription,Streaming,ATM,Kano,Kano,0,
TXN0006067,ACC00116,2024-07-14 11:55:39,33448.4,MRT002,POS Terminal Lekki,POS,Mobile App,Ibadan,Ibadan,0,
TXN0002172,ACC00040,2024-07-11 14:24:32,138033.06,MRT004,Netflix Subscription,Streaming,Web,Abuja,Abuja,0,
TXN0004054,ACC00077,2024-10-27 05:48:23,65194.86,MRT002,POS Terminal Lekki,POS,Mobile App,Ibadan,Ibadan,0,
TXN0000734,ACC00014,2024-12-22 07:03:14,3759.13,MRT002,POS Terminal Lekki,POS,Mobile App,Lagos,Lagos,0,
TXN0005058,ACC00097,2024-09-09 09:16:48,96352.42,MRT004,Netflix Subscription,Streaming,Mobile App,Kano,Kano,0,
TXN0005877,ACC00111,2024-06-25 14:55:58,46305.79,MRT005,Jumia Online Store,E-commerce,ATM,Ibadan,Ibadan,0,
TXN0003909,ACC00073,2024-02-24 08:04:08,15786.86,MRT003,MTN Airtime Top-up,Telecom,Web,Lagos,Lagos,0,
TXN0004878,ACC00093,2024-01-11 05:11:54,70356.64,MRT004,Netflix Subscription,Streaming,USSD,Ibadan,Ibadan,0,
TXN0004696,ACC00089,2024-01-24 08:34:01,110009.02,MRT010,Konga Electronics,E-commerce,Web,Ibadan,Ibadan,0,
TXN0002210,ACC00041,2024-03-31 19:05:04,96980.55,MRT005,Jumia Online Store,E-commerce,POS,Ibadan,Ibadan,0,
TXN0002501,ACC00047,2024-03-23 17:55:06,110834.85,MRT001,Shoprite Ikeja,Grocery,USSD,Abuja,Abuja,0,
TXN0003273,ACC00061,2024-10-19 01:34:08,66131.8,MRT001,Shoprite Ikeja,Grocery,USSD,Kano,Kano,0,
TXN0004756,ACC00091,2024-05-09 04:16:55,129882.26,MRT005,Jumia Online Store,E-commerce,USSD,Ibadan,Ibadan,0,
TXN0005273,ACC00101,2024-10-05 13:31:54,85349.16,MRT004,Netflix Subscription,Streaming,POS,Kano,Kano,0,
TXN0004271,ACC00081,2024-02-17 03:53:38,115016.97,MRT009,Bolt Ride Hailing,Transport,USSD,Abuja,Abuja,0,
TXN0002337,ACC00044,2024-11-11 18:53:14,94827.43,MRT006,Chicken Republic VI,Food & Dining,Mobile App,Kano,Kano,0,
TXN0004226,ACC00080,2024-04-02 22:00:33,65582.56,MRT008,ATM Withdrawal UBA,ATM,Mobile App,Abuja,Abuja,0,
TXN0002124,ACC00039,2024-08-16 10:05:28,112023.03,MRT003,MTN Airtime Top-up,Telecom,Web,Ibadan,Ibadan,0,
TXN0003399,ACC00064,2024-05-08 04:03:44,69007.18,MRT002,POS Terminal Lekki,POS,ATM,Lagos,Lagos,0,
TXN0006028,ACC00114,2024-10-22 21:40:47,62533.66,MRT009,Bolt Ride Hailing,Transport,Mobile App,Lagos,Lagos,0,
TXN0004741,ACC00091,2024-09-07 15:45:11,26744.57,MRT008,ATM Withdrawal UBA,ATM,ATM,Ibadan,Ibadan,0,
TXN0004459,ACC00085,2024-05-23 00:23:58,64917.91,MRT009,Bolt Ride Hailing,Transport,Mobile App,Lagos,Lagos,0,
TXN0005580,ACC00107,2024-12-21 13:41:46,66615.5,MRT008,ATM Withdrawal UBA,ATM,USSD,Ibadan,Ibadan,0,
TXN0002906,ACC00056,2024-11-01 11:56:32,87258.2,MRT004,Netflix Subscription,Streaming,POS,Abuja,Abuja,0,
TXN0002380,ACC00044,2024-10-03 11:46:48,130543.88,MRT003,MTN Airtime Top-up,Telecom,USSD,Kano,Kano,0,
TXN0005670,ACC00109,2024-05-18 05:08:39,3084.47,MRT004,Netflix Subscription,Streaming,POS,Port Harcourt,Port Harcourt,0,
TXN0002607,ACC00050,2024-02-28 16:22:54,64579.95,MRT003,MTN Airtime Top-up,Telecom,POS,Kano,Kano,0,
TXN0006015,ACC00114,2024-04-30 18:44:58,98648.47,MRT004,Netflix Subscription,Streaming,POS,Lagos,Lagos,0,
TXN0003291,ACC00062,2024-07-01 20:10:49,103174.57,MRT009,Bolt Ride Hailing,Transport,Web,Lagos,Lagos,0,
TXN0002266,ACC00042,2024-10-02 09:17:14,49403.0,MRT003,MTN Airtime Top-up,Telecom,ATM,Abuja,Abuja,0,
TXN0003414,ACC00065,2024-05-26 19:01:01,97432.29,MRT008,ATM Withdrawal UBA,ATM,USSD,Port Harcourt,Port Harcourt,0,
TXN0002779,ACC00054,2024-06-01 13:24:10,87755.41,MRT002,POS Terminal Lekki,POS,USSD,Ibadan,Ibadan,0,
TXN0003964,ACC00074,2024-12-05 05:48:17,125391.18,MRT010,Konga Electronics,E-commerce,ATM,Ibadan,Ibadan,0,
TXN0003008,ACC00057,2024-03-30 12:45:02,111415.34,MRT005,Jumia Online Store,E-commerce,Web,Lagos,Lagos,0,
TXN0005180,ACC00100,2024-07-30 19:54:02,52243.17,MRT006,Chicken Republic VI,Food & Dining,Web,Abuja,Abuja,0,
TXN0000468,ACC00009,2024-11-12 19:40:44,48176.1,MRT010,Konga Electronics,E-commerce,USSD,Lagos,Lagos,0,
TXN0000206,ACC00004,2024-08-23 18:21:30,62420.47,MRT008,ATM Withdrawal UBA,ATM,Web,Ibadan,Ibadan,0,
TXN0001726,ACC00033,2024-06-11 22:09:14,7782.88,MRT006,Chicken Republic VI,Food & Dining,POS,Lagos,Lagos,0,
TXN0005567,ACC00107,2024-03-20 12:31:36,33843.78,MRT002,POS Terminal Lekki,POS,USSD,Ibadan,Ibadan,0,
TXN0003724,ACC00070,2024-08-20 12:46:11,93453.68,MRT004,Netflix Subscription,Streaming,POS,Port Harcourt,Port Harcourt,0,
TXN0002598,ACC00050,2024-02-17 19:08:49,123826.27,MRT001,Shoprite Ikeja,Grocery,Mobile App,Kano,Kano,0,
TXN0001483,ACC00029,2024-10-26 13:26:28,49447.53,MRT007,EKEDC Electricity,Utilities,Mobile App,Port Harcourt,Port Harcourt,0,
TXN0000088,ACC00002,2024-09-08 13:05:30,75007.14,MRT003,MTN Airtime Top-up,Telecom,POS,Lagos,Lagos,0,
TXN0004045,ACC00077,2024-08-07 20:58:10,37436.64,MRT003,MTN Airtime Top-up,Telecom,ATM,Ibadan,Ibadan,0,
TXN0000055,ACC00002,2024-10-23 05:13:30,94014.5,MRT004,Netflix Subscription,Streaming,POS,Lagos,Lagos,0,
TXN0004343,ACC00082,2024-06-09 13:12:28,132255.34,MRT002,POS Terminal Lekki,POS,Web,Abuja,Abuja,0,
TXN0005161,ACC00100,2024-10-21 23:29:13,12301.52,MRT001,Shoprite Ikeja,Grocery,Mobile App,Abuja,Abuja,0,
TXN0003204,ACC00060,2024-04-18 17:39:15,39809.17,MRT003,MTN Airtime Top-up,Telecom,Mobile App,Port Harcourt,Port Harcourt,0,
TXN0003370,ACC00064,2024-07-25 20:48:15,114558.77,MRT006,Chicken Republic VI,Food & Dining,Web,Lagos,Lagos,0,
TXN0006002,ACC00114,2024-01-07 16:14:24,99158.76,MRT007,EKEDC Electricity,Utilities,POS,Lagos,Lagos,0,
TXN0000747,ACC00015,2024-05-13 14:37:49,75607.79,MRT010,Konga Electronics,E-commerce,ATM,Abuja,Abuja,0,
TXN0004309,ACC00082,2024-04-14 11:42:39,20965.3,MRT001,Shoprite Ikeja,Grocery,Mobile App,Abuja,Abuja,0,
TXN0002417,ACC00045,2024-12-02 06:21:27,127546.55,MRT001,Shoprite Ikeja,Grocery,POS,Lagos,Lagos,0,
TXN0003852,ACC00072,2024-05-23 20:46:57,45386.95,MRT008,ATM Withdrawal UBA,ATM,ATM,Abuja,Abuja,0,
TXN0005081,ACC00098,2024-06-25 03:14:45,85617.78,MRT002,POS Terminal Lekki,POS,ATM,Ibadan,Ibadan,0,
TXN0005291,ACC00102,2024-11-10 03:39:04,12093.47,MRT004,Netflix Subscription,Streaming,POS,Kano,Kano,0,
TXN0002381,ACC00044,2024-10-31 19:26:36,5245.99,MRT009,Bolt Ride Hailing,Transport,ATM,Kano,Kano,0,
TXN0001154,ACC00022,2024-03-01 13:59:02,18421.83,MRT002,POS Terminal Lekki,POS,Mobile App,Abuja,Abuja,0,
TXN0003259,ACC00061,2024-06-23 15:15:26,5991.3,MRT003,MTN Airtime Top-up,Telecom,USSD,Kano,Kano,0,
TXN0004769,ACC00092,2024-12-01 09:33:00,66036.31,MRT010,Konga Electronics,E-commerce,Web,Ibadan,Ibadan,0,
TXN0001502,ACC00029,2024-02-02 21:07:13,96515.31,MRT003,MTN Airtime Top-up,Telecom,ATM,Port Harcourt,Port Harcourt,0,
TXN0000072,ACC00002,2024-07-01 17:23:07,97900.67,MRT009,Bolt Ride Hailing,Transport,POS,Lagos,Lagos,0,
TXN0005156,ACC00100,2024-05-24 01:29:44,47611.49,MRT004,Netflix Subscription,Streaming,POS,Abuja,Abuja,0,
TXN0005115,ACC00098,2024-08-25 01:30:43,126654.16,MRT003,MTN Airtime Top-up,Telecom,Mobile App,Ibadan,Ibadan,0,
TXN0004609,ACC00088,2024-02-12 01:16:01,135803.9,MRT003,MTN Airtime Top-up,Telecom,ATM,Abuja,Abuja,0,
TXN0003386,ACC00064,2024-12-04 16:25:32,37107.09,MRT003,MTN Airtime Top-up,Telecom,Mobile App,Lagos,Lagos,0,
TXN0005341,ACC00103,2024-10-23 08:16:13,79598.45,MRT007,EKEDC Electricity,Utilities,Mobile App,Lagos,Lagos,0,
TXN0006245,ACC00120,2024-01-16 10:33:58,61781.45,MRT003,MTN Airtime Top-up,Telecom,Mobile App,Ibadan,Ibadan,0,
TXN0000167,ACC00003,2024-11-02 19:11:26,88533.51,MRT004,Netflix Subscription,Streaming,Mobile App,Kano,Kano,0,
TXN0006196,ACC00119,2024-10-27 22:20:55,96317.13,MRT005,Jumia Online Store,E-commerce,USSD,Kano,Kano,0,
TXN0004203,ACC00080,2024-11-05 05:04:07,22931.91,MRT001,Shoprite Ikeja,Grocery,ATM,Abuja,Abuja,0,
TXN0001865,ACC00035,2024-01-26 18:35:14,63420.14,MRT006,Chicken Republic VI,Food & Dining,USSD,Port Harcourt,Port Harcourt,0,
TXN0004677,ACC00089,2024-07-20 12:49:28,143460.72,MRT005,Jumia Online Store,E-commerce,USSD,Ibadan,Ibadan,0,
TXN0001634,ACC00032,2024-04-18 10:03:40,109637.65,MRT001,Shoprite Ikeja,Grocery,Web,Port Harcourt,Port Harcourt,0,
TXN0004143,ACC00079,2024-06-30 05:12:56,53413.36,MRT009,Bolt Ride Hailing,Transport,USSD,Kano,Kano,0,
TXN0001780,ACC00034,2024-11-18 11:04:23,74971.17,MRT002,POS Terminal Lekki,POS,Mobile App,Abuja,Abuja,0,
TXN0004738,ACC00090,2024-02-25 07:41:26,13989.99,MRT010,Konga Electronics,E-commerce,ATM,Abuja,Abuja,0,
TXN0001541,ACC00030,2024-02-07 19:30:04,95794.91,MRT009,Bolt Ride Hailing,Transport,ATM,Abuja,Abuja,0,
TXN0005103,ACC00098,2024-12-30 07:41:49,9973.71,MRT001,Shoprite Ikeja,Grocery,ATM,Ibadan,Ibadan,0,
TXN0002936,ACC00056,2024-02-24 02:24:10,132422.42,MRT008,ATM Withdrawal UBA,ATM,ATM,Abuja,Abuja,0,
TXN0002835,ACC00055,2024-09-08 19:22:02,22519.82,MRT002,POS Terminal Lekki,POS,Mobile App,Lagos,Lagos,0,
TXN0001750,ACC00033,2024-09-17 10:27:03,4874.24,MRT006,Chicken Republic VI,Food & Dining,Web,Lagos,Lagos,0,
TXN0005355,ACC00103,2024-01-14 11:58:19,59865.85,MRT008,ATM Withdrawal UBA,ATM,Mobile App,Lagos,Lagos,0,
TXN0003124,ACC00059,2024-09-16 09:59:08,73788.19,MRT008,ATM Withdrawal UBA,ATM,ATM,Lagos,Lagos,0,
TXN0001832,ACC00035,2024-02-14 02:26:33,29191.44,MRT003,MTN Airtime Top-up,Telecom,Web,Port Harcourt,Port Harcourt,0,
TXN0001981,ACC00037,2024-12-23 23:11:54,128091.34,MRT010,Konga Electronics,E-commerce,ATM,Port Harcourt,Port Harcourt,0,
TXN0006178,ACC00119,2024-05-13 14:48:04,17471.55,MRT001,Shoprite Ikeja,Grocery,Web,Kano,Kano,0,
TXN0004505,ACC00086,2024-01-29 13:05:02,67968.14,MRT004,Netflix Subscription,Streaming,POS,Port Harcourt,Port Harcourt,0,
TXN0003293,ACC00062,2024-10-01 06:29:08,114576.9,MRT004,Netflix Subscription,Streaming,Mobile App,Lagos,Lagos,0,
TXN0005697,ACC00109,2024-01-22 21:16:53,111282.84,MRT001,Shoprite Ikeja,Grocery,ATM,Port Harcourt,Port Harcourt,0,
TXN0001189,ACC00024,2024-09-07 08:31:13,41051.59,MRT007,EKEDC Electricity,Utilities,ATM,Lagos,Lagos,0,
TXN0001210,ACC00024,2024-09-24 02:28:50,142070.15,MRT008,ATM Withdrawal UBA,ATM,ATM,Lagos,Lagos,0,
TXN0000793,ACC00016,2024-01-20 06:38:09,85979.59,MRT007,EKEDC Electricity,Utilities,ATM,Ibadan,Ibadan,0,
TXN0003693,ACC00069,2024-12-29 03:08:04,16612.35,MRT005,Jumia Online Store,E-commerce,Web,Abuja,Abuja,0,
TXN0005074,ACC00097,2024-08-26 21:51:05,55409.0,MRT001,Shoprite Ikeja,Grocery,USSD,Kano,Kano,0,
TXN0005561,ACC00107,2024-04-04 21:38:06,100422.07,MRT008,ATM Withdrawal UBA,ATM,Web,Ibadan,Ibadan,0,
TXN0003561,ACC00067,2024-04-09 03:25:23,121144.78,MRT006,Chicken Republic VI,Food & Dining,ATM,Lagos,Lagos,0,
TXN0002553,ACC00048,2024-10-03 08:37:18,133792.2,MRT005,Jumia Online Store,E-commerce,USSD,Kano,Kano,0,
TXN0004739,ACC00090,2024-05-28 12:20:43,36542.8,MRT009,Bolt Ride Hailing,Transport,Mobile App,Abuja,Abuja,0,
TXN0002660,ACC00051,2024-07-13 06:21:06,47513.63,MRT004,Netflix Subscription,Streaming,ATM,Abuja,Abuja,0,
TXN0002942,ACC00056,2024-12-21 19:13:49,56790.15,MRT008,ATM Withdrawal UBA,ATM,ATM,Abuja,Abuja,0,
TXN0002353,ACC00044,2024-03-13 09:22:27,30104.07,MRT003,MTN Airtime Top-up,Telecom,Web,Kano,Kano,0,
TXN0003366,ACC00064,2024-09-14 23:06:53,75594.55,MRT006,Chicken Republic VI,Food & Dining,USSD,Lagos,Lagos,0,
TXN0000005,ACC00001,2024-01-21 05:28:22,34021.21,MRT006,Chicken Republic VI,Food & Dining,Mobile App,Lagos,Lagos,0,
TXN0004029,ACC00077,2024-06-04 20:38:18,137931.53,MRT009,Bolt Ride Hailing,Transport,Web,Ibadan,Ibadan,0,
TXN0003660,ACC00069,2024-01-25 18:26:35,10279.21,MRT006,Chicken Republic VI,Food & Dining,POS,Abuja,Abuja,0,
TXN0002065,ACC00038,2024-09-17 08:59:22,110518.96,MRT008,ATM Withdrawal UBA,ATM,Mobile App,Abuja,Abuja,0,
TXN0001970,ACC00036,2024-06-10 10:28:24,110693.21,MRT008,ATM Withdrawal UBA,ATM,USSD,Ibadan,Ibadan,0,
TXN0004069,ACC00077,2024-06-13 14:33:02,115362.95,MRT004,Netflix Subscription,Streaming,Web,Ibadan,Ibadan,0,
TXN0004606,ACC00088,2024-06-16 10:42:00,43071.71,MRT005,Jumia Online Store,E-commerce,Mobile App,Abuja,Abuja,0,
TXN0000575,ACC00011,2024-10-19 07:30:43,144874.66,MRT006,Chicken Republic VI,Food & Dining,ATM,Abuja,Abuja,0,
TXN0004493,ACC00086,2024-05-09 15:43:32,95706.6,MRT008,ATM Withdrawal UBA,ATM,ATM,Port Harcourt,Port Harcourt,0,
TXN0002054,ACC00038,2024-02-25 04:50:20,63552.67,MRT010,Konga Electronics,E-commerce,POS,Abuja,Abuja,0,
TXN0000496,ACC00009,2024-10-14 20:58:22,2924.88,MRT003,MTN Airtime Top-up,Telecom,USSD,Lagos,Lagos,0,
TXN0003810,ACC00072,2024-06-23 08:20:26,50958.92,MRT007,EKEDC Electricity,Utilities,POS,Abuja,Abuja,0,
TXN0005976,ACC00113,2024-06-11 17:00:29,127893.47,MRT004,Netflix Subscription,Streaming,POS,Kano,Kano,0,
TXN0001922,ACC00036,2024-06-27 17:41:02,68381.3,MRT008,ATM Withdrawal UBA,ATM,POS,Ibadan,Ibadan,0,
TXN0002323,ACC00043,2024-10-21 17:04:19,89479.91,MRT005,Jumia Online Store,E-commerce,Web,Abuja,Abuja,0,
TXN0003611,ACC00068,2024-05-20 01:58:31,101055.1,MRT010,Konga Electronics,E-commerce,USSD,Abuja,Abuja,0,
TXN0000684,ACC00013,2024-04-30 02:47:32,18356.73,MRT003,MTN Airtime Top-up,Telecom,Web,Port Harcourt,Port Harcourt,0,
TXN0000917,ACC00018,2024-05-19 21:26:38,64186.28,MRT006,Chicken Republic VI,Food & Dining,Mobile App,Abuja,Abuja,0,
TXN0001871,ACC00035,2024-04-06 22:28:25,107177.81,MRT009,Bolt Ride Hailing,Transport,Web,Port Harcourt,Port Harcourt,0,
TXN0005842,ACC00111,2024-09-24 18:17:55,125910.42,MRT010,Konga Electronics,E-commerce,POS,Ibadan,Ibadan,0,
TXN0002624,ACC00050,2024-09-30 01:18:16,35661.36,MRT002,POS Terminal Lekki,POS,Mobile App,Kano,Kano,0,
TXN0003070,ACC00058,2024-08-23 04:05:40,119480.46,MRT005,Jumia Online Store,E-commerce,POS,Lagos,Lagos,0,
TXN0003764,ACC00070,2024-02-26 01:58:28,95745.44,MRT005,Jumia Online Store,E-commerce,Web,Port Harcourt,Port Harcourt,0,
TXN0000781,ACC00016,2024-05-16 09:42:42,56614.46,MRT009,Bolt Ride Hailing,Transport,ATM,Ibadan,Ibadan,0,
TXN0004227,ACC00080,2024-12-27 03:02:49,109542.38,MRT009,Bolt Ride Hailing,Transport,POS,Abuja,Abuja,0,
TXN0000019,ACC00001,2024-01-05 21:55:35,123438.47,MRT007,EKEDC Electricity,Utilities,Mobile App,Lagos,Lagos,0,
TXN0004675,ACC00089,2024-03-27 19:40:15,16378.49,MRT009,Bolt Ride Hailing,Transport,ATM,Ibadan,Ibadan,0,
TXN0000437,ACC00009,2024-10-17 09:23:37,56356.91,MRT010,Konga Electronics,E-commerce,USSD,Lagos,Lagos,0,
TXN0003915,ACC00073,2024-11-12 06:25:26,67550.47,MRT004,Netflix Subscription,Streaming,Mobile App,Lagos,Lagos,0,
TXN0001229,ACC00024,2024-07-29 22:54:57,27649.76,MRT008,ATM Withdrawal UBA,ATM,POS,Lagos,Lagos,0,
TXN0001519,ACC00029,2024-06-12 12:09:16,144106.9,MRT006,Chicken Republic VI,Food & Dining,POS,Port Harcourt,Port Harcourt,0,
TXN0005657,ACC00108,2024-01-16 04:17:38,60332.11,MRT007,EKEDC Electricity,Utilities,USSD,Kano,Kano,0,
TXN0006247,ACC00120,2024-08-13 12:37:56,64831.13,MRT006,Chicken Republic VI,Food & Dining,Web,Ibadan,Ibadan,0,
TXN0001311,ACC00026,2024-07-08 11:11:42,98011.14,MRT007,EKEDC Electricity,Utilities,Web,Ibadan,Ibadan,0,
TXN0004131,ACC00079,2024-07-26 06:02:48,37224.16,MRT003,MTN Airtime Top-up,Telecom,Mobile App,Kano,Kano,0,
TXN0004513,ACC00087,2024-03-15 22:19:04,78278.36,MRT001,Shoprite Ikeja,Grocery,Web,Kano,Kano,0,
TXN0005544,ACC00107,2024-01-05 13:27:28,69961.43,MRT005,Jumia Online Store,E-commerce,Web,Ibadan,Ibadan,0,
TXN0000286,ACC00006,2024-08-19 18:00:39,2957.09,MRT009,Bolt Ride Hailing,Transport,USSD,Abuja,Abuja,0,
TXN0002399,ACC00044,2024-07-27 00:10:55,127144.23,MRT004,Netflix Subscription,Streaming,ATM,Kano,Kano,0,
TXN0004760,ACC00091,2024-06-19 22:25:04,24732.39,MRT002,POS Terminal Lekki,POS,POS,Ibadan,Ibadan,0,
TXN0004948,ACC00095,2024-06-02 17:22:49,82658.04,MRT010,Konga Electronics,E-commerce,POS,Port Harcourt,Port Harcourt,0,
TXN0003713,ACC00070,2024-04-27 15:39:38,28641.73,MRT007,EKEDC Electricity,Utilities,USSD,Port Harcourt,Port Harcourt,0,
TXN0002804,ACC00054,2024-05-11 00:42:05,10883.39,MRT001,Shoprite Ikeja,Grocery,Mobile App,Ibadan,Ibadan,0,
TXN0002853,ACC00055,2024-10-12 00:16:42,14589.26,MRT001,Shoprite Ikeja,Grocery,USSD,Lagos,Lagos,0,
TXN0004022,ACC00076,2024-11-24 08:59:21,34695.51,MRT008,ATM Withdrawal UBA,ATM,ATM,Port Harcourt,Port Harcourt,0,
TXN0004452,ACC00085,2024-07-31 14:51:42,75017.86,MRT008,ATM Withdrawal UBA,ATM,Web,Lagos,Lagos,0,
TXN0005913,ACC00112,2024-03-13 19:32:56,107305.18,MRT003,MTN Airtime Top-up,Telecom,Mobile App,Abuja,Abuja,0,
TXN0002594,ACC00050,2024-11-27 03:55:42,30747.09,MRT002,POS Terminal Lekki,POS,ATM,Kano,Kano,0,
TXN0004653,ACC00088,2024-11-21 01:49:29,48357.38,MRT003,MTN Airtime Top-up,Telecom,USSD,Abuja,Abuja,0,
TXN0005109,ACC00098,2024-09-10 04:36:40,27823.85,MRT009,Bolt Ride Hailing,Transport,POS,Ibadan,Ibadan,0,
TXN0003209,ACC00060,2024-10-31 05:29:24,148368.54,MRT004,Netflix Subscription,Streaming,Mobile App,Port Harcourt,Port Harcourt,0,
TXN0006189,ACC00119,2024-01-23 08:14:20,117121.32,MRT008,ATM Withdrawal UBA,ATM,USSD,Kano,Kano,0,
TXN0006107,ACC00117,2024-05-11 08:47:11,109131.06,MRT004,Netflix Subscription,Streaming,ATM,Kano,Kano,0,
TXN0002384,ACC00044,2024-02-14 22:12:11,99565.0,MRT008,ATM Withdrawal UBA,ATM,Web,Kano,Kano,0,
TXN0005011,ACC00097,2024-10-23 18:27:43,36812.98,MRT004,Netflix Subscription,Streaming,POS,Kano,Kano,0,
TXN0001987,ACC00037,2024-07-10 17:51:04,35590.48,MRT005,Jumia Online Store,E-commerce,USSD,Port Harcourt,Port Harcourt,0,
TXN0002516,ACC00048,2024-03-03 06:13:14,142282.19,MRT004,Netflix Subscription,Streaming,POS,Kano,Kano,0,
TXN0005583,ACC00107,2024-12-03 23:00:13,112465.68,MRT007,EKEDC Electricity,Utilities,Mobile App,Ibadan,Ibadan,0,
TXN0006109,ACC00117,2024-08-22 11:17:01,33074.27,MRT003,MTN Airtime Top-up,Telecom,USSD,Kano,Kano,0,
TXN0005729,ACC00109,2024-12-25 20:22:18,109476.31,MRT006,Chicken Republic VI,Food & Dining,ATM,Port Harcourt,Port Harcourt,0,
TXN0005614,ACC00108,2024-02-10 16:23:09,65390.99,MRT004,Netflix Subscription,Streaming,POS,Kano,Kano,0,
TXN0003431,ACC00065,2024-06-29 07:19:19,80771.58,MRT002,POS Terminal Lekki,POS,Mobile App,Port Harcourt,Port Harcourt,0,
TXN0003837,ACC00072,2024-01-03 10:50:42,26789.71,MRT002,POS Terminal Lekki,POS,Web,Abuja,Abuja,0,
TXN0003377,ACC00064,2024-01-09 19:45:40,132585.12,MRT010,Konga Electronics,E-commerce,ATM,Lagos,Lagos,0,
TXN0001918,ACC00036,2024-04-05 14:21:12,101697.82,MRT008,ATM Withdrawal UBA,ATM,POS,Ibadan,Ibadan,0,
TXN0002851,ACC00055,2024-07-11 07:20:03,26068.85,MRT004,Netflix Subscription,Streaming,Web,Lagos,Lagos,0,
TXN0004791,ACC00092,2024-10-07 06:27:30,67250.41,MRT001,Shoprite Ikeja,Grocery,POS,Ibadan,Ibadan,0,
TXN0004818,ACC00092,2024-06-16 11:16:45,129363.66,MRT007,EKEDC Electricity,Utilities,Mobile App,Ibadan,Ibadan,0,
TXN0002372,ACC00044,2024-04-18 12:49:34,55580.27,MRT004,Netflix Subscription,Streaming,USSD,Kano,Kano,0,
TXN0003635,ACC00068,2024-10-03 09:12:13,137247.25,MRT010,Konga Electronics,E-commerce,ATM,Abuja,Abuja,0,
TXN0003152,ACC00059,2024-11-11 17:40:13,98463.76,MRT007,EKEDC Electricity,Utilities,Web,Lagos,Lagos,0,
TXN0000669,ACC00013,2024-07-24 03:59:13,148038.94,MRT001,Shoprite Ikeja,Grocery,POS,Port Harcourt,Port Harcourt,0,
TXN0003096,ACC00059,2024-02-16 00:58:34,41440.35,MRT005,Jumia Online Store,E-commerce,ATM,Lagos,Lagos,0,
TXN0005365,ACC00103,2024-07-26 10:28:28,117012.93,MRT005,Jumia Online Store,E-commerce,ATM,Lagos,Lagos,0,
TXN0004655,ACC00088,2024-11-03 00:15:18,48078.95,MRT009,Bolt Ride Hailing,Transport,USSD,Abuja,Abuja,0,
TXN0005852,ACC00111,2024-11-22 23:50:24,119120.91,MRT005,Jumia Online Store,E-commerce,Web,Ibadan,Ibadan,0,
TXN0003396,ACC00064,2024-10-19 15:51:16,108438.14,MRT002,POS Terminal Lekki,POS,POS,Lagos,Lagos,0,
TXN0004498,ACC00086,2024-01-30 14:43:10,90751.87,MRT005,Jumia Online Store,E-commerce,Mobile App,Port Harcourt,Port Harcourt,0,
TXN0005014,ACC00097,2024-11-14 07:40:14,134712.02,MRT002,POS Terminal Lekki,POS,POS,Kano,Kano,0,
TXN0001802,ACC00034,2024-04-06 03:55:44,97388.38,MRT004,Netflix Subscription,Streaming,USSD,Abuja,Abuja,0,
TXN0004216,ACC00080,2024-02-07 07:54:18,91169.3,MRT008,ATM Withdrawal UBA,ATM,POS,Abuja,Abuja,0,
TXN0006068,ACC00116,2024-04-27 01:30:37,110919.24,MRT002,POS Terminal Lekki,POS,USSD,Ibadan,Ibadan,0,
TXN0003136,ACC00059,2024-04-14 04:53:52,109363.93,MRT008,ATM Withdrawal UBA,ATM,POS,Lagos,Lagos,0,
TXN0004393,ACC00083,2024-07-02 23:29:02,1639.61,MRT007,EKEDC Electricity,Utilities,POS,Port Harcourt,Port Harcourt,0,
TXN0003902,ACC00073,2024-05-05 08:44:55,19025.28,MRT001,Shoprite Ikeja,Grocery,POS,Lagos,Lagos,0,
TXN0003703,ACC00069,2024-12-20 03:13:00,84668.01,MRT009,Bolt Ride Hailing,Transport,USSD,Abuja,Abuja,0,
TXN0001047,ACC00020,2024-04-17 10:50:34,20578.72,MRT006,Chicken Republic VI,Food & Dining,POS,Port Harcourt,Port Harcourt,0,
TXN0000777,ACC00016,2024-03-22 10:23:57,104129.82,MRT004,Netflix Subscription,Streaming,POS,Ibadan,Ibadan,0,
TXN0001536,ACC00029,2024-01-22 02:21:10,113444.85,MRT005,Jumia Online Store,E-commerce,Mobile App,Port Harcourt,Port Harcourt,0,
TXN0000850,ACC00017,2024-04-14 12:02:26,77235.54,MRT007,EKEDC Electricity,Utilities,Mobile App,Abuja,Abuja,0,
TXN0003073,ACC00058,2024-12-15 11:25:09,131522.65,MRT003,MTN Airtime Top-up,Telecom,Mobile App,Lagos,Lagos,0,
TXN0003031,ACC00058,2024-11-20 16:04:58,127215.1,MRT005,Jumia Online Store,E-commerce,ATM,Lagos,Lagos,0,
TXN0000116,ACC00003,2024-07-25 06:49:44,85106.25,MRT007,EKEDC Electricity,Utilities,Web,Kano,Kano,0,
TXN0001315,ACC00026,2024-06-13 11:41:04,52572.02,MRT006,Chicken Republic VI,Food & Dining,POS,Ibadan,Ibadan,0,
TXN0000171,ACC00003,2024-06-24 12:59:45,33621.69,MRT009,Bolt Ride Hailing,Transport,USSD,Kano,Kano,0,
TXN0003108,ACC00059,2024-05-17 08:55:12,111769.49,MRT002,POS Terminal Lekki,POS,Web,Lagos,Lagos,0,
TXN0004377,ACC00083,2024-11-03 05:34:55,80765.22,MRT010,Konga Electronics,E-commerce,Web,Port Harcourt,Port Harcourt,0,
TXN0001696,ACC00032,2024-09-06 01:28:01,87723.0,MRT004,Netflix Subscription,Streaming,Web,Port Harcourt,Port Harcourt,0,
TXN0002485,ACC00046,2024-06-06 20:59:32,100000,MRT015,Sports Betting GG,Gambling,Web,Abuja,Abuja,1,Suspicious round amount: possible structuring
TXN0000816,ACC00016,2024-06-03 07:37:01,49255.96,MRT009,Bolt Ride Hailing,Transport,POS,Ibadan,Ibadan,0,
TXN0000828,ACC00017,2024-12-23 14:48:14,134606.19,MRT005,Jumia Online Store,E-commerce,Mobile App,Abuja,Abuja,0,
TXN0002136,ACC00039,2024-09-24 19:03:43,143687.46,MRT007,EKEDC Electricity,Utilities,Web,Ibadan,Ibadan,0,
TXN0003679,ACC00069,2024-03-29 00:26:23,147852.59,MRT006,Chicken Republic VI,Food & Dining,Mobile App,Abuja,Abuja,0,
TXN0005485,ACC00106,2024-04-27 07:45:29,126300.12,MRT004,Netflix Subscription,Streaming,Mobile App,Ibadan,Ibadan,0,
TXN0001579,ACC00031,2024-10-12 13:43:05,21421.47,MRT004,Netflix Subscription,Streaming,Web,Ibadan,Ibadan,0,
TXN0004976,ACC00096,2024-10-26 04:52:43,50807.85,MRT007,EKEDC Electricity,Utilities,POS,Port Harcourt,Port Harcourt,0,
TXN0004015,ACC00076,2024-07-09 17:22:28,135388.13,MRT003,MTN Airtime Top-up,Telecom,POS,Port Harcourt,Port Harcourt,0,
TXN0003864,ACC00073,2024-04-17 20:04:05,28896.94,MRT004,Netflix Subscription,Streaming,USSD,Lagos,Lagos,0,
TXN0004096,ACC00078,2024-11-24 07:32:01,33535.54,MRT007,EKEDC Electricity,Utilities,ATM,Abuja,Abuja,0,
TXN0002120,ACC00039,2024-03-22 04:49:32,29814.98,MRT001,Shoprite Ikeja,Grocery,ATM,Ibadan,Ibadan,0,
TXN0001738,ACC00033,2024-05-15 05:33:05,103812.08,MRT005,Jumia Online Store,E-commerce,Web,Lagos,Lagos,0,
TXN0005772,ACC00110,2024-02-04 17:33:01,111804.77,MRT006,Chicken Republic VI,Food & Dining,USSD,Lagos,Lagos,0,
TXN0002114,ACC00039,2024-11-21 21:24:20,19152.2,MRT001,Shoprite Ikeja,Grocery,POS,Ibadan,Ibadan,0,
TXN0001499,ACC00029,2024-11-22 05:01:10,23562.96,MRT007,EKEDC Electricity,Utilities,Web,Port Harcourt,Port Harcourt,0,
TXN0004264,ACC00081,2024-03-06 15:24:18,100935.72,MRT005,Jumia Online Store,E-commerce,ATM,Abuja,Abuja,0,
TXN0005270,ACC00101,2024-04-21 10:28:19,45425.21,MRT005,Jumia Online Store,E-commerce,Mobile App,Kano,Kano,0,
TXN0004243,ACC00081,2024-04-16 04:42:06,58908.18,MRT009,Bolt Ride Hailing,Transport,USSD,Abuja,Abuja,0,
TXN0006147,ACC00118,2024-05-26 07:25:32,33969.58,MRT010,Konga Electronics,E-commerce,Mobile App,Port Harcourt,Port Harcourt,0,
TXN0004945,ACC00095,2024-03-12 17:36:10,94175.22,MRT007,EKEDC Electricity,Utilities,POS,Port Harcourt,Port Harcourt,0,
TXN0000837,ACC00017,2024-06-05 15:49:19,117187.21,MRT003,MTN Airtime Top-up,Telecom,USSD,Abuja,Abuja,0,
TXN0004382,ACC00083,2024-12-25 03:51:49,42011.66,MRT010,Konga Electronics,E-commerce,ATM,Port Harcourt,Port Harcourt,0,
TXN0001659,ACC00032,2024-10-19 12:05:08,48409.34,MRT004,Netflix Subscription,Streaming,POS,Port Harcourt,Port Harcourt,0,
TXN0004472,ACC00086,2024-06-29 20:28:38,124847.13,MRT010,Konga Electronics,E-commerce,Mobile App,Port Harcourt,Port Harcourt,0,
TXN0005126,ACC00099,2024-05-13 20:01:59,89479.1,MRT003,MTN Airtime Top-up,Telecom,POS,Port Harcourt,Port Harcourt,0,
TXN0004775,ACC00092,2024-11-28 02:54:27,48449.75,MRT010,Konga Electronics,E-commerce,ATM,Ibadan,Ibadan,0,
TXN0005739,ACC00109,2024-09-24 18:32:50,289.62,MRT009,Bolt Ride Hailing,Transport,Mobile App,Port Harcourt,Port Harcourt,1,Velocity spike: multiple transactions in short window
TXN0003349,ACC00063,2024-07-03 16:56:24,2378.8,MRT009,Bolt Ride Hailing,Transport,POS,Lagos,Lagos,0,
TXN0000148,ACC00003,2024-12-19 04:06:25,97561.3,MRT005,Jumia Online Store,E-commerce,Mobile App,Kano,Kano,0,
TXN0003440,ACC00066,2024-07-16 00:18:47,77372.94,MRT008,ATM Withdrawal UBA,ATM,POS,Lagos,Lagos,0,
TXN0002249,ACC00042,2024-06-22 02:31:10,123775.1,MRT002,POS Terminal Lekki,POS,USSD,Abuja,Abuja,0,
TXN0006209,ACC00119,2024-03-05 13:14:21,9887.79,MRT002,POS Terminal Lekki,POS,Web,Kano,Kano,0,
TXN0001995,ACC00037,2024-08-22 16:23:10,106107.54,MRT002,POS Terminal Lekki,POS,ATM,Port Harcourt,Port Harcourt,0,
TXN0004075,ACC00077,2024-05-25 15:14:25,59048.72,MRT004,Netflix Subscription,Streaming,POS,Ibadan,Ibadan,0,
TXN0002955,ACC00057,2024-05-26 15:45:24,148336.19,MRT003,MTN Airtime Top-up,Telecom,USSD,Lagos,Lagos,0,
TXN0002309,ACC00043,2024-11-07 06:04:20,91405.45,MRT004,Netflix Subscription,Streaming,ATM,Abuja,Abuja,0,
TXN0004057,ACC00077,2024-04-19 01:33:27,97699.95,MRT008,ATM Withdrawal UBA,ATM,POS,Ibadan,Ibadan,0,
TXN0003625,ACC00068,2024-05-09 14:53:56,92652.21,MRT006,Chicken Republic VI,Food & Dining,Web,Abuja,Abuja,0,
TXN0002115,ACC00039,2024-12-29 14:27:44,66964.36,MRT004,Netflix Subscription,Streaming,Web,Ibadan,Ibadan,0,
TXN0004607,ACC00088,2024-04-01 20:24:35,31131.1,MRT008,ATM Withdrawal UBA,ATM,POS,Abuja,Abuja,0,
TXN0004471,ACC00086,2024-03-10 07:19:03,50066.91,MRT005,Jumia Online Store,E-commerce,Web,Port Harcourt,Port Harcourt,0,
TXN0005957,ACC00112,2024-09-04 10:53:14,62032.08,MRT004,Netflix Subscription,Streaming,Web,Abuja,Abuja,0,
TXN0005315,ACC00102,2024-04-26 21:29:57,132976.57,MRT006,Chicken Republic VI,Food & Dining,Web,Kano,Kano,0,
TXN0004809,ACC00092,2024-02-16 01:54:04,41681.56,MRT003,MTN Airtime Top-up,Telecom,ATM,Ibadan,Ibadan,0,
TXN0002331,ACC00043,2024-09-05 23:00:25,11149.54,MRT010,Konga Electronics,E-commerce,Mobile App,Abuja,Abuja,0,
TXN0003439,ACC00066,2024-04-15 03:30:34,94853.66,MRT008,ATM Withdrawal UBA,ATM,POS,Lagos,Lagos,0,
TXN0001443,ACC00028,2024-04-30 12:45:10,21922.61,MRT006,Chicken Republic VI,Food & Dining,Mobile App,Ibadan,Ibadan,0,
TXN0003811,ACC00072,2024-10-18 06:29:04,99081.87,MRT008,ATM Withdrawal UBA,ATM,POS,Abuja,Abuja,0,
TXN0001877,ACC00035,2024-11-20 03:46:21,34060.83,MRT010,Konga Electronics,E-commerce,Mobile App,Port Harcourt,Port Harcourt,0,
TXN0001271,ACC00025,2024-11-15 20:54:31,40239.44,MRT010,Konga Electronics,E-commerce,Mobile App,Port Harcourt,Port Harcourt,0,
TXN0005166,ACC00100,2024-11-20 04:28:00,15434.01,MRT008,ATM Withdrawal UBA,ATM,ATM,Abuja,Abuja,0,
TXN0002663,ACC00051,2024-02-09 05:24:54,121220.4,MRT009,Bolt Ride Hailing,Transport,Web,Abuja,Abuja,0,
TXN0002110,ACC00039,2024-08-03 20:20:39,114488.55,MRT008,ATM Withdrawal UBA,ATM,USSD,Ibadan,Ibadan,0,
TXN0004833,ACC00092,2024-08-03 02:11:39,15506.39,MRT004,Netflix Subscription,Streaming,ATM,Ibadan,Ibadan,0,
TXN0003593,ACC00068,2024-04-26 01:13:29,81418.29,MRT002,POS Terminal Lekki,POS,USSD,Abuja,Abuja,0,
TXN0002140,ACC00040,2024-02-11 21:08:51,36134.7,MRT008,ATM Withdrawal UBA,ATM,POS,Abuja,Abuja,0,
TXN0000783,ACC00016,2024-03-04 04:04:06,11519.55,MRT008,ATM Withdrawal UBA,ATM,Mobile App,Ibadan,Ibadan,0,
TXN0001353,ACC00026,2024-10-09 08:52:20,114932.53,MRT001,Shoprite Ikeja,Grocery,ATM,Ibadan,Ibadan,0,
TXN0000875,ACC00017,2024-11-26 13:53:18,70845.22,MRT002,POS Terminal Lekki,POS,USSD,Abuja,Abuja,0,
TXN0000311,ACC00006,2024-02-09 20:16:54,49524.03,MRT002,POS Terminal Lekki,POS,POS,Abuja,Abuja,0,
TXN0005352,ACC00103,2024-05-21 04:54:35,103832.89,MRT008,ATM Withdrawal UBA,ATM,Web,Lagos,Lagos,0,
TXN0002085,ACC00038,2024-08-15 14:11:12,74200.43,MRT004,Netflix Subscription,Streaming,USSD,Abuja,Abuja,0,
TXN0004461,ACC00085,2024-11-15 05:56:21,44097.99,MRT007,EKEDC Electricity,Utilities,ATM,Lagos,Lagos,0,
TXN0001662,ACC00032,2024-07-23 13:02:15,70789.5,MRT002,POS Terminal Lekki,POS,USSD,Port Harcourt,Port Harcourt,0,
TXN0001428,ACC00028,2024-12-13 22:39:35,69639.28,MRT006,Chicken Republic VI,Food & Dining,ATM,Ibadan,Ibadan,0,
TXN0000262,ACC00005,2024-09-19 16:09:33,145453.5,MRT004,Netflix Subscription,Streaming,USSD,Kano,Kano,0,
TXN0000992,ACC00019,2024-10-12 11:26:14,18343.39,MRT009,Bolt Ride Hailing,Transport,Mobile App,Kano,Kano,0,
TXN0003077,ACC00058,2024-09-24 23:42:00,148495.06,MRT003,MTN Airtime Top-up,Telecom,Web,Lagos,Lagos,0,
TXN0003267,ACC00061,2024-05-24 13:55:36,56997.57,MRT010,Konga Electronics,E-commerce,USSD,Kano,Kano,0,
TXN0005296,ACC00102,2024-06-04 21:06:04,106959.9,MRT010,Konga Electronics,E-commerce,POS,Kano,Kano,0,
TXN0000251,ACC00005,2024-04-30 05:30:44,56813.56,MRT009,Bolt Ride Hailing,Transport,POS,Kano,Kano,0,
TXN0005395,ACC00104,2024-01-08 01:15:53,25724.73,MRT005,Jumia Online Store,E-commerce,Web,Kano,Kano,0,
TXN0001046,ACC00020,2024-11-01 02:52:58,106973.77,MRT004,Netflix Subscription,Streaming,ATM,Port Harcourt,Port Harcourt,0,
TXN0003938,ACC00074,2024-04-30 08:29:31,32855.32,MRT001,Shoprite Ikeja,Grocery,Web,Ibadan,Ibadan,0,
TXN0000147,ACC00003,2024-03-26 23:17:30,95492.89,MRT002,POS Terminal Lekki,POS,ATM,Kano,Kano,0,
TXN0004644,ACC00088,2024-07-16 02:34:05,144383.28,MRT008,ATM Withdrawal UBA,ATM,Mobile App,Abuja,Abuja,0,
TXN0005710,ACC00109,2024-02-06 00:27:24,67511.41,MRT005,Jumia Online Store,E-commerce,POS,Port Harcourt,Port Harcourt,0,
TXN0006006,ACC00114,2024-07-25 07:06:34,69808.1,MRT003,MTN Airtime Top-up,Telecom,Mobile App,Lagos,Lagos,0,
TXN0002711,ACC00052,2024-03-18 02:42:47,108547.19,MRT002,POS Terminal Lekki,POS,USSD,Port Harcourt,Port Harcourt,0,
TXN0002216,ACC00041,2024-03-15 00:54:58,149700.36,MRT010,Konga Electronics,E-commerce,USSD,Ibadan,Ibadan,0,
TXN0004660,ACC00088,2024-08-09 01:16:04,5079.8,MRT001,Shoprite Ikeja,Grocery,Mobile App,Abuja,Abuja,0,
TXN0005699,ACC00109,2024-12-26 21:39:49,35905.87,MRT008,ATM Withdrawal UBA,ATM,Web,Port Harcourt,Port Harcourt,0,
TXN0001414,ACC00028,2024-07-20 20:00:32,74129.42,MRT008,ATM Withdrawal UBA,ATM,Web,Ibadan,Ibadan,0,
TXN0001947,ACC00036,2024-11-11 16:04:33,53640.92,MRT005,Jumia Online Store,E-commerce,USSD,Ibadan,Ibadan,0,
TXN0002463,ACC00046,2024-11-15 01:34:01,47795.87,MRT003,MTN Airtime Top-up,Telecom,ATM,Abuja,Abuja,0,
TXN0001604,ACC00031,2024-09-25 21:14:50,31320.95,MRT003,MTN Airtime Top-up,Telecom,POS,Ibadan,Ibadan,0,
TXN0005137,ACC00099,2024-07-30 22:00:47,6318.21,MRT007,EKEDC Electricity,Utilities,ATM,Port Harcourt,Port Harcourt,0,
TXN0002922,ACC00056,2024-06-21 08:39:49,8820.15,MRT007,EKEDC Electricity,Utilities,Mobile App,Abuja,Abuja,0,
TXN0000444,ACC00009,2024-05-07 10:16:40,66555.16,MRT009,Bolt Ride Hailing,Transport,Web,Lagos,Lagos,0,
TXN0003894,ACC00073,2024-07-22 07:23:38,42727.21,MRT009,Bolt Ride Hailing,Transport,ATM,Lagos,Lagos,0,
TXN0003991,ACC00076,2024-07-29 11:29:50,142756.81,MRT002,POS Terminal Lekki,POS,Web,Port Harcourt,Port Harcourt,0,
TXN0000205,ACC00004,2024-04-15 16:10:56,99459.83,MRT008,ATM Withdrawal UBA,ATM,ATM,Ibadan,Ibadan,0,
TXN0001533,ACC00029,2024-11-21 07:07:49,113037.81,MRT008,ATM Withdrawal UBA,ATM,ATM,Port Harcourt,Port Harcourt,0,
TXN0004777,ACC00092,2024-03-22 13:49:15,134831.69,MRT010,Konga Electronics,E-commerce,Mobile App,Ibadan,Ibadan,0,
TXN0002310,ACC00043,2024-07-21 12:28:14,27940.05,MRT006,Chicken Republic VI,Food & Dining,Mobile App,Abuja,Abuja,0,
TXN0002411,ACC00044,2024-12-24 12:27:17,128588.43,MRT003,MTN Airtime Top-up,Telecom,ATM,Kano,Kano,0,
TXN0003643,ACC00068,2024-02-26 11:00:32,44870.57,MRT001,Shoprite Ikeja,Grocery,Mobile App,Abuja,Abuja,0,
TXN0005979,ACC00113,2024-10-06 07:13:45,144623.81,MRT004,Netflix Subscription,Streaming,POS,Kano,Kano,0,
TXN0004290,ACC00081,2024-08-18 06:05:36,71277.76,MRT003,MTN Airtime Top-up,Telecom,USSD,Abuja,Abuja,0,
TXN0004905,ACC00094,2024-06-14 21:19:24,74406.14,MRT001,Shoprite Ikeja,Grocery,USSD,Abuja,Abuja,0,
TXN0004632,ACC00088,2024-02-23 21:11:19,85396.12,MRT006,Chicken Republic VI,Food & Dining,ATM,Abuja,Abuja,0,
TXN0005666,ACC00109,2024-11-02 03:30:52,137322.19,MRT006,Chicken Republic VI,Food & Dining,Mobile App,Port Harcourt,Port Harcourt,0,
TXN0002328,ACC00043,2024-01-02 14:57:56,129317.44,MRT001,Shoprite Ikeja,Grocery,POS,Abuja,Abuja,0,
TXN0004520,ACC00087,2024-02-12 05:50:39,94143.55,MRT008,ATM Withdrawal UBA,ATM,ATM,Kano,Kano,0,
TXN0005850,ACC00111,2024-12-02 03:30:43,61327.64,MRT010,Konga Electronics,E-commerce,Web,Ibadan,Ibadan,0,
TXN0001518,ACC00029,2024-12-17 21:02:43,86307.81,MRT008,ATM Withdrawal UBA,ATM,POS,Port Harcourt,Port Harcourt,0,
TXN0006052,ACC00115,2024-03-23 19:58:53,144619.31,MRT007,EKEDC Electricity,Utilities,Web,Port Harcourt,Port Harcourt,0,
TXN0002600,ACC00050,2024-02-25 01:59:53,136868.96,MRT001,Shoprite Ikeja,Grocery,Mobile App,Kano,Kano,0,
TXN0003118,ACC00059,2024-09-03 12:30:38,142649.5,MRT002,POS Terminal Lekki,POS,Web,Lagos,Lagos,0,
TXN0001782,ACC00034,2024-02-29 07:36:31,93484.03,MRT005,Jumia Online Store,E-commerce,Mobile App,Abuja,Abuja,0,
TXN0002570,ACC00049,2024-09-06 11:43:27,148435.67,MRT004,Netflix Subscription,Streaming,Web,Lagos,Lagos,0,
TXN0003186,ACC00060,2024-06-18 02:57:43,108131.48,MRT005,Jumia Online Store,E-commerce,POS,Port Harcourt,Port Harcourt,0,
TXN0004387,ACC00083,2024-10-13 09:45:54,109999.81,MRT001,Shoprite Ikeja,Grocery,Web,Port Harcourt,Port Harcourt,0,
TXN0005035,ACC00097,2024-01-24 15:49:25,148984.55,MRT005,Jumia Online Store,E-commerce,POS,Kano,Kano,0,
TXN0001562,ACC00030,2024-08-25 00:25:33,27177.1,MRT007,EKEDC Electricity,Utilities,ATM,Abuja,Abuja,0,
TXN0000848,ACC00017,2024-11-27 14:11:29,117084.61,MRT010,Konga Electronics,E-commerce,Web,Abuja,Abuja,0,
TXN0004961,ACC00095,2024-05-24 14:54:40,8843.8,MRT010,Konga Electronics,E-commerce,ATM,Port Harcourt,Port Harcourt,0,
TXN0002043,ACC00038,2024-12-04 15:46:01,87853.41,MRT005,Jumia Online Store,E-commerce,ATM,Abuja,Abuja,0,
TXN0003459,ACC00066,2024-10-23 00:25:51,8768.46,MRT007,EKEDC Electricity,Utilities,ATM,Lagos,Lagos,0,
TXN0002213,ACC00041,2024-12-25 20:35:35,15212.16,MRT004,Netflix Subscription,Streaming,Mobile App,Ibadan,Ibadan,0,
TXN0000682,ACC00013,2024-01-23 11:43:21,13388.81,MRT004,Netflix Subscription,Streaming,ATM,Port Harcourt,Port Harcourt,0,
TXN0002087,ACC00038,2024-06-29 12:28:09,61357.93,MRT009,Bolt Ride Hailing,Transport,ATM,Abuja,Abuja,0,
TXN0005532,ACC00107,2024-10-12 12:44:04,74351.77,MRT002,POS Terminal Lekki,POS,Web,Ibadan,Ibadan,0,
TXN0001561,ACC00030,2024-03-10 02:25:22,10875.07,MRT008,ATM Withdrawal UBA,ATM,Web,Abuja,Abuja,0,
TXN0002361,ACC00044,2024-01-04 16:36:27,40279.07,MRT001,Shoprite Ikeja,Grocery,Mobile App,Kano,Kano,0,
TXN0006263,ACC00120,2024-02-05 00:05:18,124011.27,MRT008,ATM Withdrawal UBA,ATM,Web,Ibadan,Ibadan,0,
TXN0001733,ACC00033,2024-05-12 03:56:52,15811.47,MRT003,MTN Airtime Top-up,Telecom,Web,Lagos,Lagos,0,
TXN0002829,ACC00055,2024-10-22 08:15:41,106422.6,MRT005,Jumia Online Store,E-commerce,Web,Lagos,Lagos,0,
TXN0004280,ACC00081,2024-02-10 05:20:11,116491.39,MRT009,Bolt Ride Hailing,Transport,ATM,Abuja,Abuja,0,
TXN0002415,ACC00045,2024-09-27 10:41:51,105315.75,MRT004,Netflix Subscription,Streaming,USSD,Lagos,Lagos,0,
TXN0005904,ACC00112,2024-08-28 16:07:38,20029.11,MRT010,Konga Electronics,E-commerce,ATM,Abuja,Abuja,0,
TXN0001037,ACC00020,2024-09-17 13:58:02,127911.54,MRT010,Konga Electronics,E-commerce,USSD,Port Harcourt,Port Harcourt,0,
TXN0002643,ACC00050,2024-12-22 23:06:03,75529.93,MRT010,Konga Electronics,E-commerce,Web,Kano,Kano,0,
TXN0000519,ACC00010,2024-02-06 07:29:16,57199.97,MRT007,EKEDC Electricity,Utilities,USSD,Ibadan,Ibadan,0,
TXN0001100,ACC00021,2024-03-30 02:58:00,118538.56,MRT008,ATM Withdrawal UBA,ATM,ATM,Ibadan,Ibadan,0,
TXN0002062,ACC00038,2024-12-02 10:55:32,13852.59,MRT006,Chicken Republic VI,Food & Dining,USSD,Abuja,Abuja,0,
TXN0003428,ACC00065,2024-10-11 19:11:54,135968.07,MRT002,POS Terminal Lekki,POS,Web,Port Harcourt,Port Harcourt,0,
TXN0002122,ACC00039,2024-03-07 04:57:42,29468.65,MRT009,Bolt Ride Hailing,Transport,USSD,Ibadan,Ibadan,0,
TXN0005374,ACC00104,2024-03-22 23:15:17,98585.41,MRT006,Chicken Republic VI,Food & Dining,ATM,Kano,Kano,0,
TXN0000111,ACC00003,2024-04-01 04:13:02,149615.18,MRT005,Jumia Online Store,E-commerce,Mobile App,Kano,Kano,0,
TXN0000621,ACC00011,2024-09-02 17:50:59,25314.25,MRT007,EKEDC Electricity,Utilities,Web,Abuja,Abuja,0,
TXN0004573,ACC00087,2024-07-14 16:40:55,11720.98,MRT004,Netflix Subscription,Streaming,Web,Kano,Kano,0,
TXN0000276,ACC00006,2024-03-28 04:51:10,48143.39,MRT001,Shoprite Ikeja,Grocery,Mobile App,Abuja,Abuja,0,
TXN0000463,ACC00009,2024-04-03 11:10:20,10559.99,MRT004,Netflix Subscription,Streaming,USSD,Lagos,Lagos,0,
TXN0002437,ACC00045,2024-02-08 14:51:34,9993.0,MRT006,Chicken Republic VI,Food & Dining,USSD,Lagos,Lagos,0,
TXN0006125,ACC00117,2024-04-03 16:31:13,39320.96,MRT009,Bolt Ride Hailing,Transport,Web,Kano,Kano,0,
TXN0001747,ACC00033,2024-01-17 19:24:46,45596.05,MRT002,POS Terminal Lekki,POS,Mobile App,Lagos,Lagos,0,
TXN0004615,ACC00088,2024-03-07 15:36:38,82145.7,MRT010,Konga Electronics,E-commerce,ATM,Abuja,Abuja,0,
TXN0000576,ACC00011,2024-02-11 03:28:29,15241.68,MRT001,Shoprite Ikeja,Grocery,Web,Abuja,Abuja,0,
TXN0000900,ACC00018,2024-09-10 19:41:30,7711.14,MRT001,Shoprite Ikeja,Grocery,Mobile App,Abuja,Abuja,0,
TXN0005844,ACC00111,2024-05-24 04:07:39,126108.21,MRT004,Netflix Subscription,Streaming,Mobile App,Ibadan,Ibadan,0,
TXN0000808,ACC00016,2024-09-23 19:56:14,86120.79,MRT008,ATM Withdrawal UBA,ATM,Web,Ibadan,Ibadan,0,
TXN0005691,ACC00109,2024-09-22 22:11:10,56168.63,MRT006,Chicken Republic VI,Food & Dining,Web,Port Harcourt,Port Harcourt,0,
TXN0005650,ACC00108,2024-07-20 13:18:52,31335.55,MRT006,Chicken Republic VI,Food & Dining,USSD,Kano,Kano,0,
TXN0002847,ACC00055,2024-02-14 17:37:44,134311.24,MRT001,Shoprite Ikeja,Grocery,USSD,Lagos,Lagos,0,
TXN0005293,ACC00102,2024-05-25 04:38:48,55784.34,MRT005,Jumia Online Store,E-commerce,ATM,Kano,Kano,0,
TXN0002000,ACC00037,2024-03-01 23:38:57,106370.42,MRT005,Jumia Online Store,E-commerce,USSD,Port Harcourt,Port Harcourt,0,
TXN0001617,ACC00031,2024-12-25 04:19:57,26795.2,MRT009,Bolt Ride Hailing,Transport,Mobile App,Ibadan,Ibadan,0,
TXN0005934,ACC00112,2024-12-23 19:41:29,122482.38,MRT010,Konga Electronics,E-commerce,USSD,Abuja,Abuja,0,
TXN0003953,ACC00074,2024-02-03 10:27:57,68559.06,MRT004,Netflix Subscription,Streaming,USSD,Ibadan,Ibadan,0,
TXN0001105,ACC00021,2024-04-10 02:54:59,1317.68,MRT004,Netflix Subscription,Streaming,Mobile App,Ibadan,Ibadan,0,
TXN0002905,ACC00056,2024-02-04 08:13:04,92473.68,MRT003,MTN Airtime Top-up,Telecom,POS,Abuja,Abuja,0,
TXN0000230,ACC00005,2024-09-21 12:37:26,96627.28,MRT010,Konga Electronics,E-commerce,USSD,Kano,Kano,0,
TXN0003613,ACC00068,2024-05-14 21:06:43,127908.84,MRT008,ATM Withdrawal UBA,ATM,USSD,Abuja,Abuja,0,
TXN0002930,ACC00056,2024-09-16 05:52:55,143884.17,MRT002,POS Terminal Lekki,POS,ATM,Abuja,Abuja,0,
TXN0000791,ACC00016,2024-09-27 18:20:39,108444.7,MRT009,Bolt Ride Hailing,Transport,USSD,Ibadan,Ibadan,0,
TXN0000996,ACC00019,2024-08-19 19:19:40,818.16,MRT010,Konga Electronics,E-commerce,Mobile App,Kano,Kano,1,Velocity spike: multiple transactions in short window
TXN0002874,ACC00055,2024-10-14 18:44:11,54233.28,MRT007,EKEDC Electricity,Utilities,Mobile App,Lagos,Lagos,0,
TXN0005335,ACC00102,2024-05-06 09:43:38,98913.65,MRT009,Bolt Ride Hailing,Transport,Mobile App,Kano,Kano,0,
TXN0001855,ACC00035,2024-04-08 05:58:17,58011.19,MRT009,Bolt Ride Hailing,Transport,POS,Port Harcourt,Port Harcourt,0,
TXN0005075,ACC00097,2024-10-22 05:39:34,64769.53,MRT004,Netflix Subscription,Streaming,USSD,Kano,Kano,0,
TXN0000384,ACC00007,2024-11-17 16:12:59,80084.8,MRT009,Bolt Ride Hailing,Transport,USSD,Port Harcourt,Port Harcourt,0,
TXN0005465,ACC00105,2024-12-01 16:02:18,79550.37,MRT006,Chicken Republic VI,Food & Dining,USSD,Kano,Kano,0,
TXN0004872,ACC00093,2024-04-06 09:46:52,124722.01,MRT004,Netflix Subscription,Streaming,POS,Ibadan,Ibadan,0,
TXN0000943,ACC00019,2024-05-02 17:54:25,147110.28,MRT002,POS Terminal Lekki,POS,Mobile App,Kano,Kano,0,
TXN0000834,ACC00017,2024-12-20 17:48:38,111271.25,MRT007,EKEDC Electricity,Utilities,USSD,Abuja,Abuja,0,
TXN0004570,ACC00087,2024-07-04 19:10:21,646.24,MRT004,Netflix Subscription,Streaming,USSD,Kano,Kano,0,
TXN0001880,ACC00035,2024-04-11 15:59:45,7942.55,MRT003,MTN Airtime Top-up,Telecom,USSD,Port Harcourt,Port Harcourt,0,
TXN0003932,ACC00074,2024-10-26 01:04:31,31086.21,MRT007,EKEDC Electricity,Utilities,Mobile App,Ibadan,Ibadan,0,
TXN0001194,ACC00024,2024-01-25 18:35:17,82490.84,MRT008,ATM Withdrawal UBA,ATM,Mobile App,Lagos,Lagos,0,
TXN0002129,ACC00039,2024-09-05 22:14:19,128152.04,MRT001,Shoprite Ikeja,Grocery,POS,Ibadan,Ibadan,0,
TXN0000477,ACC00009,2024-04-03 13:59:10,45460.09,MRT004,Netflix Subscription,Streaming,Web,Lagos,Lagos,0,
TXN0002704,ACC00052,2024-04-25 20:42:01,130757.72,MRT008,ATM Withdrawal UBA,ATM,USSD,Port Harcourt,Port Harcourt,0,
TXN0000561,ACC00010,2024-08-11 15:35:02,49219.99,MRT004,Netflix Subscription,Streaming,POS,Ibadan,Ibadan,0,
TXN0004250,ACC00081,2024-08-10 02:28:20,138501.88,MRT004,Netflix Subscription,Streaming,USSD,Abuja,Abuja,0,
TXN0003427,ACC00065,2024-04-13 05:05:37,41982.75,MRT009,Bolt Ride Hailing,Transport,Web,Port Harcourt,Port Harcourt,0,
TXN0002019,ACC00037,2024-09-28 23:13:23,67205.26,MRT007,EKEDC Electricity,Utilities,Web,Port Harcourt,Port Harcourt,0,
TXN0006244,ACC00120,2024-08-23 03:31:29,59465.64,MRT007,EKEDC Electricity,Utilities,ATM,Ibadan,Ibadan,0,
TXN0001176,ACC00023,2024-06-03 17:22:29,103736.2,MRT002,POS Terminal Lekki,POS,Mobile App,Abuja,Abuja,0,
TXN0000026,ACC00001,2024-08-09 07:23:01,100394.18,MRT010,Konga Electronics,E-commerce,POS,Lagos,Lagos,0,
TXN0003688,ACC00069,2024-02-07 15:47:11,90157.89,MRT003,MTN Airtime Top-up,Telecom,USSD,Abuja,Abuja,0,
TXN0005675,ACC00109,2024-09-10 20:15:06,79857.51,MRT002,POS Terminal Lekki,POS,Web,Port Harcourt,Port Harcourt,0,
TXN0003356,ACC00063,2024-06-24 08:16:38,4919.9,MRT008,ATM Withdrawal UBA,ATM,USSD,Lagos,Lagos,0,
TXN0001199,ACC00024,2024-02-20 23:35:28,125858.41,MRT009,Bolt Ride Hailing,Transport,Mobile App,Lagos,Lagos,0,
TXN0004929,ACC00095,2024-03-13 11:03:18,7046.73,MRT004,Netflix Subscription,Streaming,POS,Port Harcourt,Port Harcourt,0,
TXN0005188,ACC00100,2024-07-05 00:26:08,40424.85,MRT009,Bolt Ride Hailing,Transport,Web,Abuja,Abuja,0,
TXN0000763,ACC00015,2024-08-15 19:35:37,742056.9,MRT013,Wire Transfer INT,Wire Transfer,Web,New York,Abuja,1,Foreign transaction: cross-border anomaly
TXN0004987,ACC00096,2024-09-05 07:48:23,149009.34,MRT007,EKEDC Electricity,Utilities,Mobile App,Port Harcourt,Port Harcourt,0,
TXN0002880,ACC00055,2024-07-20 23:28:32,125208.65,MRT006,Chicken Republic VI,Food & Dining,Mobile App,Lagos,Lagos,0,
TXN0001791,ACC00034,2024-12-09 14:00:13,73976.2,MRT003,MTN Airtime Top-up,Telecom,Web,Abuja,Abuja,0,
TXN0004673,ACC00088,2024-08-16 19:02:09,440750.43,MRT012,Crypto Exchange BTC,Crypto,Web,New York,Abuja,1,Geographic anomaly: transaction far from home city
TXN0000452,ACC00009,2024-12-28 15:25:08,5244.36,MRT008,ATM Withdrawal UBA,ATM,ATM,Lagos,Lagos,0,
TXN0005135,ACC00099,2024-10-23 16:26:42,50940.57,MRT004,Netflix Subscription,Streaming,Web,Port Harcourt,Port Harcourt,0,
TXN0002752,ACC00053,2024-10-01 19:05:07,138128.86,MRT009,Bolt Ride Hailing,Transport,Mobile App,Kano,Kano,0,
TXN0002987,ACC00057,2024-01-11 05:38:07,80360.79,MRT004,Netflix Subscription,Streaming,ATM,Lagos,Lagos,0,
TXN0000568,ACC00010,2024-04-03 23:48:02,98970.11,MRT005,Jumia Online Store,E-commerce,ATM,Ibadan,Ibadan,0,
TXN0005625,ACC00108,2024-04-06 01:35:00,93364.9,MRT002,POS Terminal Lekki,POS,ATM,Kano,Kano,0,
TXN0005417,ACC00105,2024-07-05 09:20:45,106789.48,MRT001,Shoprite Ikeja,Grocery,Mobile App,Kano,Kano,0,
TXN0003379,ACC00064,2024-06-26 18:42:55,108597.49,MRT006,Chicken Republic VI,Food & Dining,Web,Lagos,Lagos,0,
TXN0002394,ACC00044,2024-04-10 14:55:50,44000.99,MRT002,POS Terminal Lekki,POS,Mobile App,Kano,Kano,0,
TXN0003940,ACC00074,2024-10-06 14:36:00,68953.71,MRT006,Chicken Republic VI,Food & Dining,ATM,Ibadan,Ibadan,0,
TXN0005151,ACC00099,2024-02-09 12:04:05,15409.62,MRT004,Netflix Subscription,Streaming,Mobile App,Port Harcourt,Port Harcourt,0,
TXN0005397,ACC00104,2024-02-07 07:39:39,109480.14,MRT003,MTN Airtime Top-up,Telecom,Mobile App,Kano,Kano,0,
TXN0000948,ACC00019,2024-11-16 12:27:21,122580.01,MRT001,Shoprite Ikeja,Grocery,ATM,Kano,Kano,0,
TXN0003162,ACC00059,2024-03-27 07:32:51,84368.94,MRT007,EKEDC Electricity,Utilities,ATM,Lagos,Lagos,0,
TXN0003855,ACC00072,2024-06-08 02:58:57,132056.21,MRT008,ATM Withdrawal UBA,ATM,POS,Abuja,Abuja,0,
TXN0005258,ACC00101,2024-01-16 20:59:52,87515.02,MRT003,MTN Airtime Top-up,Telecom,USSD,Kano,Kano,0,
TXN0004784,ACC00092,2024-07-13 03:04:54,91500.23,MRT002,POS Terminal Lekki,POS,Mobile App,Ibadan,Ibadan,0,
TXN0001833,ACC00035,2024-11-05 12:59:44,69891.88,MRT005,Jumia Online Store,E-commerce,USSD,Port Harcourt,Port Harcourt,0,
TXN0002974,ACC00057,2024-05-01 06:16:53,92987.41,MRT007,EKEDC Electricity,Utilities,USSD,Lagos,Lagos,0,
TXN0001728,ACC00033,2024-10-23 23:25:17,90014.99,MRT002,POS Terminal Lekki,POS,Web,Lagos,Lagos,0,
TXN0003845,ACC00072,2024-04-19 07:17:45,10165.67,MRT003,MTN Airtime Top-up,Telecom,Mobile App,Abuja,Abuja,0,
TXN0003057,ACC00058,2024-08-07 13:55:55,149673.04,MRT009,Bolt Ride Hailing,Transport,USSD,Lagos,Lagos,0,
TXN0003435,ACC00065,2024-04-26 11:50:19,1935.57,MRT010,Konga Electronics,E-commerce,ATM,Port Harcourt,Port Harcourt,0,
TXN0006210,ACC00119,2024-11-30 00:20:19,53516.55,MRT006,Chicken Republic VI,Food & Dining,POS,Kano,Kano,0,
TXN0002187,ACC00041,2024-02-16 00:26:16,132467.11,MRT003,MTN Airtime Top-up,Telecom,Web,Ibadan,Ibadan,0,
TXN0004805,ACC00092,2024-11-10 18:04:39,120901.64,MRT001,Shoprite Ikeja,Grocery,Web,Ibadan,Ibadan,0,
TXN0001340,ACC00026,2024-04-17 03:22:18,94055.96,MRT001,Shoprite Ikeja,Grocery,ATM,Ibadan,Ibadan,0,
TXN0001716,ACC00033,2024-02-29 19:36:26,45375.33,MRT005,Jumia Online Store,E-commerce,ATM,Lagos,Lagos,0,
TXN0005457,ACC00105,2024-05-23 21:43:14,71156.34,MRT006,Chicken Republic VI,Food & Dining,USSD,Kano,Kano,0,
TXN0004394,ACC00083,2024-01-14 15:25:50,26676.81,MRT009,Bolt Ride Hailing,Transport,ATM,Port Harcourt,Port Harcourt,0,
TXN0005214,ACC00100,2024-06-11 18:06:40,119702.26,MRT003,MTN Airtime Top-up,Telecom,Web,Abuja,Abuja,0,
TXN0005807,ACC00110,2024-06-08 01:41:58,6906.63,MRT005,Jumia Online Store,E-commerce,POS,Lagos,Lagos,0,
TXN0000024,ACC00001,2024-04-14 05:37:39,127831.12,MRT006,Chicken Republic VI,Food & Dining,Mobile App,Lagos,Lagos,0,
TXN0005307,ACC00102,2024-11-01 10:57:59,86569.63,MRT006,Chicken Republic VI,Food & Dining,ATM,Kano,Kano,0,
TXN0004770,ACC00092,2024-09-26 06:12:25,100268.51,MRT006,Chicken Republic VI,Food & Dining,POS,Ibadan,Ibadan,0,
TXN0003084,ACC00058,2024-04-22 08:23:19,105167.0,MRT008,ATM Withdrawal UBA,ATM,Web,Lagos,Lagos,0,
TXN0003760,ACC00070,2024-04-19 16:47:48,58321.69,MRT010,Konga Electronics,E-commerce,Web,Port Harcourt,Port Harcourt,0,
TXN0002603,ACC00050,2024-09-23 17:07:32,74027.18,MRT002,POS Terminal Lekki,POS,Mobile App,Kano,Kano,0,
TXN0000493,ACC00009,2024-06-29 23:28:21,120521.08,MRT002,POS Terminal Lekki,POS,ATM,Lagos,Lagos,0,
TXN0002963,ACC00057,2024-07-11 16:41:26,124944.23,MRT004,Netflix Subscription,Streaming,USSD,Lagos,Lagos,0,
TXN0002648,ACC00050,2024-08-22 23:47:09,122575.55,MRT002,POS Terminal Lekki,POS,ATM,Kano,Kano,0,
TXN0003564,ACC00067,2024-01-25 12:18:00,64263.92,MRT006,Chicken Republic VI,Food & Dining,Mobile App,Lagos,Lagos,0,
TXN0001142,ACC00022,2024-09-21 16:55:22,134530.31,MRT008,ATM Withdrawal UBA,ATM,Mobile App,Abuja,Abuja,0,
TXN0004060,ACC00077,2024-10-21 03:38:40,104439.81,MRT010,Konga Electronics,E-commerce,USSD,Ibadan,Ibadan,0,
TXN0004991,ACC00096,2024-03-17 01:46:09,26346.93,MRT002,POS Terminal Lekki,POS,USSD,Port Harcourt,Port Harcourt,0,
TXN0006094,ACC00117,2024-07-25 10:29:08,72432.59,MRT004,Netflix Subscription,Streaming,Mobile App,Kano,Kano,0,
TXN0003448,ACC00066,2024-10-23 06:18:07,32375.86,MRT004,Netflix Subscription,Streaming,USSD,Lagos,Lagos,0,
TXN0004342,ACC00082,2024-10-17 14:53:17,78880.16,MRT008,ATM Withdrawal UBA,ATM,Web,Abuja,Abuja,0,
TXN0005016,ACC00097,2024-11-07 03:41:20,91207.71,MRT002,POS Terminal Lekki,POS,ATM,Kano,Kano,0,
TXN0001808,ACC00034,2024-05-26 16:46:10,58849.97,MRT010,Konga Electronics,E-commerce,USSD,Abuja,Abuja,0,
TXN0002167,ACC00040,2024-03-18 19:36:05,117896.94,MRT004,Netflix Subscription,Streaming,POS,Abuja,Abuja,0,
TXN0001066,ACC00021,2024-05-30 17:17:23,137726.34,MRT008,ATM Withdrawal UBA,ATM,Mobile App,Ibadan,Ibadan,0,
TXN0003572,ACC00068,2024-07-25 01:11:31,7525.79,MRT009,Bolt Ride Hailing,Transport,USSD,Abuja,Abuja,0,
TXN0005063,ACC00097,2024-01-14 13:00:16,30184.08,MRT001,Shoprite Ikeja,Grocery,Mobile App,Kano,Kano,0,
TXN0001581,ACC00031,2024-01-25 11:08:01,96689.44,MRT009,Bolt Ride Hailing,Transport,ATM,Ibadan,Ibadan,0,
TXN0001287,ACC00025,2024-04-20 11:33:57,2937.22,MRT010,Konga Electronics,E-commerce,Web,Port Harcourt,Port Harcourt,0,
TXN0006086,ACC00116,2024-11-27 16:37:13,114482.87,MRT001,Shoprite Ikeja,Grocery,USSD,Ibadan,Ibadan,0,
TXN0005525,ACC00107,2024-07-18 10:17:08,35738.08,MRT001,Shoprite Ikeja,Grocery,POS,Ibadan,Ibadan,0,
TXN0002003,ACC00037,2024-06-19 12:47:14,115498.29,MRT007,EKEDC Electricity,Utilities,Mobile App,Port Harcourt,Port Harcourt,0,
TXN0001020,ACC00020,2024-12-19 19:00:37,61441.1,MRT005,Jumia Online Store,E-commerce,ATM,Port Harcourt,Port Harcourt,0,
TXN0002574,ACC00049,2024-06-07 14:01:53,44586.85,MRT010,Konga Electronics,E-commerce,Mobile App,Lagos,Lagos,0,
TXN0004728,ACC00090,2024-08-31 11:14:34,93798.14,MRT005,Jumia Online Store,E-commerce,Mobile App,Abuja,Abuja,0,
TXN0005134,ACC00099,2024-12-08 09:33:39,65958.63,MRT006,Chicken Republic VI,Food & Dining,USSD,Port Harcourt,Port Harcourt,0,
TXN0001146,ACC00022,2024-07-19 14:10:05,1953.62,MRT009,Bolt Ride Hailing,Transport,POS,Abuja,Abuja,0,
TXN0000750,ACC00015,2024-01-23 18:06:35,79650.13,MRT008,ATM Withdrawal UBA,ATM,USSD,Abuja,Abuja,0,
TXN0003662,ACC00069,2024-10-04 03:20:51,73876.07,MRT010,Konga Electronics,E-commerce,Web,Abuja,Abuja,0,
TXN0004306,ACC00082,2024-04-25 10:09:51,98856.01,MRT009,Bolt Ride Hailing,Transport,Mobile App,Abuja,Abuja,0,
TXN0003951,ACC00074,2024-06-26 10:52:27,18488.59,MRT004,Netflix Subscription,Streaming,Mobile App,Ibadan,Ibadan,0,
TXN0001511,ACC00029,2024-08-13 08:29:49,144279.79,MRT008,ATM Withdrawal UBA,ATM,Mobile App,Port Harcourt,Port Harcourt,0,
TXN0005792,ACC00110,2024-05-04 22:59:37,14006.96,MRT007,EKEDC Electricity,Utilities,POS,Lagos,Lagos,0,
TXN0005944,ACC00112,2024-01-12 15:21:10,48586.92,MRT008,ATM Withdrawal UBA,ATM,USSD,Abuja,Abuja,0,
TXN0001766,ACC00034,2024-04-22 20:29:19,28723.36,MRT007,EKEDC Electricity,Utilities,Mobile App,Abuja,Abuja,0,
TXN0003476,ACC00066,2024-07-31 06:32:34,83722.83,MRT005,Jumia Online Store,E-commerce,POS,Lagos,Lagos,0,
TXN0001200,ACC00024,2024-01-14 15:40:05,129125.14,MRT006,Chicken Republic VI,Food & Dining,POS,Lagos,Lagos,0,
TXN0005454,ACC00105,2024-02-14 17:12:55,114371.72,MRT008,ATM Withdrawal UBA,ATM,ATM,Kano,Kano,0,
TXN0002932,ACC00056,2024-06-29 04:27:18,122117.29,MRT007,EKEDC Electricity,Utilities,Web,Abuja,Abuja,0,
TXN0000671,ACC00013,2024-06-12 10:43:56,82180.26,MRT006,Chicken Republic VI,Food & Dining,Web,Port Harcourt,Port Harcourt,0,
TXN0001447,ACC00028,2024-09-23 19:47:30,130845.33,MRT010,Konga Electronics,E-commerce,POS,Ibadan,Ibadan,0,
TXN0001589,ACC00031,2024-01-06 13:53:36,95082.89,MRT003,MTN Airtime Top-up,Telecom,POS,Ibadan,Ibadan,0,
TXN0000125,ACC00003,2024-11-27 09:39:46,16444.66,MRT008,ATM Withdrawal UBA,ATM,ATM,Kano,Kano,0,
TXN0001126,ACC00022,2024-04-21 01:46:26,5524.6,MRT004,Netflix Subscription,Streaming,USSD,Abuja,Abuja,0,
TXN0004964,ACC00095,2024-04-07 04:11:54,7520.27,MRT003,MTN Airtime Top-up,Telecom,ATM,Port Harcourt,Port Harcourt,0,
TXN0000387,ACC00007,2024-04-29 11:45:54,89737.99,MRT001,Shoprite Ikeja,Grocery,POS,Port Harcourt,Port Harcourt,0,
TXN0000169,ACC00003,2024-07-23 07:28:21,111976.96,MRT002,POS Terminal Lekki,POS,ATM,Kano,Kano,0,
TXN0005987,ACC00113,2024-12-29 02:20:29,139816.41,MRT006,Chicken Republic VI,Food & Dining,ATM,Kano,Kano,0,
TXN0006146,ACC00118,2024-06-09 11:56:40,27939.2,MRT008,ATM Withdrawal UBA,ATM,POS,Port Harcourt,Port Harcourt,0,
TXN0000862,ACC00017,2024-10-24 06:44:18,135003.21,MRT004,Netflix Subscription,Streaming,USSD,Abuja,Abuja,0,
TXN0001397,ACC00027,2024-11-14 12:05:07,7813.36,MRT004,Netflix Subscription,Streaming,Web,Kano,Kano,0,
TXN0002582,ACC00050,2024-02-06 09:15:50,27636.27,MRT008,ATM Withdrawal UBA,ATM,Web,Kano,Kano,0,
TXN0004147,ACC00079,2024-05-22 17:21:36,17772.66,MRT005,Jumia Online Store,E-commerce,ATM,Kano,Kano,0,
TXN0005543,ACC00107,2024-07-16 12:15:30,87226.54,MRT010,Konga Electronics,E-commerce,POS,Ibadan,Ibadan,0,
TXN0001691,ACC00032,2024-09-15 23:50:39,120036.64,MRT003,MTN Airtime Top-up,Telecom,ATM,Port Harcourt,Port Harcourt,0,
TXN0004778,ACC00092,2024-01-09 20:53:22,96615.29,MRT003,MTN Airtime Top-up,Telecom,Web,Ibadan,Ibadan,0,
TXN0004753,ACC00091,2024-04-13 14:33:13,18762.4,MRT007,EKEDC Electricity,Utilities,ATM,Ibadan,Ibadan,0,
TXN0003002,ACC00057,2024-12-14 14:36:46,66809.5,MRT004,Netflix Subscription,Streaming,POS,Lagos,Lagos,0,
TXN0003234,ACC00061,2024-08-26 00:49:58,105993.12,MRT003,MTN Airtime Top-up,Telecom,Web,Kano,Kano,0,
TXN0000424,ACC00008,2024-11-10 02:41:30,49937.27,MRT002,POS Terminal Lekki,POS,ATM,Ibadan,Ibadan,0,
TXN0003310,ACC00062,2024-01-05 12:00:50,98245.68,MRT008,ATM Withdrawal UBA,ATM,ATM,Lagos,Lagos,0,
TXN0002193,ACC00041,2024-09-01 10:59:03,130991.3,MRT005,Jumia Online Store,E-commerce,USSD,Ibadan,Ibadan,0,
TXN0001961,ACC00036,2024-09-27 07:29:33,128922.3,MRT004,Netflix Subscription,Streaming,Web,Ibadan,Ibadan,0,
TXN0000520,ACC00010,2024-07-03 20:41:20,95693.84,MRT001,Shoprite Ikeja,Grocery,Web,Ibadan,Ibadan,0,
TXN0004748,ACC00091,2024-01-30 06:25:58,35822.67,MRT005,Jumia Online Store,E-commerce,USSD,Ibadan,Ibadan,0,
TXN0002510,ACC00047,2024-03-28 04:23:37,738712.91,MRT014,FX Bureau Lagos,FX,Mobile App,Abuja,Abuja,1,Large transaction at unusual hour (1am–4am)
TXN0002545,ACC00048,2024-10-15 12:37:41,79564.88,MRT010,Konga Electronics,E-commerce,POS,Kano,Kano,0,
TXN0001557,ACC00030,2024-10-25 18:56:48,103987.11,MRT007,EKEDC Electricity,Utilities,POS,Abuja,Abuja,0,
TXN0003843,ACC00072,2024-03-25 18:18:50,38016.99,MRT007,EKEDC Electricity,Utilities,POS,Abuja,Abuja,0,
TXN0005438,ACC00105,2024-06-09 18:16:13,37578.04,MRT007,EKEDC Electricity,Utilities,POS,Kano,Kano,0,
TXN0003753,ACC00070,2024-07-20 04:33:03,3110.54,MRT009,Bolt Ride Hailing,Transport,Web,Port Harcourt,Port Harcourt,0,
TXN0006119,ACC00117,2024-08-19 12:48:41,64645.11,MRT008,ATM Withdrawal UBA,ATM,POS,Kano,Kano,0,
TXN0001064,ACC00021,2024-03-31 00:03:56,40021.39,MRT002,POS Terminal Lekki,POS,Web,Ibadan,Ibadan,0,
TXN0000587,ACC00011,2024-12-27 03:30:19,77641.09,MRT004,Netflix Subscription,Streaming,USSD,Abuja,Abuja,0,
TXN0000849,ACC00017,2024-11-28 20:51:19,97283.29,MRT004,Netflix Subscription,Streaming,Web,Abuja,Abuja,0,
TXN0006085,ACC00116,2024-05-12 13:45:47,39309.8,MRT006,Chicken Republic VI,Food & Dining,ATM,Ibadan,Ibadan,0,
TXN0003743,ACC00070,2024-10-24 19:00:08,115398.11,MRT004,Netflix Subscription,Streaming,POS,Port Harcourt,Port Harcourt,0,
TXN0000609,ACC00011,2024-09-22 21:50:07,62636.75,MRT008,ATM Withdrawal UBA,ATM,ATM,Abuja,Abuja,0,
TXN0005995,ACC00114,2024-07-06 17:21:33,146046.37,MRT005,Jumia Online Store,E-commerce,Web,Lagos,Lagos,0,
TXN0002204,ACC00041,2024-04-08 20:23:04,13171.46,MRT009,Bolt Ride Hailing,Transport,Mobile App,Ibadan,Ibadan,0,
TXN0002334,ACC00043,2024-10-26 12:45:39,76686.45,MRT006,Chicken Republic VI,Food & Dining,ATM,Abuja,Abuja,0,
TXN0001007,ACC00020,2024-09-22 01:50:23,57515.2,MRT006,Chicken Republic VI,Food & Dining,Mobile App,Port Harcourt,Port Harcourt,0,
TXN0004476,ACC00086,2024-04-10 02:05:50,47603.53,MRT010,Konga Electronics,E-commerce,Mobile App,Port Harcourt,Port Harcourt,0,
TXN0004215,ACC00080,2024-11-27 00:54:04,24030.41,MRT005,Jumia Online Store,E-commerce,USSD,Abuja,Abuja,0,
TXN0003737,ACC00070,2024-11-24 17:31:33,30517.83,MRT008,ATM Withdrawal UBA,ATM,USSD,Port Harcourt,Port Harcourt,0,
TXN0000119,ACC00003,2024-02-25 13:57:13,69441.91,MRT004,Netflix Subscription,Streaming,POS,Kano,Kano,0,
TXN0000165,ACC00003,2024-02-20 11:36:52,37972.8,MRT009,Bolt Ride Hailing,Transport,Web,Kano,Kano,0,
TXN0002789,ACC00054,2024-03-24 13:39:42,56108.66,MRT006,Chicken Republic VI,Food & Dining,POS,Ibadan,Ibadan,0,
TXN0005149,ACC00099,2024-12-16 10:10:11,16517.45,MRT006,Chicken Republic VI,Food & Dining,ATM,Port Harcourt,Port Harcourt,0,
TXN0003334,ACC00063,2024-05-11 04:16:12,63668.22,MRT005,Jumia Online Store,E-commerce,Mobile App,Lagos,Lagos,0,
TXN0002484,ACC00046,2024-10-06 00:35:45,187334.34,MRT011,Unknown Vendor XJ9,Unknown,Web,New York,Abuja,1,Geographic anomaly: transaction far from home city
TXN0000624,ACC00011,2024-07-28 05:41:12,48886.22,MRT003,MTN Airtime Top-up,Telecom,POS,Abuja,Abuja,0,
TXN0001172,ACC00023,2024-02-26 15:21:43,71211.56,MRT003,MTN Airtime Top-up,Telecom,Mobile App,Abuja,Abuja,0,
TXN0005066,ACC00097,2024-05-27 06:18:05,125196.63,MRT008,ATM Withdrawal UBA,ATM,POS,Kano,Kano,0,
TXN0005091,ACC00098,2024-08-21 20:11:41,117716.72,MRT003,MTN Airtime Top-up,Telecom,Mobile App,Ibadan,Ibadan,0,
TXN0002040,ACC00038,2024-06-14 00:13:52,71699.83,MRT003,MTN Airtime Top-up,Telecom,ATM,Abuja,Abuja,0,
TXN0003413,ACC00065,2024-08-16 00:29:55,47487.29,MRT009,Bolt Ride Hailing,Transport,POS,Port Harcourt,Port Harcourt,0,
TXN0001697,ACC00032,2024-10-30 10:05:19,29759.49,MRT005,Jumia Online Store,E-commerce,Mobile App,Port Harcourt,Port Harcourt,0,
TXN0001506,ACC00029,2024-05-29 09:48:03,34248.27,MRT006,Chicken Republic VI,Food & Dining,ATM,Port Harcourt,Port Harcourt,0,
TXN0002100,ACC00038,2024-01-18 15:56:54,382632.33,MRT015,Sports Betting GG,Gambling,Web,London,Abuja,1,Geographic anomaly: transaction far from home city
TXN0001166,ACC00023,2024-07-02 01:15:25,51792.92,MRT010,Konga Electronics,E-commerce,Web,Abuja,Abuja,0,
TXN0002117,ACC00039,2024-03-15 09:01:05,122533.98,MRT002,POS Terminal Lekki,POS,POS,Ibadan,Ibadan,0,
TXN0001551,ACC00030,2024-01-23 02:10:40,98662.53,MRT010,Konga Electronics,E-commerce,Web,Abuja,Abuja,0,
TXN0006130,ACC00117,2024-09-09 22:04:44,64175.99,MRT008,ATM Withdrawal UBA,ATM,Mobile App,Kano,Kano,0,
TXN0003228,ACC00060,2024-07-14 06:22:25,91212.77,MRT001,Shoprite Ikeja,Grocery,Mobile App,Port Harcourt,Port Harcourt,0,
TXN0005999,ACC00114,2024-02-28 13:42:21,50773.62,MRT002,POS Terminal Lekki,POS,ATM,Lagos,Lagos,0,
TXN0002400,ACC00044,2024-05-04 03:17:18,119728.96,MRT006,Chicken Republic VI,Food & Dining,Web,Kano,Kano,0,
TXN0001458,ACC00028,2024-02-20 12:22:39,70874.97,MRT001,Shoprite Ikeja,Grocery,Mobile App,Ibadan,Ibadan,0,
TXN0002209,ACC00041,2024-04-16 00:43:33,4195.37,MRT007,EKEDC Electricity,Utilities,ATM,Ibadan,Ibadan,0,
TXN0000505,ACC00010,2024-11-13 16:16:28,114768.66,MRT001,Shoprite Ikeja,Grocery,ATM,Ibadan,Ibadan,0,
TXN0005695,ACC00109,2024-04-21 15:24:47,109433.8,MRT006,Chicken Republic VI,Food & Dining,Web,Port Harcourt,Port Harcourt,0,
TXN0000813,ACC00016,2024-02-19 00:08:19,63794.55,MRT001,Shoprite Ikeja,Grocery,ATM,Ibadan,Ibadan,0,
TXN0003340,ACC00063,2024-03-24 13:53:44,41580.62,MRT007,EKEDC Electricity,Utilities,Web,Lagos,Lagos,0,
TXN0005942,ACC00112,2024-11-08 14:23:48,10727.83,MRT001,Shoprite Ikeja,Grocery,Web,Abuja,Abuja,0,
TXN0005726,ACC00109,2024-11-17 06:09:19,65501.84,MRT009,Bolt Ride Hailing,Transport,POS,Port Harcourt,Port Harcourt,0,
TXN0004450,ACC00085,2024-12-21 10:36:28,110906.68,MRT009,Bolt Ride Hailing,Transport,POS,Lagos,Lagos,0,
TXN0000838,ACC00017,2024-12-07 11:58:25,4827.75,MRT010,Konga Electronics,E-commerce,Web,Abuja,Abuja,0,
TXN0005001,ACC00096,2024-04-30 07:11:59,18949.18,MRT003,MTN Airtime Top-up,Telecom,USSD,Port Harcourt,Port Harcourt,0,
TXN0005840,ACC00111,2024-01-03 20:15:12,113815.31,MRT005,Jumia Online Store,E-commerce,Mobile App,Ibadan,Ibadan,0,
TXN0005390,ACC00104,2024-05-08 03:20:28,41107.07,MRT007,EKEDC Electricity,Utilities,USSD,Kano,Kano,0,
TXN0002578,ACC00049,2024-09-10 22:05:17,130568.86,MRT005,Jumia Online Store,E-commerce,USSD,Lagos,Lagos,0,
TXN0001583,ACC00031,2024-01-15 09:15:46,8880.14,MRT006,Chicken Republic VI,Food & Dining,Mobile App,Ibadan,Ibadan,0,
TXN0005064,ACC00097,2024-06-26 11:57:33,137441.89,MRT007,EKEDC Electricity,Utilities,Mobile App,Kano,Kano,0,
TXN0001810,ACC00034,2024-05-10 11:26:37,75663.89,MRT008,ATM Withdrawal UBA,ATM,POS,Abuja,Abuja,0,
TXN0004503,ACC00086,2024-03-16 14:47:26,122334.49,MRT003,MTN Airtime Top-up,Telecom,Web,Port Harcourt,Port Harcourt,0,
TXN0002565,ACC00049,2024-04-10 12:30:48,127945.02,MRT005,Jumia Online Store,E-commerce,POS,Lagos,Lagos,0,
TXN0001960,ACC00036,2024-01-06 09:19:58,17230.92,MRT004,Netflix Subscription,Streaming,Mobile App,Ibadan,Ibadan,0,
TXN0001601,ACC00031,2024-01-07 01:41:06,12568.03,MRT008,ATM Withdrawal UBA,ATM,Mobile App,Ibadan,Ibadan,0,
TXN0003765,ACC00070,2024-05-30 20:37:58,132349.65,MRT005,Jumia Online Store,E-commerce,POS,Port Harcourt,Port Harcourt,0,
TXN0002866,ACC00055,2024-06-24 18:41:24,110354.84,MRT008,ATM Withdrawal UBA,ATM,USSD,Lagos,Lagos,0,
TXN0001008,ACC00020,2024-05-29 20:37:27,81265.48,MRT005,Jumia Online Store,E-commerce,POS,Port Harcourt,Port Harcourt,0,
TXN0000541,ACC00010,2024-02-05 13:01:56,141472.55,MRT001,Shoprite Ikeja,Grocery,ATM,Ibadan,Ibadan,0,
TXN0003303,ACC00062,2024-06-14 07:55:01,43102.14,MRT003,MTN Airtime Top-up,Telecom,ATM,Lagos,Lagos,0,
TXN0003302,ACC00062,2024-06-18 02:13:40,51268.21,MRT002,POS Terminal Lekki,POS,Web,Lagos,Lagos,0,
TXN0005278,ACC00101,2024-03-25 01:23:13,99986.96,MRT007,EKEDC Electricity,Utilities,POS,Kano,Kano,0,
TXN0005378,ACC00104,2024-01-03 10:50:26,100515.86,MRT008,ATM Withdrawal UBA,ATM,Web,Kano,Kano,0,
TXN0006046,ACC00115,2024-05-11 14:17:32,6527.6,MRT004,Netflix Subscription,Streaming,ATM,Port Harcourt,Port Harcourt,0,
TXN0000226,ACC00005,2024-05-16 08:29:12,35822.19,MRT003,MTN Airtime Top-up,Telecom,Web,Kano,Kano,0,
TXN0004026,ACC00076,2024-12-14 15:04:20,357801.81,MRT015,Sports Betting GG,Gambling,Web,London,Port Harcourt,1,Foreign transaction: cross-border anomaly
TXN0004909,ACC00094,2024-08-13 15:37:37,27667.93,MRT007,EKEDC Electricity,Utilities,Mobile App,Abuja,Abuja,0,
TXN0001316,ACC00026,2024-05-13 19:12:17,98483.77,MRT010,Konga Electronics,E-commerce,POS,Ibadan,Ibadan,0,
TXN0000355,ACC00007,2024-03-02 09:24:59,62635.45,MRT008,ATM Withdrawal UBA,ATM,ATM,Port Harcourt,Port Harcourt,0,
TXN0003500,ACC00066,2024-12-12 21:37:59,707070.19,MRT013,Wire Transfer INT,Wire Transfer,Web,London,Lagos,1,Foreign transaction: cross-border anomaly
TXN0000656,ACC00012,2024-09-06 03:55:23,10727.54,MRT003,MTN Airtime Top-up,Telecom,USSD,Kano,Kano,0,
TXN0004160,ACC00079,2024-08-02 05:20:50,6558.4,MRT008,ATM Withdrawal UBA,ATM,ATM,Kano,Kano,0,
TXN0005981,ACC00113,2024-08-04 20:03:09,12919.59,MRT007,EKEDC Electricity,Utilities,ATM,Kano,Kano,0,
TXN0000513,ACC00010,2024-11-09 02:01:39,16498.96,MRT003,MTN Airtime Top-up,Telecom,Mobile App,Ibadan,Ibadan,0,
TXN0006112,ACC00117,2024-11-05 15:39:52,77793.37,MRT005,Jumia Online Store,E-commerce,USSD,Kano,Kano,0,
TXN0002714,ACC00052,2024-07-12 23:10:15,17484.23,MRT006,Chicken Republic VI,Food & Dining,ATM,Port Harcourt,Port Harcourt,0,
TXN0001929,ACC00036,2024-04-03 05:42:32,13833.65,MRT007,EKEDC Electricity,Utilities,Web,Ibadan,Ibadan,0,
TXN0003697,ACC00069,2024-11-19 00:39:34,117717.37,MRT007,EKEDC Electricity,Utilities,Mobile App,Abuja,Abuja,0,
TXN0001412,ACC00027,2024-06-14 20:25:41,127245.8,MRT010,Konga Electronics,E-commerce,POS,Kano,Kano,0,
TXN0002862,ACC00055,2024-02-12 11:33:05,122929.5,MRT001,Shoprite Ikeja,Grocery,USSD,Lagos,Lagos,0,
TXN0001393,ACC00027,2024-08-24 02:49:15,36062.81,MRT008,ATM Withdrawal UBA,ATM,USSD,Kano,Kano,0,
TXN0004086,ACC00078,2024-12-25 12:35:41,31131.46,MRT007,EKEDC Electricity,Utilities,USSD,Abuja,Abuja,0,
TXN0004938,ACC00095,2024-10-26 23:17:18,19453.2,MRT009,Bolt Ride Hailing,Transport,POS,Port Harcourt,Port Harcourt,0,
TXN0003867,ACC00073,2024-01-26 23:36:35,106050.6,MRT006,Chicken Republic VI,Food & Dining,USSD,Lagos,Lagos,0,
TXN0002802,ACC00054,2024-01-02 19:18:47,43012.69,MRT008,ATM Withdrawal UBA,ATM,ATM,Ibadan,Ibadan,0,
TXN0001849,ACC00035,2024-06-07 14:20:09,129503.54,MRT005,Jumia Online Store,E-commerce,Mobile App,Port Harcourt,Port Harcourt,0,
TXN0000329,ACC00006,2024-02-04 02:16:08,100342.05,MRT006,Chicken Republic VI,Food & Dining,Mobile App,Abuja,Abuja,0,
TXN0000428,ACC00008,2024-11-17 04:06:13,77534.46,MRT007,EKEDC Electricity,Utilities,Mobile App,Ibadan,Ibadan,0,
TXN0002517,ACC00048,2024-02-16 03:13:28,73615.64,MRT007,EKEDC Electricity,Utilities,ATM,Kano,Kano,0,
TXN0000803,ACC00016,2024-03-28 20:43:51,84854.86,MRT005,Jumia Online Store,E-commerce,Web,Ibadan,Ibadan,0,
TXN0001445,ACC00028,2024-03-20 16:28:56,69175.58,MRT001,Shoprite Ikeja,Grocery,USSD,Ibadan,Ibadan,0,
TXN0002845,ACC00055,2024-07-20 09:52:27,16823.09,MRT007,EKEDC Electricity,Utilities,Mobile App,Lagos,Lagos,0,
TXN0002519,ACC00048,2024-07-13 21:39:39,20146.94,MRT007,EKEDC Electricity,Utilities,Mobile App,Kano,Kano,0,
TXN0000485,ACC00009,2024-11-08 11:53:14,108783.63,MRT010,Konga Electronics,E-commerce,USSD,Lagos,Lagos,0,
TXN0000053,ACC00002,2024-04-25 11:31:55,148509.67,MRT010,Konga Electronics,E-commerce,POS,Lagos,Lagos,0,
TXN0006134,ACC00117,2024-06-05 22:56:07,83242.11,MRT010,Konga Electronics,E-commerce,Mobile App,Kano,Kano,0,
TXN0001004,ACC00020,2024-11-15 21:19:56,17650.93,MRT001,Shoprite Ikeja,Grocery,POS,Port Harcourt,Port Harcourt,0,
TXN0002969,ACC00057,2024-01-20 23:49:08,81310.43,MRT010,Konga Electronics,E-commerce,Mobile App,Lagos,Lagos,0,
TXN0001807,ACC00034,2024-01-08 22:09:46,88404.39,MRT008,ATM Withdrawal UBA,ATM,POS,Abuja,Abuja,0,
TXN0003603,ACC00068,2024-05-07 16:54:52,100213.28,MRT007,EKEDC Electricity,Utilities,POS,Abuja,Abuja,0,
TXN0002685,ACC00052,2024-12-06 18:02:27,93281.75,MRT001,Shoprite Ikeja,Grocery,Mobile App,Port Harcourt,Port Harcourt,0,
TXN0003198,ACC00060,2024-05-16 02:27:24,132559.81,MRT009,Bolt Ride Hailing,Transport,POS,Port Harcourt,Port Harcourt,0,
TXN0001167,ACC00023,2024-07-12 16:52:24,31974.61,MRT007,EKEDC Electricity,Utilities,POS,Abuja,Abuja,0,
TXN0004722,ACC00090,2024-10-17 01:36:49,19895.62,MRT001,Shoprite Ikeja,Grocery,USSD,Abuja,Abuja,0,
TXN0002811,ACC00054,2024-02-23 21:05:54,149034.29,MRT002,POS Terminal Lekki,POS,ATM,Ibadan,Ibadan,0,
TXN0001907,ACC00036,2024-05-02 13:04:23,114669.47,MRT008,ATM Withdrawal UBA,ATM,Web,Ibadan,Ibadan,0,
TXN0001920,ACC00036,2024-06-02 01:55:43,88755.61,MRT006,Chicken Republic VI,Food & Dining,Mobile App,Ibadan,Ibadan,0,
TXN0002571,ACC00049,2024-07-26 14:47:09,709.29,MRT002,POS Terminal Lekki,POS,POS,Lagos,Lagos,0,
TXN0005467,ACC00106,2024-01-01 21:35:39,141018.11,MRT009,Bolt Ride Hailing,Transport,Mobile App,Ibadan,Ibadan,0,
TXN0002877,ACC00055,2024-12-06 05:46:37,26655.36,MRT009,Bolt Ride Hailing,Transport,POS,Lagos,Lagos,0,
TXN0000960,ACC00019,2024-07-12 17:25:11,79789.47,MRT001,Shoprite Ikeja,Grocery,Mobile App,Kano,Kano,0,
TXN0003245,ACC00061,2024-06-07 22:30:02,95477.31,MRT003,MTN Airtime Top-up,Telecom,Mobile App,Kano,Kano,0,
TXN0000890,ACC00017,2024-05-01 04:54:38,15854.88,MRT003,MTN Airtime Top-up,Telecom,USSD,Abuja,Abuja,0,
TXN0001410,ACC00027,2024-08-09 21:31:37,148084.79,MRT009,Bolt Ride Hailing,Transport,ATM,Kano,Kano,0,
TXN0006167,ACC00119,2024-10-17 13:34:38,149060.74,MRT008,ATM Withdrawal UBA,ATM,ATM,Kano,Kano,0,
TXN0004903,ACC00094,2024-10-04 01:12:07,39168.39,MRT002,POS Terminal Lekki,POS,Mobile App,Abuja,Abuja,0,
TXN0000930,ACC00019,2024-01-05 19:12:19,115245.54,MRT009,Bolt Ride Hailing,Transport,USSD,Kano,Kano,0,
TXN0005790,ACC00110,2024-03-22 03:53:19,36678.18,MRT006,Chicken Republic VI,Food & Dining,USSD,Lagos,Lagos,0,
TXN0002547,ACC00048,2024-02-03 21:03:12,20007.57,MRT002,POS Terminal Lekki,POS,USSD,Kano,Kano,0,
TXN0002374,ACC00044,2024-01-02 05:09:55,2986.23,MRT006,Chicken Republic VI,Food & Dining,POS,Kano,Kano,0,
TXN0001842,ACC00035,2024-10-12 05:51:12,139973.85,MRT009,Bolt Ride Hailing,Transport,USSD,Port Harcourt,Port Harcourt,0,
TXN0004024,ACC00076,2024-08-06 13:24:13,550.04,MRT006,Chicken Republic VI,Food & Dining,Mobile App,Port Harcourt,Port Harcourt,1,Velocity spike: multiple transactions in short window
TXN0001267,ACC00025,2024-10-05 18:48:07,2456.37,MRT002,POS Terminal Lekki,POS,Web,Port Harcourt,Port Harcourt,0,
TXN0002784,ACC00054,2024-05-25 05:33:51,67685.81,MRT002,POS Terminal Lekki,POS,Mobile App,Ibadan,Ibadan,0,
TXN0005632,ACC00108,2024-05-23 03:58:07,80313.05,MRT007,EKEDC Electricity,Utilities,Web,Kano,Kano,0,
TXN0004926,ACC00095,2024-09-05 14:08:11,149787.56,MRT003,MTN Airtime Top-up,Telecom,Web,Port Harcourt,Port Harcourt,0,
TXN0002106,ACC00039,2024-05-12 16:13:14,69240.0,MRT004,Netflix Subscription,Streaming,USSD,Ibadan,Ibadan,0,
TXN0004126,ACC00079,2024-04-21 22:37:09,70802.13,MRT009,Bolt Ride Hailing,Transport,ATM,Kano,Kano,0,
TXN0002017,ACC00037,2024-12-19 02:38:44,1681.38,MRT006,Chicken Republic VI,Food & Dining,POS,Port Harcourt,Port Harcourt,0,
TXN0001151,ACC00022,2024-07-12 19:00:39,35611.78,MRT004,Netflix Subscription,Streaming,Web,Abuja,Abuja,0,
TXN0001543,ACC00030,2024-11-07 14:07:49,38673.92,MRT002,POS Terminal Lekki,POS,USSD,Abuja,Abuja,0,
TXN0001395,ACC00027,2024-01-31 20:06:26,90215.26,MRT010,Konga Electronics,E-commerce,Web,Kano,Kano,0,
TXN0002834,ACC00055,2024-09-23 12:27:45,142748.44,MRT005,Jumia Online Store,E-commerce,USSD,Lagos,Lagos,0,
TXN0000599,ACC00011,2024-12-22 18:44:32,88730.17,MRT010,Konga Electronics,E-commerce,Web,Abuja,Abuja,0,
TXN0004730,ACC00090,2024-04-05 01:13:16,39727.36,MRT007,EKEDC Electricity,Utilities,Web,Abuja,Abuja,0,
TXN0000408,ACC00008,2024-02-12 10:03:55,111263.2,MRT010,Konga Electronics,E-commerce,Web,Ibadan,Ibadan,0,
TXN0001763,ACC00034,2024-02-01 22:36:23,74310.06,MRT006,Chicken Republic VI,Food & Dining,ATM,Abuja,Abuja,0,
TXN0005487,ACC00106,2024-01-19 05:26:05,24717.06,MRT003,MTN Airtime Top-up,Telecom,USSD,Ibadan,Ibadan,0,
TXN0002655,ACC00051,2024-03-13 21:53:56,30658.03,MRT009,Bolt Ride Hailing,Transport,Mobile App,Abuja,Abuja,0,
TXN0003638,ACC00068,2024-02-10 05:51:52,92206.29,MRT005,Jumia Online Store,E-commerce,Mobile App,Abuja,Abuja,0,
TXN0002764,ACC00053,2024-03-22 16:06:01,56600.53,MRT007,EKEDC Electricity,Utilities,POS,Kano,Kano,0,
TXN0006216,ACC00119,2024-05-25 09:18:15,129065.45,MRT005,Jumia Online Store,E-commerce,Web,Kano,Kano,0,
TXN0002647,ACC00050,2024-03-26 00:21:20,27962.22,MRT007,EKEDC Electricity,Utilities,USSD,Kano,Kano,0,
TXN0000239,ACC00005,2024-08-22 23:03:47,75454.41,MRT008,ATM Withdrawal UBA,ATM,Mobile App,Kano,Kano,0,
TXN0003174,ACC00060,2024-11-20 00:27:28,5958.2,MRT003,MTN Airtime Top-up,Telecom,USSD,Port Harcourt,Port Harcourt,0,
TXN0005521,ACC00107,2024-04-06 01:59:08,37741.01,MRT008,ATM Withdrawal UBA,ATM,Web,Ibadan,Ibadan,0,
TXN0002473,ACC00046,2024-09-29 00:43:07,129877.05,MRT010,Konga Electronics,E-commerce,USSD,Abuja,Abuja,0,
TXN0000348,ACC00007,2024-08-17 20:03:16,23552.04,MRT010,Konga Electronics,E-commerce,USSD,Port Harcourt,Port Harcourt,0,
TXN0001996,ACC00037,2024-11-06 07:05:51,144415.74,MRT008,ATM Withdrawal UBA,ATM,Mobile App,Port Harcourt,Port Harcourt,0,
TXN0005758,ACC00110,2024-12-25 09:43:51,121727.34,MRT006,Chicken Republic VI,Food & Dining,POS,Lagos,Lagos,0,
TXN0004398,ACC00083,2024-10-04 04:22:26,132632.38,MRT009,Bolt Ride Hailing,Transport,USSD,Port Harcourt,Port Harcourt,0,
TXN0000925,ACC00018,2024-11-23 21:54:39,16005.11,MRT003,MTN Airtime Top-up,Telecom,USSD,Abuja,Abuja,0,
TXN0002536,ACC00048,2024-07-17 00:16:26,96759.04,MRT007,EKEDC Electricity,Utilities,POS,Kano,Kano,0,
TXN0005626,ACC00108,2024-08-23 14:50:33,143500.11,MRT008,ATM Withdrawal UBA,ATM,Mobile App,Kano,Kano,0,
TXN0000867,ACC00017,2024-10-09 03:56:08,103104.56,MRT004,Netflix Subscription,Streaming,ATM,Abuja,Abuja,0,
TXN0000998,ACC00019,2024-05-19 01:35:58,826.44,MRT006,Chicken Republic VI,Food & Dining,Mobile App,Kano,Kano,1,Velocity spike: multiple transactions in short window
TXN0004058,ACC00077,2024-04-27 20:47:45,90991.73,MRT009,Bolt Ride Hailing,Transport,POS,Ibadan,Ibadan,0,
TXN0000981,ACC00019,2024-09-25 04:48:37,30998.14,MRT005,Jumia Online Store,E-commerce,USSD,Kano,Kano,0,
TXN0003609,ACC00068,2024-01-17 08:24:42,16615.75,MRT010,Konga Electronics,E-commerce,Mobile App,Abuja,Abuja,0,
TXN0000436,ACC00009,2024-03-26 02:25:35,71988.19,MRT003,MTN Airtime Top-up,Telecom,ATM,Lagos,Lagos,0,
TXN0000200,ACC00004,2024-02-05 15:14:36,32662.37,MRT009,Bolt Ride Hailing,Transport,ATM,Ibadan,Ibadan,0,
TXN0002938,ACC00056,2024-07-13 10:17:16,32011.63,MRT009,Bolt Ride Hailing,Transport,USSD,Abuja,Abuja,0,
TXN0004810,ACC00092,2024-12-29 04:24:19,82679.4,MRT006,Chicken Republic VI,Food & Dining,USSD,Ibadan,Ibadan,0,
TXN0005868,ACC00111,2024-08-26 23:20:47,13876.55,MRT008,ATM Withdrawal UBA,ATM,Mobile App,Ibadan,Ibadan,0,
TXN0002722,ACC00052,2024-07-13 23:46:23,105047.91,MRT002,POS Terminal Lekki,POS,ATM,Port Harcourt,Port Harcourt,0,
TXN0000620,ACC00011,2024-03-22 12:12:22,103525.47,MRT010,Konga Electronics,E-commerce,USSD,Abuja,Abuja,0,
TXN0005227,ACC00101,2024-12-08 00:56:52,85561.77,MRT006,Chicken Republic VI,Food & Dining,ATM,Kano,Kano,0,
TXN0004813,ACC00092,2024-12-10 21:42:48,4334.01,MRT003,MTN Airtime Top-up,Telecom,ATM,Ibadan,Ibadan,0,
TXN0001468,ACC00028,2024-11-02 07:57:01,68265.82,MRT006,Chicken Republic VI,Food & Dining,Mobile App,Ibadan,Ibadan,0,
TXN0002837,ACC00055,2024-03-13 15:14:37,4773.64,MRT005,Jumia Online Store,E-commerce,USSD,Lagos,Lagos,0,
TXN0004732,ACC00090,2024-07-25 19:22:55,115156.79,MRT003,MTN Airtime Top-up,Telecom,ATM,Abuja,Abuja,0,
TXN0004035,ACC00077,2024-04-26 15:24:02,112123.0,MRT003,MTN Airtime Top-up,Telecom,ATM,Ibadan,Ibadan,0,
TXN0003535,ACC00067,2024-07-28 12:16:14,114494.09,MRT007,EKEDC Electricity,Utilities,USSD,Lagos,Lagos,0,
TXN0002755,ACC00053,2024-04-25 07:31:06,80544.87,MRT004,Netflix Subscription,Streaming,Web,Kano,Kano,0,
TXN0002402,ACC00044,2024-06-02 12:34:42,80974.8,MRT001,Shoprite Ikeja,Grocery,ATM,Kano,Kano,0,
TXN0000945,ACC00019,2024-08-01 05:58:18,123973.36,MRT001,Shoprite Ikeja,Grocery,USSD,Kano,Kano,0,
TXN0000497,ACC00009,2024-12-29 00:34:42,87081.87,MRT010,Konga Electronics,E-commerce,ATM,Lagos,Lagos,0,
TXN0003381,ACC00064,2024-05-05 08:00:27,44300.8,MRT003,MTN Airtime Top-up,Telecom,Mobile App,Lagos,Lagos,0,
TXN0003322,ACC00062,2024-09-23 13:35:47,38222.86,MRT006,Chicken Republic VI,Food & Dining,POS,Lagos,Lagos,0,
TXN0001454,ACC00028,2024-03-21 05:26:26,52872.56,MRT009,Bolt Ride Hailing,Transport,POS,Ibadan,Ibadan,0,
TXN0005371,ACC00103,2024-05-14 09:56:34,148563.23,MRT009,Bolt Ride Hailing,Transport,USSD,Lagos,Lagos,0,
TXN0000907,ACC00018,2024-10-31 18:29:38,74911.99,MRT002,POS Terminal Lekki,POS,USSD,Abuja,Abuja,0,
TXN0001623,ACC00031,2024-12-12 04:07:31,11492.69,MRT004,Netflix Subscription,Streaming,USSD,Ibadan,Ibadan,0,
TXN0003098,ACC00059,2024-08-23 09:54:56,138715.12,MRT002,POS Terminal Lekki,POS,POS,Lagos,Lagos,0,
TXN0003591,ACC00068,2024-09-04 07:00:06,78332.73,MRT002,POS Terminal Lekki,POS,USSD,Abuja,Abuja,0,
TXN0000860,ACC00017,2024-04-17 09:00:38,129292.99,MRT006,Chicken Republic VI,Food & Dining,POS,Abuja,Abuja,0,
TXN0002475,ACC00046,2024-03-07 07:28:52,142003.29,MRT006,Chicken Republic VI,Food & Dining,ATM,Abuja,Abuja,0,
TXN0004514,ACC00087,2024-05-20 07:45:57,59975.63,MRT007,EKEDC Electricity,Utilities,USSD,Kano,Kano,0,
TXN0001664,ACC00032,2024-08-29 03:41:07,120085.63,MRT006,Chicken Republic VI,Food & Dining,Mobile App,Port Harcourt,Port Harcourt,0,
TXN0003780,ACC00071,2024-05-29 21:30:26,100215.53,MRT010,Konga Electronics,E-commerce,POS,Lagos,Lagos,0,
TXN0005266,ACC00101,2024-11-22 18:44:20,69345.43,MRT007,EKEDC Electricity,Utilities,Mobile App,Kano,Kano,0,
TXN0000987,ACC00019,2024-01-06 00:50:41,30861.54,MRT005,Jumia Online Store,E-commerce,ATM,Kano,Kano,0,
TXN0002898,ACC00055,2024-04-07 02:21:34,62738.69,MRT003,MTN Airtime Top-up,Telecom,Web,Lagos,Lagos,0,
TXN0003252,ACC00061,2024-04-29 12:44:20,112237.56,MRT004,Netflix Subscription,Streaming,Web,Kano,Kano,0,
TXN0000725,ACC00014,2024-11-16 22:28:55,6529.31,MRT010,Konga Electronics,E-commerce,POS,Lagos,Lagos,0,
TXN0002219,ACC00042,2024-08-13 05:33:39,71064.6,MRT001,Shoprite Ikeja,Grocery,USSD,Abuja,Abuja,0,
TXN0005643,ACC00108,2024-07-07 03:13:34,84584.16,MRT001,Shoprite Ikeja,Grocery,USSD,Kano,Kano,0,
TXN0005354,ACC00103,2024-06-13 08:45:36,13522.59,MRT007,EKEDC Electricity,Utilities,POS,Lagos,Lagos,0,
TXN0000357,ACC00007,2024-11-30 13:37:22,110262.86,MRT006,Chicken Republic VI,Food & Dining,POS,Port Harcourt,Port Harcourt,0,
TXN0001238,ACC00024,2024-09-02 19:08:20,49014.77,MRT007,EKEDC Electricity,Utilities,Web,Lagos,Lagos,0,
TXN0004316,ACC00082,2024-07-01 15:39:35,109447.92,MRT004,Netflix Subscription,Streaming,Web,Abuja,Abuja,0,
TXN0000537,ACC00010,2024-09-13 13:54:30,13311.27,MRT007,EKEDC Electricity,Utilities,USSD,Ibadan,Ibadan,0,
TXN0005773,ACC00110,2024-10-18 14:30:13,113304.35,MRT001,Shoprite Ikeja,Grocery,ATM,Lagos,Lagos,0,
TXN0004212,ACC00080,2024-02-11 18:19:52,89208.84,MRT005,Jumia Online Store,E-commerce,USSD,Abuja,Abuja,0,
TXN0005384,ACC00104,2024-08-09 17:16:19,98699.22,MRT008,ATM Withdrawal UBA,ATM,ATM,Kano,Kano,0,
TXN0001211,ACC00024,2024-04-26 08:34:20,114997.45,MRT001,Shoprite Ikeja,Grocery,POS,Lagos,Lagos,0,
TXN0001989,ACC00037,2024-05-18 15:53:24,26619.86,MRT003,MTN Airtime Top-up,Telecom,USSD,Port Harcourt,Port Harcourt,0,
TXN0005576,ACC00107,2024-02-12 14:48:24,49344.13,MRT009,Bolt Ride Hailing,Transport,USSD,Ibadan,Ibadan,0,
TXN0004049,ACC00077,2024-03-15 19:12:54,58921.05,MRT006,Chicken Republic VI,Food & Dining,USSD,Ibadan,Ibadan,0,
TXN0001813,ACC00034,2024-11-22 08:54:49,32504.98,MRT009,Bolt Ride Hailing,Transport,POS,Abuja,Abuja,0,
TXN0000372,ACC00007,2024-01-18 13:41:22,8148.07,MRT007,EKEDC Electricity,Utilities,USSD,Port Harcourt,Port Harcourt,0,
TXN0003412,ACC00065,2024-12-15 12:38:43,145874.3,MRT003,MTN Airtime Top-up,Telecom,Web,Port Harcourt,Port Harcourt,0,
TXN0002529,ACC00048,2024-09-29 07:08:40,91859.52,MRT009,Bolt Ride Hailing,Transport,Web,Kano,Kano,0,
TXN0005262,ACC00101,2024-06-01 04:36:19,23049.95,MRT003,MTN Airtime Top-up,Telecom,Mobile App,Kano,Kano,0,
TXN0001607,ACC00031,2024-08-25 16:43:03,94265.15,MRT002,POS Terminal Lekki,POS,POS,Ibadan,Ibadan,0,
TXN0004997,ACC00096,2024-10-12 14:34:18,51651.47,MRT008,ATM Withdrawal UBA,ATM,ATM,Port Harcourt,Port Harcourt,0,
TXN0003822,ACC00072,2024-11-10 20:47:06,121030.88,MRT003,MTN Airtime Top-up,Telecom,Mobile App,Abuja,Abuja,0,
TXN0003776,ACC00071,2024-04-26 15:11:16,62111.62,MRT010,Konga Electronics,E-commerce,Web,Lagos,Lagos,0,
TXN0000083,ACC00002,2024-04-13 17:08:40,20086.48,MRT009,Bolt Ride Hailing,Transport,POS,Lagos,Lagos,0,
TXN0001145,ACC00022,2024-11-06 18:02:41,62157.68,MRT006,Chicken Republic VI,Food & Dining,POS,Abuja,Abuja,0,
TXN0000189,ACC00004,2024-12-03 03:12:18,145275.59,MRT001,Shoprite Ikeja,Grocery,USSD,Ibadan,Ibadan,0,
TXN0003385,ACC00064,2024-09-06 02:05:16,120651.2,MRT002,POS Terminal Lekki,POS,POS,Lagos,Lagos,0,
TXN0005430,ACC00105,2024-03-27 12:05:19,31280.35,MRT006,Chicken Republic VI,Food & Dining,POS,Kano,Kano,0,
TXN0002152,ACC00040,2024-01-05 02:51:36,57896.04,MRT008,ATM Withdrawal UBA,ATM,ATM,Abuja,Abuja,0,
TXN0000571,ACC00010,2024-12-24 15:36:15,81774.96,MRT007,EKEDC Electricity,Utilities,POS,Ibadan,Ibadan,0,
TXN0002203,ACC00041,2024-08-09 21:33:28,140357.09,MRT003,MTN Airtime Top-up,Telecom,POS,Ibadan,Ibadan,0,
TXN0004486,ACC00086,2024-05-31 04:55:05,69526.11,MRT002,POS Terminal Lekki,POS,USSD,Port Harcourt,Port Harcourt,0,
TXN0003943,ACC00074,2024-01-31 03:58:31,16535.61,MRT010,Konga Electronics,E-commerce,Mobile App,Ibadan,Ibadan,0,
TXN0000339,ACC00007,2024-06-23 18:03:58,102176.29,MRT008,ATM Withdrawal UBA,ATM,POS,Port Harcourt,Port Harcourt,0,
TXN0000911,ACC00018,2024-05-08 09:26:56,909.33,MRT004,Netflix Subscription,Streaming,Mobile App,Abuja,Abuja,0,
TXN0000743,ACC00015,2024-01-24 16:21:58,42326.51,MRT002,POS Terminal Lekki,POS,Web,Abuja,Abuja,0,
TXN0005442,ACC00105,2024-08-25 16:07:46,59630.53,MRT002,POS Terminal Lekki,POS,USSD,Kano,Kano,0,
TXN0001193,ACC00024,2024-03-22 18:40:06,59858.31,MRT003,MTN Airtime Top-up,Telecom,Mobile App,Lagos,Lagos,0,
TXN0005373,ACC00103,2024-06-06 07:07:43,56865.53,MRT001,Shoprite Ikeja,Grocery,USSD,Lagos,Lagos,0,
TXN0002768,ACC00053,2024-05-13 03:13:29,72844.69,MRT006,Chicken Republic VI,Food & Dining,USSD,Kano,Kano,0,
TXN0005837,ACC00111,2024-01-16 08:20:45,10639.1,MRT005,Jumia Online Store,E-commerce,Web,Ibadan,Ibadan,0,
TXN0002931,ACC00056,2024-05-22 15:51:05,58982.79,MRT005,Jumia Online Store,E-commerce,Mobile App,Abuja,Abuja,0,
TXN0004079,ACC00077,2024-11-11 08:18:22,1000000,MRT014,FX Bureau Lagos,FX,Mobile App,Ibadan,Ibadan,1,Suspicious round amount: possible structuring
TXN0005860,ACC00111,2024-10-29 13:08:31,5253.73,MRT001,Shoprite Ikeja,Grocery,POS,Ibadan,Ibadan,0,
TXN0000908,ACC00018,2024-03-18 13:47:57,124809.07,MRT005,Jumia Online Store,E-commerce,Web,Abuja,Abuja,0,
TXN0005796,ACC00110,2024-05-14 15:38:23,15638.67,MRT002,POS Terminal Lekki,POS,POS,Lagos,Lagos,0,
TXN0000980,ACC00019,2024-04-21 07:27:01,22391.04,MRT005,Jumia Online Store,E-commerce,Mobile App,Kano,Kano,0,
TXN0005503,ACC00106,2024-10-25 21:01:42,122501.68,MRT005,Jumia Online Store,E-commerce,Web,Ibadan,Ibadan,0,
TXN0002882,ACC00055,2024-04-22 00:09:44,145435.75,MRT002,POS Terminal Lekki,POS,ATM,Lagos,Lagos,0,
TXN0005647,ACC00108,2024-01-30 05:32:53,29434.42,MRT009,Bolt Ride Hailing,Transport,USSD,Kano,Kano,0,
TXN0005056,ACC00097,2024-11-05 11:16:10,43670.2,MRT002,POS Terminal Lekki,POS,Web,Kano,Kano,0,
TXN0001137,ACC00022,2024-01-29 02:41:10,44490.65,MRT009,Bolt Ride Hailing,Transport,Mobile App,Abuja,Abuja,0,
TXN0000665,ACC00013,2024-03-20 18:53:34,91235.57,MRT009,Bolt Ride Hailing,Transport,Web,Port Harcourt,Port Harcourt,0,
TXN0000062,ACC00002,2024-03-28 07:22:33,136307.51,MRT003,MTN Airtime Top-up,Telecom,Web,Lagos,Lagos,0,
TXN0003748,ACC00070,2024-07-15 08:28:59,34172.72,MRT002,POS Terminal Lekki,POS,Web,Port Harcourt,Port Harcourt,0,
TXN0005100,ACC00098,2024-05-03 20:55:36,117035.59,MRT007,EKEDC Electricity,Utilities,Web,Ibadan,Ibadan,0,
TXN0002841,ACC00055,2024-01-21 15:27:35,41252.04,MRT008,ATM Withdrawal UBA,ATM,Mobile App,Lagos,Lagos,0,
TXN0004191,ACC00080,2024-05-20 23:20:20,111507.27,MRT007,EKEDC Electricity,Utilities,ATM,Abuja,Abuja,0,
TXN0001574,ACC00031,2024-02-01 05:54:41,114187.74,MRT008,ATM Withdrawal UBA,ATM,POS,Ibadan,Ibadan,0,
TXN0000118,ACC00003,2024-08-28 16:07:09,74901.25,MRT004,Netflix Subscription,Streaming,USSD,Kano,Kano,0,
TXN0002396,ACC00044,2024-10-16 04:20:25,86139.43,MRT002,POS Terminal Lekki,POS,Web,Kano,Kano,0,
TXN0001155,ACC00022,2024-09-19 11:01:31,92267.13,MRT008,ATM Withdrawal UBA,ATM,USSD,Abuja,Abuja,0,
TXN0001879,ACC00035,2024-12-18 04:24:21,146132.07,MRT002,POS Terminal Lekki,POS,Web,Port Harcourt,Port Harcourt,0,
TXN0001292,ACC00025,2024-06-27 18:57:27,23838.01,MRT006,Chicken Republic VI,Food & Dining,POS,Port Harcourt,Port Harcourt,0,
TXN0003622,ACC00068,2024-03-22 07:34:21,115735.93,MRT009,Bolt Ride Hailing,Transport,USSD,Abuja,Abuja,0,
TXN0006124,ACC00117,2024-06-18 10:55:45,88211.13,MRT002,POS Terminal Lekki,POS,Mobile App,Kano,Kano,0,
TXN0001342,ACC00026,2024-03-28 14:34:59,51597.03,MRT003,MTN Airtime Top-up,Telecom,ATM,Ibadan,Ibadan,0,
TXN0005025,ACC00097,2024-03-07 21:29:10,38488.34,MRT005,Jumia Online Store,E-commerce,POS,Kano,Kano,0,
TXN0003355,ACC00063,2024-05-23 09:06:49,44127.54,MRT005,Jumia Online Store,E-commerce,POS,Lagos,Lagos,0,
TXN0003486,ACC00066,2024-06-18 19:03:49,143988.34,MRT001,Shoprite Ikeja,Grocery,POS,Lagos,Lagos,0,
TXN0005072,ACC00097,2024-05-05 19:15:21,60124.08,MRT002,POS Terminal Lekki,POS,USSD,Kano,Kano,0,
TXN0001401,ACC00027,2024-03-10 05:23:43,100977.53,MRT003,MTN Airtime Top-up,Telecom,USSD,Kano,Kano,0,
TXN0006215,ACC00119,2024-04-11 08:01:41,91016.96,MRT008,ATM Withdrawal UBA,ATM,Web,Kano,Kano,0,
TXN0000454,ACC00009,2024-05-25 10:13:43,67556.3,MRT007,EKEDC Electricity,Utilities,ATM,Lagos,Lagos,0,
TXN0004587,ACC00087,2024-10-08 13:22:46,138462.92,MRT008,ATM Withdrawal UBA,ATM,Mobile App,Kano,Kano,0,
TXN0000517,ACC00010,2024-06-27 06:10:08,36859.58,MRT010,Konga Electronics,E-commerce,Web,Ibadan,Ibadan,0,
TXN0001862,ACC00035,2024-11-15 16:45:33,70928.15,MRT008,ATM Withdrawal UBA,ATM,ATM,Port Harcourt,Port Harcourt,0,
TXN0005771,ACC00110,2024-08-15 06:28:11,33541.17,MRT004,Netflix Subscription,Streaming,POS,Lagos,Lagos,0,
TXN0006269,ACC00120,2024-06-27 13:20:10,258764.91,MRT014,FX Bureau Lagos,FX,Web,Nairobi,Ibadan,1,Geographic anomaly: transaction far from home city
TXN0003036,ACC00058,2024-06-20 01:11:37,39072.04,MRT003,MTN Airtime Top-up,Telecom,POS,Lagos,Lagos,0,
TXN0004804,ACC00092,2024-05-15 22:00:23,126027.09,MRT007,EKEDC Electricity,Utilities,Mobile App,Ibadan,Ibadan,0,
TXN0002099,ACC00038,2024-03-23 15:00:44,253798.42,MRT011,Unknown Vendor XJ9,Unknown,Web,Ibadan,Abuja,1,Unknown or unregistered merchant
TXN0004496,ACC00086,2024-09-21 03:11:05,59068.33,MRT004,Netflix Subscription,Streaming,USSD,Port Harcourt,Port Harcourt,0,
TXN0003575,ACC00068,2024-09-03 13:45:55,34325.5,MRT010,Konga Electronics,E-commerce,Web,Abuja,Abuja,0,
TXN0003752,ACC00070,2024-01-23 00:36:16,102872.04,MRT002,POS Terminal Lekki,POS,ATM,Port Harcourt,Port Harcourt,0,
TXN0004301,ACC00081,2024-08-20 20:10:23,54698.56,MRT002,POS Terminal Lekki,POS,Mobile App,Abuja,Abuja,0,
TXN0003072,ACC00058,2024-07-15 03:10:58,86613.76,MRT003,MTN Airtime Top-up,Telecom,Web,Lagos,Lagos,0,
TXN0005269,ACC00101,2024-05-20 14:33:28,9536.46,MRT006,Chicken Republic VI,Food & Dining,USSD,Kano,Kano,0,
TXN0003127,ACC00059,2024-06-11 22:53:59,49146.86,MRT008,ATM Withdrawal UBA,ATM,ATM,Lagos,Lagos,0,
TXN0002767,ACC00053,2024-09-02 03:20:07,128293.93,MRT010,Konga Electronics,E-commerce,Mobile App,Kano,Kano,0,
TXN0001156,ACC00022,2024-01-17 09:55:15,55993.88,MRT008,ATM Withdrawal UBA,ATM,POS,Abuja,Abuja,0,
TXN0002178,ACC00041,2024-03-16 11:58:17,136949.96,MRT010,Konga Electronics,E-commerce,POS,Ibadan,Ibadan,0,
TXN0000038,ACC00001,2024-10-07 02:51:26,47674.42,MRT004,Netflix Subscription,Streaming,USSD,Lagos,Lagos,0,
TXN0004661,ACC00088,2024-03-06 05:07:28,135015.13,MRT005,Jumia Online Store,E-commerce,Web,Abuja,Abuja,0,
TXN0005031,ACC00097,2024-06-26 06:49:34,77117.6,MRT009,Bolt Ride Hailing,Transport,POS,Kano,Kano,0,
TXN0002044,ACC00038,2024-06-19 21:50:32,109891.69,MRT008,ATM Withdrawal UBA,ATM,ATM,Abuja,Abuja,0,
TXN0001884,ACC00035,2024-11-17 06:35:53,18217.6,MRT008,ATM Withdrawal UBA,ATM,Web,Port Harcourt,Port Harcourt,0,
TXN0002978,ACC00057,2024-02-24 02:15:50,82289.56,MRT004,Netflix Subscription,Streaming,POS,Lagos,Lagos,0,
TXN0005683,ACC00109,2024-03-05 00:22:14,141029.78,MRT005,Jumia Online Store,E-commerce,ATM,Port Harcourt,Port Harcourt,0,
TXN0001212,ACC00024,2024-08-19 20:28:41,119616.72,MRT004,Netflix Subscription,Streaming,USSD,Lagos,Lagos,0,
TXN0001630,ACC00032,2024-03-26 09:11:01,90743.58,MRT005,Jumia Online Store,E-commerce,USSD,Port Harcourt,Port Harcourt,0,
TXN0002511,ACC00047,2024-12-12 11:50:42,291392.32,MRT013,Wire Transfer INT,Wire Transfer,Web,London,Abuja,1,Geographic anomaly: transaction far from home city
TXN0002623,ACC00050,2024-07-23 15:29:31,116600.59,MRT010,Konga Electronics,E-commerce,Web,Kano,Kano,0,
TXN0000659,ACC00012,2024-12-23 06:02:04,92603.36,MRT007,EKEDC Electricity,Utilities,ATM,Kano,Kano,0,
TXN0004434,ACC00084,2024-05-27 08:41:10,6537.28,MRT008,ATM Withdrawal UBA,ATM,ATM,Ibadan,Ibadan,0,
TXN0003549,ACC00067,2024-05-07 15:00:50,100419.28,MRT008,ATM Withdrawal UBA,ATM,USSD,Lagos,Lagos,0,
TXN0001633,ACC00032,2024-07-08 23:47:57,88941.34,MRT004,Netflix Subscription,Streaming,ATM,Port Harcourt,Port Harcourt,0,
TXN0001962,ACC00036,2024-07-05 20:20:14,97636.1,MRT003,MTN Airtime Top-up,Telecom,ATM,Ibadan,Ibadan,0,
TXN0000797,ACC00016,2024-03-07 08:16:17,146570.13,MRT005,Jumia Online Store,E-commerce,ATM,Ibadan,Ibadan,0,
TXN0001149,ACC00022,2024-05-01 21:30:22,33175.64,MRT006,Chicken Republic VI,Food & Dining,USSD,Abuja,Abuja,0,
TXN0003714,ACC00070,2024-01-21 08:43:55,110911.74,MRT007,EKEDC Electricity,Utilities,USSD,Port Harcourt,Port Harcourt,0,
TXN0000084,ACC00002,2024-06-19 03:32:16,18653.2,MRT008,ATM Withdrawal UBA,ATM,USSD,Lagos,Lagos,0,
TXN0002602,ACC00050,2024-09-11 12:26:26,34269.72,MRT005,Jumia Online Store,E-commerce,ATM,Kano,Kano,0,
TXN0000901,ACC00018,2024-06-10 20:37:47,57347.94,MRT008,ATM Withdrawal UBA,ATM,USSD,Abuja,Abuja,0,
TXN0001466,ACC00028,2024-02-25 19:34:59,39078.89,MRT010,Konga Electronics,E-commerce,POS,Ibadan,Ibadan,0,
TXN0003059,ACC00058,2024-11-25 04:09:31,119831.73,MRT009,Bolt Ride Hailing,Transport,USSD,Lagos,Lagos,0,
TXN0003482,ACC00066,2024-04-09 04:06:25,112273.72,MRT010,Konga Electronics,E-commerce,Mobile App,Lagos,Lagos,0,
TXN0002261,ACC00042,2024-07-14 21:18:02,61809.36,MRT006,Chicken Republic VI,Food & Dining,Web,Abuja,Abuja,0,
TXN0005749,ACC00110,2024-11-15 23:10:00,49624.72,MRT008,ATM Withdrawal UBA,ATM,USSD,Lagos,Lagos,0,
TXN0001225,ACC00024,2024-01-06 17:14:43,32969.62,MRT008,ATM Withdrawal UBA,ATM,ATM,Lagos,Lagos,0,
TXN0004832,ACC00092,2024-02-17 15:03:28,31479.31,MRT001,Shoprite Ikeja,Grocery,ATM,Ibadan,Ibadan,0,
TXN0002295,ACC00043,2024-05-08 22:53:53,95485.34,MRT003,MTN Airtime Top-up,Telecom,POS,Abuja,Abuja,0,
TXN0002720,ACC00052,2024-09-20 22:35:39,143288.12,MRT010,Konga Electronics,E-commerce,POS,Port Harcourt,Port Harcourt,0,
TXN0006045,ACC00115,2024-10-27 22:32:05,80553.34,MRT002,POS Terminal Lekki,POS,ATM,Port Harcourt,Port Harcourt,0,
TXN0005242,ACC00101,2024-12-25 01:28:29,112292.01,MRT009,Bolt Ride Hailing,Transport,Mobile App,Kano,Kano,0,
TXN0000382,ACC00007,2024-05-03 16:54:54,59246.71,MRT003,MTN Airtime Top-up,Telecom,USSD,Port Harcourt,Port Harcourt,0,
TXN0001698,ACC00032,2024-07-28 02:21:58,101720.98,MRT008,ATM Withdrawal UBA,ATM,Mobile App,Port Harcourt,Port Harcourt,0,
TXN0006150,ACC00118,2024-12-21 16:37:06,1296.74,MRT009,Bolt Ride Hailing,Transport,Web,Port Harcourt,Port Harcourt,0,
TXN0000590,ACC00011,2024-09-05 17:41:44,59639.57,MRT007,EKEDC Electricity,Utilities,USSD,Abuja,Abuja,0,
TXN0006054,ACC00115,2024-11-02 13:12:02,90568.49,MRT007,EKEDC Electricity,Utilities,ATM,Port Harcourt,Port Harcourt,0,
TXN0001635,ACC00032,2024-04-06 05:57:23,65420.18,MRT006,Chicken Republic VI,Food & Dining,Web,Port Harcourt,Port Harcourt,0,
TXN0003180,ACC00060,2024-09-28 13:32:03,56665.06,MRT002,POS Terminal Lekki,POS,Mobile App,Port Harcourt,Port Harcourt,0,
TXN0004246,ACC00081,2024-07-31 11:33:27,81049.44,MRT005,Jumia Online Store,E-commerce,ATM,Abuja,Abuja,0,
TXN0001819,ACC00034,2024-09-10 00:45:47,75943.61,MRT005,Jumia Online Store,E-commerce,POS,Abuja,Abuja,0,
TXN0006266,ACC00120,2024-04-10 13:49:26,100000,MRT014,FX Bureau Lagos,FX,Mobile App,Ibadan,Ibadan,1,Suspicious round amount: possible structuring
TXN0004221,ACC00080,2024-09-15 17:57:00,31976.82,MRT006,Chicken Republic VI,Food & Dining,ATM,Abuja,Abuja,0,
TXN0005589,ACC00108,2024-02-13 19:04:22,110044.47,MRT005,Jumia Online Store,E-commerce,USSD,Kano,Kano,0,
TXN0004023,ACC00076,2024-11-09 23:00:23,15679.89,MRT002,POS Terminal Lekki,POS,Web,Port Harcourt,Port Harcourt,0,
TXN0004101,ACC00078,2024-06-07 15:49:06,66657.87,MRT008,ATM Withdrawal UBA,ATM,ATM,Abuja,Abuja,0,
TXN0001883,ACC00035,2024-01-06 11:33:37,65556.23,MRT009,Bolt Ride Hailing,Transport,ATM,Port Harcourt,Port Harcourt,0,
TXN0004384,ACC00083,2024-08-04 00:58:09,4521.46,MRT003,MTN Airtime Top-up,Telecom,Mobile App,Port Harcourt,Port Harcourt,0,
TXN0005646,ACC00108,2024-11-26 08:14:35,42991.88,MRT010,Konga Electronics,E-commerce,POS,Kano,Kano,0,
TXN0005087,ACC00098,2024-05-23 03:04:36,141141.4,MRT003,MTN Airtime Top-up,Telecom,ATM,Ibadan,Ibadan,0,
TXN0000199,ACC00004,2024-01-28 00:34:59,111274.87,MRT003,MTN Airtime Top-up,Telecom,Mobile App,Ibadan,Ibadan,0,
TXN0000274,ACC00006,2024-06-10 03:07:10,59769.87,MRT001,Shoprite Ikeja,Grocery,POS,Abuja,Abuja,0,
TXN0004144,ACC00079,2024-08-12 06:25:40,112868.87,MRT007,EKEDC Electricity,Utilities,USSD,Kano,Kano,0,
TXN0003898,ACC00073,2024-06-22 11:24:24,83512.02,MRT007,EKEDC Electricity,Utilities,USSD,Lagos,Lagos,0,
TXN0003567,ACC00067,2024-02-19 01:11:39,46401.05,MRT006,Chicken Republic VI,Food & Dining,ATM,Lagos,Lagos,0,
TXN0002226,ACC00042,2024-08-12 06:46:07,46183.0,MRT003,MTN Airtime Top-up,Telecom,Mobile App,Abuja,Abuja,0,
TXN0004036,ACC00077,2024-01-05 08:19:55,9469.1,MRT006,Chicken Republic VI,Food & Dining,Mobile App,Ibadan,Ibadan,0,
TXN0002130,ACC00039,2024-06-16 23:38:28,41468.32,MRT007,EKEDC Electricity,Utilities,USSD,Ibadan,Ibadan,0,
TXN0000628,ACC00011,2024-09-29 09:46:08,37826.75,MRT003,MTN Airtime Top-up,Telecom,POS,Abuja,Abuja,0,
TXN0005917,ACC00112,2024-01-01 13:53:19,114323.69,MRT004,Netflix Subscription,Streaming,Mobile App,Abuja,Abuja,0,
TXN0006097,ACC00117,2024-12-11 02:58:45,44827.77,MRT008,ATM Withdrawal UBA,ATM,Mobile App,Kano,Kano,0,
TXN0005630,ACC00108,2024-05-15 21:42:35,27140.16,MRT008,ATM Withdrawal UBA,ATM,Mobile App,Kano,Kano,0,
TXN0006220,ACC00119,2024-04-27 11:36:28,72723.83,MRT009,Bolt Ride Hailing,Transport,Mobile App,Kano,Kano,0,
TXN0002612,ACC00050,2024-11-02 08:40:19,129326.24,MRT001,Shoprite Ikeja,Grocery,Web,Kano,Kano,0,
TXN0002321,ACC00043,2024-10-22 06:44:15,123030.77,MRT003,MTN Airtime Top-up,Telecom,ATM,Abuja,Abuja,0,
TXN0006064,ACC00116,2024-04-19 13:04:35,105571.03,MRT004,Netflix Subscription,Streaming,Mobile App,Ibadan,Ibadan,0,
TXN0002469,ACC00046,2024-04-16 06:34:22,15143.05,MRT001,Shoprite Ikeja,Grocery,Web,Abuja,Abuja,0,
TXN0001717,ACC00033,2024-02-18 05:24:46,62864.94,MRT005,Jumia Online Store,E-commerce,ATM,Lagos,Lagos,0,
TXN0000003,ACC00001,2024-05-11 01:43:59,42099.36,MRT007,EKEDC Electricity,Utilities,ATM,Lagos,Lagos,0,
TXN0002925,ACC00056,2024-04-11 01:54:23,102357.41,MRT010,Konga Electronics,E-commerce,USSD,Abuja,Abuja,0,
TXN0000765,ACC00016,2024-02-09 05:41:17,45613.89,MRT006,Chicken Republic VI,Food & Dining,Web,Ibadan,Ibadan,0,
TXN0001140,ACC00022,2024-05-26 10:38:34,72802.67,MRT010,Konga Electronics,E-commerce,Web,Abuja,Abuja,0,
TXN0002232,ACC00042,2024-12-20 20:47:15,86294.87,MRT010,Konga Electronics,E-commerce,ATM,Abuja,Abuja,0,
TXN0005053,ACC00097,2024-09-17 18:34:56,137972.78,MRT009,Bolt Ride Hailing,Transport,ATM,Kano,Kano,0,
TXN0003949,ACC00074,2024-09-10 20:14:08,44971.75,MRT001,Shoprite Ikeja,Grocery,Mobile App,Ibadan,Ibadan,0,
TXN0001254,ACC00025,2024-04-24 19:52:08,81470.09,MRT005,Jumia Online Store,E-commerce,ATM,Port Harcourt,Port Harcourt,0,
TXN0002344,ACC00044,2024-04-08 04:55:50,75346.7,MRT005,Jumia Online Store,E-commerce,USSD,Kano,Kano,0,
TXN0003596,ACC00068,2024-05-28 03:51:13,17369.22,MRT005,Jumia Online Store,E-commerce,ATM,Abuja,Abuja,0,
TXN0006034,ACC00114,2024-12-23 18:48:27,94488.6,MRT001,Shoprite Ikeja,Grocery,Mobile App,Lagos,Lagos,0,
TXN0002020,ACC00037,2024-12-10 16:50:34,93841.77,MRT009,Bolt Ride Hailing,Transport,USSD,Port Harcourt,Port Harcourt,0,
TXN0004875,ACC00093,2024-08-08 18:27:17,149352.75,MRT002,POS Terminal Lekki,POS,ATM,Ibadan,Ibadan,0,
TXN0004979,ACC00096,2024-01-04 13:20:27,24459.49,MRT007,EKEDC Electricity,Utilities,Web,Port Harcourt,Port Harcourt,0,
TXN0005481,ACC00106,2024-08-09 00:13:05,57523.65,MRT005,Jumia Online Store,E-commerce,USSD,Ibadan,Ibadan,0,
TXN0001360,ACC00026,2024-10-03 12:29:57,28004.48,MRT006,Chicken Republic VI,Food & Dining,ATM,Ibadan,Ibadan,0,
TXN0004916,ACC00094,2024-10-22 04:10:19,421483.91,MRT014,FX Bureau Lagos,FX,Web,New York,Abuja,1,Geographic anomaly: transaction far from home city
TXN0004639,ACC00088,2024-06-17 05:15:31,107654.28,MRT010,Konga Electronics,E-commerce,POS,Abuja,Abuja,0,
TXN0005734,ACC00109,2024-10-15 06:48:01,140060.55,MRT007,EKEDC Electricity,Utilities,USSD,Port Harcourt,Port Harcourt,0,
TXN0004247,ACC00081,2024-01-18 06:53:50,50224.51,MRT005,Jumia Online Store,E-commerce,ATM,Abuja,Abuja,0,
TXN0004153,ACC00079,2024-01-07 08:39:15,135597.72,MRT004,Netflix Subscription,Streaming,POS,Kano,Kano,0,
TXN0000982,ACC00019,2024-01-13 13:07:02,122196.92,MRT006,Chicken Republic VI,Food & Dining,Mobile App,Kano,Kano,0,
TXN0001027,ACC00020,2024-07-03 01:53:07,80253.43,MRT003,MTN Airtime Top-up,Telecom,Web,Port Harcourt,Port Harcourt,0,
TXN0005264,ACC00101,2024-07-08 01:45:04,75412.54,MRT001,Shoprite Ikeja,Grocery,POS,Kano,Kano,0,
TXN0003424,ACC00065,2024-06-22 10:55:11,78680.84,MRT010,Konga Electronics,E-commerce,Web,Port Harcourt,Port Harcourt,0,
TXN0002707,ACC00052,2024-03-04 21:33:40,52716.8,MRT004,Netflix Subscription,Streaming,ATM,Port Harcourt,Port Harcourt,0,
TXN0000909,ACC00018,2024-05-19 00:04:23,44655.0,MRT007,EKEDC Electricity,Utilities,Mobile App,Abuja,Abuja,0,
TXN0003891,ACC00073,2024-12-09 00:08:47,30408.72,MRT009,Bolt Ride Hailing,Transport,Web,Lagos,Lagos,0,
TXN0000598,ACC00011,2024-11-24 08:47:49,92795.72,MRT008,ATM Withdrawal UBA,ATM,POS,Abuja,Abuja,0,
TXN0002735,ACC00053,2024-11-04 06:17:51,62233.74,MRT008,ATM Withdrawal UBA,ATM,ATM,Kano,Kano,0,
TXN0003021,ACC00058,2024-10-10 04:52:48,121205.81,MRT001,Shoprite Ikeja,Grocery,USSD,Lagos,Lagos,0,
TXN0004136,ACC00079,2024-11-20 00:03:08,86292.74,MRT006,Chicken Republic VI,Food & Dining,POS,Kano,Kano,0,
TXN0002287,ACC00042,2024-02-11 02:55:21,48843.49,MRT006,Chicken Republic VI,Food & Dining,Mobile App,Abuja,Abuja,0,
TXN0001904,ACC00036,2024-07-12 20:58:48,112299.59,MRT005,Jumia Online Store,E-commerce,ATM,Ibadan,Ibadan,0,
TXN0004499,ACC00086,2024-12-04 04:49:55,96073.63,MRT009,Bolt Ride Hailing,Transport,USSD,Port Harcourt,Port Harcourt,0,
TXN0003536,ACC00067,2024-03-06 22:05:37,15467.23,MRT003,MTN Airtime Top-up,Telecom,POS,Lagos,Lagos,0,
TXN0004027,ACC00076,2024-06-11 01:17:50,985324.03,MRT014,FX Bureau Lagos,FX,Mobile App,Port Harcourt,Port Harcourt,1,Large transaction at unusual hour (1am–4am)
TXN0003342,ACC00063,2024-06-03 19:52:46,101892.13,MRT003,MTN Airtime Top-up,Telecom,POS,Lagos,Lagos,0,
TXN0003474,ACC00066,2024-08-17 01:24:43,86326.17,MRT005,Jumia Online Store,E-commerce,USSD,Lagos,Lagos,0,
TXN0002291,ACC00043,2024-04-27 02:30:10,75186.62,MRT010,Konga Electronics,E-commerce,Mobile App,Abuja,Abuja,0,
TXN0005359,ACC00103,2024-05-28 00:25:00,15251.21,MRT001,Shoprite Ikeja,Grocery,ATM,Lagos,Lagos,0,
TXN0003631,ACC00068,2024-05-05 08:20:21,17166.35,MRT001,Shoprite Ikeja,Grocery,USSD,Abuja,Abuja,0,
TXN0000910,ACC00018,2024-07-31 21:01:24,136598.32,MRT008,ATM Withdrawal UBA,ATM,ATM,Abuja,Abuja,0,
TXN0004683,ACC00089,2024-07-07 01:31:43,7510.03,MRT003,MTN Airtime Top-up,Telecom,USSD,Ibadan,Ibadan,0,
TXN0003107,ACC00059,2024-12-01 17:44:58,148965.05,MRT003,MTN Airtime Top-up,Telecom,Mobile App,Lagos,Lagos,0,
TXN0005889,ACC00111,2024-10-06 16:45:05,4103.91,MRT009,Bolt Ride Hailing,Transport,Web,Ibadan,Ibadan,0,
TXN0002500,ACC00047,2024-04-22 15:35:57,72727.14,MRT005,Jumia Online Store,E-commerce,POS,Abuja,Abuja,0,
TXN0003257,ACC00061,2024-04-10 17:21:19,40049.5,MRT008,ATM Withdrawal UBA,ATM,ATM,Kano,Kano,0,
TXN0002762,ACC00053,2024-05-31 18:31:19,73910.03,MRT002,POS Terminal Lekki,POS,Mobile App,Kano,Kano,0,
TXN0002089,ACC00038,2024-04-14 12:45:02,144539.47,MRT009,Bolt Ride Hailing,Transport,Mobile App,Abuja,Abuja,0,
TXN0005309,ACC00102,2024-01-06 06:15:36,130582.3,MRT008,ATM Withdrawal UBA,ATM,POS,Kano,Kano,0,
TXN0005275,ACC00101,2024-03-05 23:06:51,28871.02,MRT008,ATM Withdrawal UBA,ATM,Web,Kano,Kano,0,
TXN0000718,ACC00014,2024-12-25 15:20:11,105258.48,MRT007,EKEDC Electricity,Utilities,POS,Lagos,Lagos,0,
TXN0000150,ACC00003,2024-07-10 07:35:39,15030.2,MRT002,POS Terminal Lekki,POS,USSD,Kano,Kano,0,
TXN0003417,ACC00065,2024-03-21 04:03:36,22938.23,MRT004,Netflix Subscription,Streaming,USSD,Port Harcourt,Port Harcourt,0,
TXN0003794,ACC00071,2024-08-02 12:00:24,105129.46,MRT008,ATM Withdrawal UBA,ATM,POS,Lagos,Lagos,0,
TXN0005381,ACC00104,2024-12-11 01:13:15,33352.86,MRT002,POS Terminal Lekki,POS,ATM,Kano,Kano,0,
TXN0002982,ACC00057,2024-10-14 02:40:35,139439.86,MRT010,Konga Electronics,E-commerce,USSD,Lagos,Lagos,0,
TXN0006258,ACC00120,2024-11-18 17:02:51,71363.24,MRT001,Shoprite Ikeja,Grocery,ATM,Ibadan,Ibadan,0,
TXN0003423,ACC00065,2024-07-26 16:16:02,130956.03,MRT009,Bolt Ride Hailing,Transport,Mobile App,Port Harcourt,Port Harcourt,0,
TXN0004128,ACC00079,2024-08-22 00:57:32,10573.62,MRT002,POS Terminal Lekki,POS,Mobile App,Kano,Kano,0,
TXN0001924,ACC00036,2024-09-11 19:58:24,142658.95,MRT010,Konga Electronics,E-commerce,POS,Ibadan,Ibadan,0,
TXN0004341,ACC00082,2024-03-02 14:18:24,117318.27,MRT001,Shoprite Ikeja,Grocery,Mobile App,Abuja,Abuja,0,
TXN0001076,ACC00021,2024-02-28 08:20:31,24024.92,MRT003,MTN Airtime Top-up,Telecom,USSD,Ibadan,Ibadan,0,
TXN0004779,ACC00092,2024-10-29 14:51:41,112517.1,MRT010,Konga Electronics,E-commerce,Mobile App,Ibadan,Ibadan,0,
TXN0003773,ACC00071,2024-05-21 03:16:20,82456.72,MRT008,ATM Withdrawal UBA,ATM,ATM,Lagos,Lagos,0,
TXN0004622,ACC00088,2024-06-05 10:11:40,68309.27,MRT002,POS Terminal Lekki,POS,Mobile App,Abuja,Abuja,0,
TXN0003732,ACC00070,2024-01-26 19:49:40,80772.49,MRT003,MTN Airtime Top-up,Telecom,Web,Port Harcourt,Port Harcourt,0,
TXN0005744,ACC00110,2024-04-22 19:44:37,25945.08,MRT005,Jumia Online Store,E-commerce,POS,Lagos,Lagos,0,
TXN0002512,ACC00047,2024-06-19 07:47:16,687550.22,MRT013,Wire Transfer INT,Wire Transfer,Web,London,Abuja,1,Foreign transaction: cross-border anomaly
TXN0003542,ACC00067,2024-05-21 23:28:40,100430.58,MRT010,Konga Electronics,E-commerce,Mobile App,Lagos,Lagos,0,
TXN0001235,ACC00024,2024-10-16 05:20:10,78378.47,MRT009,Bolt Ride Hailing,Transport,POS,Lagos,Lagos,0,
TXN0003692,ACC00069,2024-12-10 22:56:11,121177.12,MRT002,POS Terminal Lekki,POS,POS,Abuja,Abuja,0,
TXN0001350,ACC00026,2024-12-19 00:30:48,98606.65,MRT003,MTN Airtime Top-up,Telecom,USSD,Ibadan,Ibadan,0,
TXN0002918,ACC00056,2024-11-08 20:53:35,93737.76,MRT008,ATM Withdrawal UBA,ATM,Web,Abuja,Abuja,0,
TXN0001179,ACC00023,2024-08-05 14:50:27,139810.76,MRT009,Bolt Ride Hailing,Transport,POS,Abuja,Abuja,0,
TXN0003683,ACC00069,2024-03-06 10:39:21,144558.16,MRT001,Shoprite Ikeja,Grocery,USSD,Abuja,Abuja,0,
TXN0006142,ACC00118,2024-12-23 21:51:07,121030.4,MRT004,Netflix Subscription,Streaming,Mobile App,Port Harcourt,Port Harcourt,0,
TXN0006235,ACC00120,2024-06-01 03:44:54,83539.65,MRT003,MTN Airtime Top-up,Telecom,Web,Ibadan,Ibadan,0,
TXN0000098,ACC00003,2024-05-04 23:10:56,147125.81,MRT004,Netflix Subscription,Streaming,Web,Kano,Kano,0,
TXN0000299,ACC00006,2024-09-27 01:29:51,94944.51,MRT008,ATM Withdrawal UBA,ATM,Web,Abuja,Abuja,0,
TXN0000071,ACC00002,2024-08-11 19:00:40,114584.8,MRT001,Shoprite Ikeja,Grocery,Web,Lagos,Lagos,0,
TXN0005623,ACC00108,2024-06-13 01:54:36,123915.51,MRT006,Chicken Republic VI,Food & Dining,Web,Kano,Kano,0,
TXN0000523,ACC00010,2024-03-30 05:34:44,135240.31,MRT004,Netflix Subscription,Streaming,USSD,Ibadan,Ibadan,0,
TXN0003524,ACC00067,2024-03-09 21:05:59,1886.46,MRT010,Konga Electronics,E-commerce,USSD,Lagos,Lagos,0,
TXN0000985,ACC00019,2024-09-26 02:37:56,139009.48,MRT001,Shoprite Ikeja,Grocery,ATM,Kano,Kano,0,
TXN0002148,ACC00040,2024-01-26 13:12:34,101795.89,MRT002,POS Terminal Lekki,POS,USSD,Abuja,Abuja,0,
TXN0001903,ACC00036,2024-02-15 09:02:48,7102.24,MRT006,Chicken Republic VI,Food & Dining,Web,Ibadan,Ibadan,0,
TXN0002453,ACC00045,2024-09-14 08:02:16,389.44,MRT004,Netflix Subscription,Streaming,Mobile App,Lagos,Lagos,1,Velocity spike: multiple transactions in short window
TXN0006093,ACC00117,2024-05-29 05:41:38,113327.46,MRT005,Jumia Online Store,E-commerce,ATM,Kano,Kano,0,
TXN0002280,ACC00042,2024-06-12 18:22:04,148398.95,MRT001,Shoprite Ikeja,Grocery,POS,Abuja,Abuja,0,
TXN0004478,ACC00086,2024-02-04 23:23:52,106840.18,MRT002,POS Terminal Lekki,POS,ATM,Port Harcourt,Port Harcourt,0,
TXN0005199,ACC00100,2024-09-13 21:32:50,105517.24,MRT010,Konga Electronics,E-commerce,Web,Abuja,Abuja,0,
TXN0003438,ACC00065,2024-10-20 10:10:17,148839.53,MRT008,ATM Withdrawal UBA,ATM,POS,Port Harcourt,Port Harcourt,0,
TXN0005402,ACC00104,2024-07-22 04:45:44,32735.11,MRT008,ATM Withdrawal UBA,ATM,Web,Kano,Kano,0,
TXN0003654,ACC00069,2024-03-29 11:28:39,107775.9,MRT006,Chicken Republic VI,Food & Dining,USSD,Abuja,Abuja,0,
TXN0005724,ACC00109,2024-01-27 12:45:50,119263.38,MRT006,Chicken Republic VI,Food & Dining,ATM,Port Harcourt,Port Harcourt,0,
TXN0004201,ACC00080,2024-05-10 12:47:03,89898.33,MRT003,MTN Airtime Top-up,Telecom,USSD,Abuja,Abuja,0,
TXN0006180,ACC00119,2024-03-28 18:48:40,87343.84,MRT007,EKEDC Electricity,Utilities,USSD,Kano,Kano,0,
TXN0003071,ACC00058,2024-05-01 21:14:28,12685.14,MRT002,POS Terminal Lekki,POS,ATM,Lagos,Lagos,0,
TXN0005836,ACC00111,2024-02-21 17:53:21,40043.85,MRT006,Chicken Republic VI,Food & Dining,Web,Ibadan,Ibadan,0,
TXN0004507,ACC00086,2024-12-28 15:26:26,104464.85,MRT001,Shoprite Ikeja,Grocery,POS,Port Harcourt,Port Harcourt,0,
TXN0005377,ACC00104,2024-06-03 02:37:41,41729.07,MRT008,ATM Withdrawal UBA,ATM,Web,Kano,Kano,0,
TXN0002635,ACC00050,2024-04-05 03:59:32,2365.42,MRT002,POS Terminal Lekki,POS,ATM,Kano,Kano,0,
TXN0004188,ACC00080,2024-02-11 08:37:19,83474.61,MRT003,MTN Airtime Top-up,Telecom,Web,Abuja,Abuja,0,
TXN0003128,ACC00059,2024-02-14 23:30:46,69978.02,MRT003,MTN Airtime Top-up,Telecom,POS,Lagos,Lagos,0,
TXN0001815,ACC00034,2024-11-08 11:26:37,93873.56,MRT004,Netflix Subscription,Streaming,Mobile App,Abuja,Abuja,0,
TXN0005834,ACC00111,2024-03-15 22:54:11,123972.75,MRT009,Bolt Ride Hailing,Transport,ATM,Ibadan,Ibadan,0,
TXN0003933,ACC00074,2024-01-17 04:18:00,120793.05,MRT007,EKEDC Electricity,Utilities,Web,Ibadan,Ibadan,0,
TXN0001288,ACC00025,2024-12-11 18:25:34,1482.04,MRT005,Jumia Online Store,E-commerce,Web,Port Harcourt,Port Harcourt,0,
TXN0005982,ACC00113,2024-07-26 16:18:22,24895.69,MRT003,MTN Airtime Top-up,Telecom,POS,Kano,Kano,0,
TXN0005439,ACC00105,2024-10-19 17:10:21,131261.52,MRT005,Jumia Online Store,E-commerce,POS,Kano,Kano,0,
TXN0001422,ACC00028,2024-08-01 14:18:42,115171.37,MRT006,Chicken Republic VI,Food & Dining,Mobile App,Ibadan,Ibadan,0,
TXN0005846,ACC00111,2024-04-30 05:22:04,143235.35,MRT002,POS Terminal Lekki,POS,Web,Ibadan,Ibadan,0,
TXN0000473,ACC00009,2024-08-03 20:54:13,7509.17,MRT008,ATM Withdrawal UBA,ATM,POS,Lagos,Lagos,0,
TXN0005688,ACC00109,2024-05-08 20:27:44,32710.5,MRT004,Netflix Subscription,Streaming,POS,Port Harcourt,Port Harcourt,0,
TXN0000417,ACC00008,2024-06-11 06:58:13,140121.43,MRT003,MTN Airtime Top-up,Telecom,Mobile App,Ibadan,Ibadan,0,
TXN0005244,ACC00101,2024-09-29 06:43:58,101132.38,MRT001,Shoprite Ikeja,Grocery,Mobile App,Kano,Kano,0,
TXN0000935,ACC00019,2024-02-27 17:33:35,133863.25,MRT009,Bolt Ride Hailing,Transport,USSD,Kano,Kano,0,
TXN0000475,ACC00009,2024-09-27 10:03:53,61534.75,MRT007,EKEDC Electricity,Utilities,POS,Lagos,Lagos,0,
TXN0006012,ACC00114,2024-04-10 20:18:11,52423.85,MRT001,Shoprite Ikeja,Grocery,Mobile App,Lagos,Lagos,0,
TXN0001853,ACC00035,2024-11-14 23:40:48,3650.59,MRT005,Jumia Online Store,E-commerce,USSD,Port Harcourt,Port Harcourt,0,
TXN0001098,ACC00021,2024-12-14 08:21:23,78545.61,MRT007,EKEDC Electricity,Utilities,POS,Ibadan,Ibadan,0,
TXN0002271,ACC00042,2024-04-24 05:37:36,80430.75,MRT002,POS Terminal Lekki,POS,ATM,Abuja,Abuja,0,
TXN0002975,ACC00057,2024-09-27 21:20:17,87624.49,MRT002,POS Terminal Lekki,POS,POS,Lagos,Lagos,0,
TXN0000160,ACC00003,2024-01-09 07:03:57,118125.79,MRT001,Shoprite Ikeja,Grocery,Web,Kano,Kano,0,
TXN0005420,ACC00105,2024-07-11 18:53:36,45012.71,MRT007,EKEDC Electricity,Utilities,ATM,Kano,Kano,0,
TXN0001118,ACC00022,2024-03-03 10:11:12,144703.25,MRT007,EKEDC Electricity,Utilities,Mobile App,Abuja,Abuja,0,
TXN0000006,ACC00001,2024-10-30 09:37:11,113257.86,MRT001,Shoprite Ikeja,Grocery,Web,Lagos,Lagos,0,
TXN0000131,ACC00003,2024-08-29 03:07:30,101825.79,MRT005,Jumia Online Store,E-commerce,Web,Kano,Kano,0,
TXN0001218,ACC00024,2024-11-10 02:38:34,62229.13,MRT005,Jumia Online Store,E-commerce,Mobile App,Lagos,Lagos,0,
TXN0002440,ACC00045,2024-07-08 17:44:22,78075.72,MRT002,POS Terminal Lekki,POS,USSD,Lagos,Lagos,0,
TXN0003143,ACC00059,2024-01-25 15:32:04,78038.03,MRT001,Shoprite Ikeja,Grocery,POS,Lagos,Lagos,0,
TXN0002483,ACC00046,2024-11-06 03:17:10,1914709.38,MRT015,Sports Betting GG,Gambling,Mobile App,Abuja,Abuja,1,Large transaction at unusual hour (1am–4am)
TXN0001467,ACC00028,2024-06-01 06:25:18,105092.39,MRT003,MTN Airtime Top-up,Telecom,POS,Ibadan,Ibadan,0,
TXN0003755,ACC00070,2024-12-16 02:46:18,102805.33,MRT002,POS Terminal Lekki,POS,Mobile App,Port Harcourt,Port Harcourt,0,
TXN0004711,ACC00090,2024-05-24 15:59:06,88156.53,MRT004,Netflix Subscription,Streaming,Web,Abuja,Abuja,0,
TXN0006231,ACC00120,2024-10-14 06:05:39,40285.76,MRT009,Bolt Ride Hailing,Transport,ATM,Ibadan,Ibadan,0,
TXN0004735,ACC00090,2024-06-29 07:13:48,39420.93,MRT006,Chicken Republic VI,Food & Dining,POS,Abuja,Abuja,0,
TXN0004436,ACC00084,2024-01-02 02:03:24,132926.02,MRT005,Jumia Online Store,E-commerce,ATM,Ibadan,Ibadan,0,
TXN0001138,ACC00022,2024-11-07 19:57:50,143528.05,MRT009,Bolt Ride Hailing,Transport,USSD,Abuja,Abuja,0,
TXN0003921,ACC00073,2024-07-10 03:53:26,100611.49,MRT001,Shoprite Ikeja,Grocery,ATM,Lagos,Lagos,0,
TXN0000054,ACC00002,2024-08-08 20:00:38,9504.43,MRT010,Konga Electronics,E-commerce,Mobile App,Lagos,Lagos,0,
TXN0005864,ACC00111,2024-01-13 02:35:35,51175.14,MRT001,Shoprite Ikeja,Grocery,ATM,Ibadan,Ibadan,0,
TXN0004402,ACC00083,2024-06-14 00:13:39,91836.84,MRT003,MTN Airtime Top-up,Telecom,ATM,Port Harcourt,Port Harcourt,0,
TXN0003497,ACC00066,2024-01-08 07:53:47,379.96,MRT007,EKEDC Electricity,Utilities,Mobile App,Lagos,Lagos,1,Velocity spike: multiple transactions in short window
TXN0000717,ACC00014,2024-04-01 22:52:21,39518.15,MRT005,Jumia Online Store,E-commerce,POS,Lagos,Lagos,0,
TXN0004211,ACC00080,2024-11-02 15:04:16,134609.89,MRT003,MTN Airtime Top-up,Telecom,ATM,Abuja,Abuja,0,
TXN0000607,ACC00011,2024-07-07 04:52:57,29671.71,MRT003,MTN Airtime Top-up,Telecom,ATM,Abuja,Abuja,0,
TXN0004103,ACC00078,2024-07-29 04:57:06,31166.75,MRT005,Jumia Online Store,E-commerce,ATM,Abuja,Abuja,0,
TXN0000586,ACC00011,2024-09-08 15:31:02,101732.33,MRT002,POS Terminal Lekki,POS,Web,Abuja,Abuja,0,
TXN0000940,ACC00019,2024-09-06 20:09:07,60789.91,MRT007,EKEDC Electricity,Utilities,Web,Kano,Kano,0,
TXN0003496,ACC00066,2024-12-11 09:46:50,60519.18,MRT001,Shoprite Ikeja,Grocery,POS,Lagos,Lagos,0,
TXN0000661,ACC00012,2024-02-24 09:01:01,88641.3,MRT002,POS Terminal Lekki,POS,ATM,Kano,Kano,0,
TXN0004709,ACC00090,2024-05-09 01:12:42,20850.73,MRT001,Shoprite Ikeja,Grocery,Mobile App,Abuja,Abuja,0,
TXN0001439,ACC00028,2024-05-25 07:56:34,116779.66,MRT001,Shoprite Ikeja,Grocery,Mobile App,Ibadan,Ibadan,0,
TXN0000499,ACC00010,2024-04-05 10:22:11,82821.06,MRT008,ATM Withdrawal UBA,ATM,POS,Ibadan,Ibadan,0,
TXN0003100,ACC00059,2024-10-20 03:50:57,4588.84,MRT003,MTN Airtime Top-up,Telecom,Mobile App,Lagos,Lagos,0,
TXN0002950,ACC00057,2024-10-09 18:58:21,113494.17,MRT007,EKEDC Electricity,Utilities,ATM,Lagos,Lagos,0,
TXN0002055,ACC00038,2024-12-11 06:36:49,32729.43,MRT005,Jumia Online Store,E-commerce,ATM,Abuja,Abuja,0,
TXN0000788,ACC00016,2024-09-30 14:27:33,64982.84,MRT001,Shoprite Ikeja,Grocery,Web,Ibadan,Ibadan,0,
TXN0000691,ACC00013,2024-06-25 18:45:02,54338.52,MRT009,Bolt Ride Hailing,Transport,ATM,Port Harcourt,Port Harcourt,0,
TXN0004850,ACC00093,2024-12-24 01:22:34,125830.44,MRT005,Jumia Online Store,E-commerce,ATM,Ibadan,Ibadan,0,
TXN0004854,ACC00093,2024-04-13 07:20:25,62513.2,MRT007,EKEDC Electricity,Utilities,Mobile App,Ibadan,Ibadan,0,
TXN0000032,ACC00001,2024-08-03 14:37:02,103746.1,MRT004,Netflix Subscription,Streaming,ATM,Lagos,Lagos,0,
TXN0003795,ACC00071,2024-09-24 22:55:40,146430.65,MRT004,Netflix Subscription,Streaming,Web,Lagos,Lagos,0,
TXN0003505,ACC00067,2024-03-19 07:59:36,24911.69,MRT005,Jumia Online Store,E-commerce,POS,Lagos,Lagos,0,
TXN0003793,ACC00071,2024-07-25 17:26:37,61747.14,MRT010,Konga Electronics,E-commerce,USSD,Lagos,Lagos,0,
TXN0005093,ACC00098,2024-08-24 08:06:45,60720.53,MRT010,Konga Electronics,E-commerce,Web,Ibadan,Ibadan,0,
TXN0000411,ACC00008,2024-05-08 06:33:34,15531.46,MRT008,ATM Withdrawal UBA,ATM,Web,Ibadan,Ibadan,0,
TXN0003382,ACC00064,2024-03-21 09:26:51,69446.35,MRT010,Konga Electronics,E-commerce,Web,Lagos,Lagos,0,
TXN0005295,ACC00102,2024-09-19 04:45:22,75157.23,MRT005,Jumia Online Store,E-commerce,ATM,Kano,Kano,0,
TXN0003515,ACC00067,2024-06-10 05:16:19,31943.96,MRT004,Netflix Subscription,Streaming,Mobile App,Lagos,Lagos,0,
TXN0006243,ACC00120,2024-08-10 16:27:13,89306.24,MRT003,MTN Airtime Top-up,Telecom,Mobile App,Ibadan,Ibadan,0,
TXN0002218,ACC00041,2024-04-19 10:59:17,117577.67,MRT006,Chicken Republic VI,Food & Dining,ATM,Ibadan,Ibadan,0,
TXN0001676,ACC00032,2024-08-08 07:10:07,134793.15,MRT003,MTN Airtime Top-up,Telecom,POS,Port Harcourt,Port Harcourt,0,
TXN0003419,ACC00065,2024-07-12 17:03:43,85626.49,MRT008,ATM Withdrawal UBA,ATM,Mobile App,Port Harcourt,Port Harcourt,0,
TXN0003125,ACC00059,2024-08-20 04:17:32,81740.29,MRT006,Chicken Republic VI,Food & Dining,POS,Lagos,Lagos,0,
TXN0000015,ACC00001,2024-02-09 13:47:20,127618.84,MRT005,Jumia Online Store,E-commerce,USSD,Lagos,Lagos,0,
TXN0000022,ACC00001,2024-09-09 14:42:09,92578.9,MRT005,Jumia Online Store,E-commerce,USSD,Lagos,Lagos,0,
TXN0000421,ACC00008,2024-04-20 12:18:24,148370.37,MRT008,ATM Withdrawal UBA,ATM,USSD,Ibadan,Ibadan,0,
TXN0005649,ACC00108,2024-06-08 14:21:50,36758.51,MRT008,ATM Withdrawal UBA,ATM,ATM,Kano,Kano,0,
TXN0002097,ACC00038,2024-01-01 05:03:37,140059.27,MRT001,Shoprite Ikeja,Grocery,ATM,Abuja,Abuja,0,
TXN0002869,ACC00055,2024-12-12 04:11:35,116291.68,MRT009,Bolt Ride Hailing,Transport,USSD,Lagos,Lagos,0,
TXN0000166,ACC00003,2024-02-12 16:35:16,20204.58,MRT001,Shoprite Ikeja,Grocery,POS,Kano,Kano,0,
TXN0003963,ACC00074,2024-11-10 17:02:45,149377.7,MRT001,Shoprite Ikeja,Grocery,Mobile App,Ibadan,Ibadan,0,
TXN0004523,ACC00087,2024-04-22 18:43:54,17816.37,MRT001,Shoprite Ikeja,Grocery,POS,Kano,Kano,0,
TXN0001725,ACC00033,2024-05-18 19:04:26,8406.81,MRT003,MTN Airtime Top-up,Telecom,POS,Lagos,Lagos,0,
TXN0002656,ACC00051,2024-04-03 08:05:09,13213.38,MRT005,Jumia Online Store,E-commerce,USSD,Abuja,Abuja,0,
TXN0004195,ACC00080,2024-06-18 04:18:16,122351.59,MRT007,EKEDC Electricity,Utilities,Web,Abuja,Abuja,0,
TXN0004785,ACC00092,2024-02-26 09:12:48,7738.26,MRT007,EKEDC Electricity,Utilities,Web,Ibadan,Ibadan,0,
TXN0003718,ACC00070,2024-10-04 07:17:04,74543.64,MRT004,Netflix Subscription,Streaming,USSD,Port Harcourt,Port Harcourt,0,
TXN0000912,ACC00018,2024-12-18 04:44:04,125367.21,MRT002,POS Terminal Lekki,POS,ATM,Abuja,Abuja,0,
TXN0003219,ACC00060,2024-08-05 16:06:24,73768.98,MRT008,ATM Withdrawal UBA,ATM,POS,Port Harcourt,Port Harcourt,0,
TXN0001125,ACC00022,2024-01-05 03:49:41,127659.86,MRT004,Netflix Subscription,Streaming,USSD,Abuja,Abuja,0,
TXN0002679,ACC00051,2024-04-10 04:12:47,146783.32,MRT008,ATM Withdrawal UBA,ATM,ATM,Abuja,Abuja,0,
TXN0001205,ACC00024,2024-04-30 06:15:09,72506.93,MRT006,Chicken Republic VI,Food & Dining,Web,Lagos,Lagos,0,
TXN0006203,ACC00119,2024-04-07 19:38:26,15881.4,MRT007,EKEDC Electricity,Utilities,Web,Kano,Kano,0,
TXN0000176,ACC00003,2024-01-26 12:12:10,41614.89,MRT003,MTN Airtime Top-up,Telecom,USSD,Kano,Kano,0,
TXN0004624,ACC00088,2024-07-20 06:41:42,129085.11,MRT003,MTN Airtime Top-up,Telecom,Mobile App,Abuja,Abuja,0,
TXN0005348,ACC00103,2024-11-17 06:30:02,136476.92,MRT004,Netflix Subscription,Streaming,Web,Lagos,Lagos,0,
TXN0003237,ACC00061,2024-05-02 00:53:49,128754.6,MRT002,POS Terminal Lekki,POS,POS,Kano,Kano,0,
TXN0000033,ACC00001,2024-06-23 01:17:22,14411.48,MRT001,Shoprite Ikeja,Grocery,Web,Lagos,Lagos,0,
TXN0001568,ACC00031,2024-01-02 10:31:17,106287.04,MRT009,Bolt Ride Hailing,Transport,ATM,Ibadan,Ibadan,0,
TXN0001061,ACC00021,2024-06-22 07:04:33,27282.2,MRT003,MTN Airtime Top-up,Telecom,USSD,Ibadan,Ibadan,0,
TXN0000107,ACC00003,2024-05-11 11:37:09,104059.34,MRT010,Konga Electronics,E-commerce,Mobile App,Kano,Kano,0,
TXN0001504,ACC00029,2024-12-27 07:07:37,93675.65,MRT007,EKEDC Electricity,Utilities,ATM,Port Harcourt,Port Harcourt,0,
TXN0004404,ACC00083,2024-12-25 16:55:54,29842.31,MRT001,Shoprite Ikeja,Grocery,POS,Port Harcourt,Port Harcourt,0,
TXN0001482,ACC00029,2024-01-28 00:47:24,16757.32,MRT010,Konga Electronics,E-commerce,USSD,Port Harcourt,Port Harcourt,0,
TXN0005197,ACC00100,2024-04-21 00:29:34,69177.09,MRT002,POS Terminal Lekki,POS,POS,Abuja,Abuja,0,
TXN0003115,ACC00059,2024-05-26 02:31:21,101165.47,MRT004,Netflix Subscription,Streaming,POS,Lagos,Lagos,0,
TXN0000546,ACC00010,2024-10-31 15:29:55,129625.87,MRT006,Chicken Republic VI,Food & Dining,Mobile App,Ibadan,Ibadan,0,
TXN0003324,ACC00062,2024-07-29 18:46:57,27219.86,MRT005,Jumia Online Store,E-commerce,POS,Lagos,Lagos,0,
TXN0001597,ACC00031,2024-01-25 13:16:14,41447.06,MRT002,POS Terminal Lekki,POS,ATM,Ibadan,Ibadan,0,
TXN0000640,ACC00011,2024-11-02 03:31:21,134176.12,MRT006,Chicken Republic VI,Food & Dining,Mobile App,Abuja,Abuja,0,
TXN0006084,ACC00116,2024-05-24 12:22:21,74913.71,MRT010,Konga Electronics,E-commerce,Mobile App,Ibadan,Ibadan,0,
TXN0003277,ACC00061,2024-09-20 12:35:55,45375.91,MRT007,EKEDC Electricity,Utilities,Web,Kano,Kano,0,
TXN0002968,ACC00057,2024-04-25 19:40:37,18130.16,MRT002,POS Terminal Lekki,POS,Web,Lagos,Lagos,0,
TXN0005104,ACC00098,2024-03-26 06:25:20,61796.31,MRT006,Chicken Republic VI,Food & Dining,Mobile App,Ibadan,Ibadan,0,
TXN0001837,ACC00035,2024-09-07 05:15:13,144586.14,MRT001,Shoprite Ikeja,Grocery,ATM,Port Harcourt,Port Harcourt,0,
TXN0003782,ACC00071,2024-08-11 08:01:58,23027.15,MRT004,Netflix Subscription,Streaming,POS,Lagos,Lagos,0,
TXN0000597,ACC00011,2024-06-01 10:46:31,17577.69,MRT010,Konga Electronics,E-commerce,POS,Abuja,Abuja,0,
TXN0001214,ACC00024,2024-06-18 18:07:35,37859.47,MRT007,EKEDC Electricity,Utilities,ATM,Lagos,Lagos,0,
TXN0002068,ACC00038,2024-09-07 01:42:54,13230.23,MRT009,Bolt Ride Hailing,Transport,USSD,Abuja,Abuja,0,
TXN0001492,ACC00029,2024-05-23 09:24:24,145200.98,MRT009,Bolt Ride Hailing,Transport,Mobile App,Port Harcourt,Port Harcourt,0,
TXN0006241,ACC00120,2024-11-26 12:39:21,119041.38,MRT003,MTN Airtime Top-up,Telecom,Web,Ibadan,Ibadan,0,
TXN0003519,ACC00067,2024-11-29 00:24:53,53524.82,MRT002,POS Terminal Lekki,POS,POS,Lagos,Lagos,0,
TXN0001647,ACC00032,2024-08-31 10:18:05,105733.36,MRT008,ATM Withdrawal UBA,ATM,Mobile App,Port Harcourt,Port Harcourt,0,
TXN0005480,ACC00106,2024-08-02 10:35:14,106757.97,MRT006,Chicken Republic VI,Food & Dining,Web,Ibadan,Ibadan,0,
TXN0006022,ACC00114,2024-02-10 18:59:35,67284.91,MRT010,Konga Electronics,E-commerce,USSD,Lagos,Lagos,0,
TXN0003422,ACC00065,2024-05-07 23:18:11,10546.06,MRT009,Bolt Ride Hailing,Transport,USSD,Port Harcourt,Port Harcourt,0,
TXN0005150,ACC00099,2024-09-01 06:11:00,109727.67,MRT005,Jumia Online Store,E-commerce,USSD,Port Harcourt,Port Harcourt,0,
TXN0001396,ACC00027,2024-12-08 14:24:01,42077.88,MRT009,Bolt Ride Hailing,Transport,USSD,Kano,Kano,0,
TXN0004500,ACC00086,2024-04-21 09:30:24,81114.78,MRT002,POS Terminal Lekki,POS,Web,Port Harcourt,Port Harcourt,0,
TXN0005085,ACC00098,2024-05-27 15:09:56,45757.49,MRT001,Shoprite Ikeja,Grocery,Mobile App,Ibadan,Ibadan,0,
TXN0002576,ACC00049,2024-10-10 16:32:09,26921.92,MRT005,Jumia Online Store,E-commerce,Mobile App,Lagos,Lagos,0,
TXN0002421,ACC00045,2024-10-12 13:40:07,54652.75,MRT001,Shoprite Ikeja,Grocery,USSD,Lagos,Lagos,0,
TXN0000435,ACC00009,2024-02-15 14:23:38,55447.81,MRT005,Jumia Online Store,E-commerce,Web,Lagos,Lagos,0,
TXN0001513,ACC00029,2024-06-29 13:31:14,12196.07,MRT009,Bolt Ride Hailing,Transport,USSD,Port Harcourt,Port Harcourt,0,
TXN0000126,ACC00003,2024-08-10 02:42:21,86434.38,MRT006,Chicken Republic VI,Food & Dining,POS,Kano,Kano,0,
TXN0000240,ACC00005,2024-06-23 23:10:47,121739.54,MRT002,POS Terminal Lekki,POS,POS,Kano,Kano,0,
TXN0000905,ACC00018,2024-09-29 03:14:34,63114.45,MRT003,MTN Airtime Top-up,Telecom,Mobile App,Abuja,Abuja,0,
TXN0003455,ACC00066,2024-03-29 19:51:30,71061.26,MRT005,Jumia Online Store,E-commerce,POS,Lagos,Lagos,0,
TXN0006191,ACC00119,2024-08-21 11:03:48,20517.65,MRT010,Konga Electronics,E-commerce,Mobile App,Kano,Kano,0,
TXN0002076,ACC00038,2024-06-10 03:29:16,129017.44,MRT001,Shoprite Ikeja,Grocery,POS,Abuja,Abuja,0,
TXN0001157,ACC00022,2024-07-10 04:56:41,130380.94,MRT010,Konga Electronics,E-commerce,ATM,Abuja,Abuja,0,
TXN0002477,ACC00046,2024-08-02 05:57:10,132362.16,MRT010,Konga Electronics,E-commerce,ATM,Abuja,Abuja,0,
TXN0001600,ACC00031,2024-11-03 05:08:30,56731.59,MRT010,Konga Electronics,E-commerce,Web,Ibadan,Ibadan,0,
TXN0001745,ACC00033,2024-01-17 12:17:11,16618.7,MRT004,Netflix Subscription,Streaming,USSD,Lagos,Lagos,0,
TXN0001471,ACC00028,2024-08-22 17:47:28,19545.4,MRT010,Konga Electronics,E-commerce,Mobile App,Ibadan,Ibadan,0,
TXN0002154,ACC00040,2024-09-09 19:01:38,68384.48,MRT001,Shoprite Ikeja,Grocery,POS,Abuja,Abuja,0,
TXN0002133,ACC00039,2024-07-25 18:25:24,47778.17,MRT008,ATM Withdrawal UBA,ATM,ATM,Ibadan,Ibadan,0,
TXN0003980,ACC00075,2024-12-08 00:56:00,148580.34,MRT002,POS Terminal Lekki,POS,USSD,Kano,Kano,0,
TXN0003504,ACC00067,2024-05-07 04:09:29,139305.59,MRT006,Chicken Republic VI,Food & Dining,Web,Lagos,Lagos,0,
TXN0002887,ACC00055,2024-11-16 13:56:37,18953.65,MRT010,Konga Electronics,E-commerce,ATM,Lagos,Lagos,0,
TXN0002447,ACC00045,2024-02-02 20:37:31,76169.17,MRT002,POS Terminal Lekki,POS,POS,Lagos,Lagos,0,
TXN0002224,ACC00042,2024-06-15 12:38:24,31832.92,MRT007,EKEDC Electricity,Utilities,ATM,Abuja,Abuja,0,
TXN0006117,ACC00117,2024-10-26 19:35:17,71402.67,MRT003,MTN Airtime Top-up,Telecom,USSD,Kano,Kano,0,
TXN0004524,ACC00087,2024-12-14 02:41:07,1241.37,MRT009,Bolt Ride Hailing,Transport,USSD,Kano,Kano,0,
TXN0004522,ACC00087,2024-08-29 05:48:17,147596.02,MRT004,Netflix Subscription,Streaming,POS,Kano,Kano,0,
TXN0006168,ACC00119,2024-11-24 17:50:08,25862.1,MRT001,Shoprite Ikeja,Grocery,USSD,Kano,Kano,0,
TXN0002952,ACC00057,2024-02-14 10:58:22,127096.88,MRT001,Shoprite Ikeja,Grocery,Mobile App,Lagos,Lagos,0,
TXN0001993,ACC00037,2024-10-25 19:05:04,115629.19,MRT001,Shoprite Ikeja,Grocery,USSD,Port Harcourt,Port Harcourt,0,
TXN0001160,ACC00022,2024-11-06 09:44:08,72008.85,MRT007,EKEDC Electricity,Utilities,USSD,Abuja,Abuja,0,
TXN0001489,ACC00029,2024-12-22 17:03:20,107809.79,MRT007,EKEDC Electricity,Utilities,POS,Port Harcourt,Port Harcourt,0,
TXN0005030,ACC00097,2024-04-03 13:34:13,18938.26,MRT010,Konga Electronics,E-commerce,USSD,Kano,Kano,0,
TXN0006259,ACC00120,2024-12-03 23:51:43,58942.89,MRT003,MTN Airtime Top-up,Telecom,Web,Ibadan,Ibadan,0,
TXN0004530,ACC00087,2024-09-25 09:35:28,91049.47,MRT001,Shoprite Ikeja,Grocery,Mobile App,Kano,Kano,0,
TXN0003242,ACC00061,2024-06-10 16:55:51,10210.76,MRT001,Shoprite Ikeja,Grocery,USSD,Kano,Kano,0,
TXN0001278,ACC00025,2024-09-29 20:14:40,132482.19,MRT007,EKEDC Electricity,Utilities,Web,Port Harcourt,Port Harcourt,0,
TXN0003030,ACC00058,2024-01-05 19:00:32,46380.83,MRT002,POS Terminal Lekki,POS,POS,Lagos,Lagos,0,
TXN0002036,ACC00038,2024-07-20 19:38:39,16231.42,MRT004,Netflix Subscription,Streaming,USSD,Abuja,Abuja,0,
TXN0003529,ACC00067,2024-02-28 18:58:06,55077.67,MRT003,MTN Airtime Top-up,Telecom,Mobile App,Lagos,Lagos,0,
TXN0003104,ACC00059,2024-06-14 15:17:31,78373.64,MRT008,ATM Withdrawal UBA,ATM,ATM,Lagos,Lagos,0,
TXN0005159,ACC00100,2024-06-19 00:00:29,117847.57,MRT006,Chicken Republic VI,Food & Dining,USSD,Abuja,Abuja,0,
TXN0005941,ACC00112,2024-02-28 06:51:30,28772.33,MRT001,Shoprite Ikeja,Grocery,POS,Abuja,Abuja,0,
TXN0000685,ACC00013,2024-09-29 10:27:01,24992.98,MRT001,Shoprite Ikeja,Grocery,POS,Port Harcourt,Port Harcourt,0,
TXN0001381,ACC00027,2024-12-08 17:56:51,13981.86,MRT008,ATM Withdrawal UBA,ATM,POS,Kano,Kano,0,
TXN0003461,ACC00066,2024-01-08 13:33:47,31687.05,MRT004,Netflix Subscription,Streaming,POS,Lagos,Lagos,0,
TXN0001038,ACC00020,2024-06-28 03:18:11,11435.11,MRT009,Bolt Ride Hailing,Transport,Mobile App,Port Harcourt,Port Harcourt,0,
TXN0003873,ACC00073,2024-10-08 11:13:21,121165.08,MRT006,Chicken Republic VI,Food & Dining,Web,Lagos,Lagos,0,
TXN0005328,ACC00102,2024-12-05 22:29:59,33773.38,MRT003,MTN Airtime Top-up,Telecom,ATM,Kano,Kano,0,
TXN0005450,ACC00105,2024-08-11 13:09:45,96560.51,MRT009,Bolt Ride Hailing,Transport,USSD,Kano,Kano,0,
TXN0005955,ACC00112,2024-12-10 13:42:00,74783.66,MRT002,POS Terminal Lekki,POS,POS,Abuja,Abuja,0,
TXN0005268,ACC00101,2024-02-02 15:59:12,77065.68,MRT010,Konga Electronics,E-commerce,ATM,Kano,Kano,0,
TXN0004266,ACC00081,2024-05-20 08:46:05,114881.36,MRT002,POS Terminal Lekki,POS,POS,Abuja,Abuja,0,
TXN0003907,ACC00073,2024-08-07 15:55:53,6387.53,MRT010,Konga Electronics,E-commerce,USSD,Lagos,Lagos,0,
TXN0002718,ACC00052,2024-06-12 04:19:30,116270.47,MRT009,Bolt Ride Hailing,Transport,USSD,Port Harcourt,Port Harcourt,0,
TXN0005848,ACC00111,2024-01-11 22:28:55,109663.37,MRT010,Konga Electronics,E-commerce,USSD,Ibadan,Ibadan,0,
TXN0001684,ACC00032,2024-10-01 14:58:12,100000.22,MRT001,Shoprite Ikeja,Grocery,POS,Port Harcourt,Port Harcourt,0,
TXN0005412,ACC00104,2024-09-18 00:33:06,95721.66,MRT010,Konga Electronics,E-commerce,Web,Kano,Kano,0,
TXN0004470,ACC00086,2024-04-03 18:24:55,104762.22,MRT009,Bolt Ride Hailing,Transport,USSD,Port Harcourt,Port Harcourt,0,
TXN0000893,ACC00017,2024-08-19 14:34:13,51006.36,MRT009,Bolt Ride Hailing,Transport,Web,Abuja,Abuja,0,
TXN0003739,ACC00070,2024-03-29 19:07:35,125047.66,MRT001,Shoprite Ikeja,Grocery,Web,Port Harcourt,Port Harcourt,0,
TXN0006240,ACC00120,2024-12-08 01:45:42,97094.8,MRT003,MTN Airtime Top-up,Telecom,Mobile App,Ibadan,Ibadan,0,
TXN0000973,ACC00019,2024-10-02 21:22:29,75832.07,MRT003,MTN Airtime Top-up,Telecom,POS,Kano,Kano,0,
TXN0004234,ACC00081,2024-12-03 03:35:38,1612.09,MRT003,MTN Airtime Top-up,Telecom,Web,Abuja,Abuja,0,
TXN0000312,ACC00006,2024-04-29 00:44:54,90591.93,MRT008,ATM Withdrawal UBA,ATM,ATM,Abuja,Abuja,0,
TXN0004202,ACC00080,2024-05-26 08:28:28,15548.65,MRT002,POS Terminal Lekki,POS,Mobile App,Abuja,Abuja,0,
TXN0001164,ACC00023,2024-05-06 09:17:06,92110.33,MRT006,Chicken Republic VI,Food & Dining,POS,Abuja,Abuja,0,
TXN0005655,ACC00108,2024-05-06 20:45:26,18181.0,MRT003,MTN Airtime Top-up,Telecom,Mobile App,Kano,Kano,0,
TXN0003325,ACC00062,2024-06-10 23:16:59,67292.14,MRT001,Shoprite Ikeja,Grocery,POS,Lagos,Lagos,0,
TXN0000622,ACC00011,2024-10-31 19:19:32,122122.71,MRT004,Netflix Subscription,Streaming,Mobile App,Abuja,Abuja,0,
TXN0002628,ACC00050,2024-11-20 09:06:57,145787.03,MRT009,Bolt Ride Hailing,Transport,ATM,Kano,Kano,0,
TXN0001022,ACC00020,2024-05-31 06:25:13,80457.74,MRT002,POS Terminal Lekki,POS,USSD,Port Harcourt,Port Harcourt,0,
TXN0005586,ACC00107,2024-10-04 14:58:08,121395.17,MRT007,EKEDC Electricity,Utilities,Web,Ibadan,Ibadan,0,
TXN0005141,ACC00099,2024-05-03 11:13:27,57702.45,MRT004,Netflix Subscription,Streaming,POS,Port Harcourt,Port Harcourt,0,
TXN0002366,ACC00044,2024-08-22 17:09:04,50814.26,MRT007,EKEDC Electricity,Utilities,POS,Kano,Kano,0,
TXN0006069,ACC00116,2024-11-10 07:51:54,122200.09,MRT002,POS Terminal Lekki,POS,POS,Ibadan,Ibadan,0,
TXN0000501,ACC00010,2024-06-27 23:14:15,110049.45,MRT003,MTN Airtime Top-up,Telecom,POS,Ibadan,Ibadan,0,
TXN0001553,ACC00030,2024-02-03 13:10:45,19921.13,MRT010,Konga Electronics,E-commerce,USSD,Abuja,Abuja,0,
TXN0003339,ACC00063,2024-09-26 14:56:43,56448.34,MRT001,Shoprite Ikeja,Grocery,ATM,Lagos,Lagos,0,
TXN0004416,ACC00084,2024-11-26 04:51:28,21387.01,MRT004,Netflix Subscription,Streaming,Web,Ibadan,Ibadan,0,
TXN0005475,ACC00106,2024-03-16 16:37:32,68899.13,MRT005,Jumia Online Store,E-commerce,Web,Ibadan,Ibadan,0,
TXN0001236,ACC00024,2024-07-05 21:23:05,30209.18,MRT005,Jumia Online Store,E-commerce,Mobile App,Lagos,Lagos,0,
TXN0002046,ACC00038,2024-07-07 06:19:54,19843.09,MRT008,ATM Withdrawal UBA,ATM,USSD,Abuja,Abuja,0,
TXN0003687,ACC00069,2024-03-11 14:22:29,33146.89,MRT009,Bolt Ride Hailing,Transport,POS,Abuja,Abuja,0,
TXN0003789,ACC00071,2024-11-22 11:41:30,54759.54,MRT002,POS Terminal Lekki,POS,POS,Lagos,Lagos,0,
TXN0006096,ACC00117,2024-03-29 15:38:20,2883.89,MRT009,Bolt Ride Hailing,Transport,Web,Kano,Kano,0,
TXN0002270,ACC00042,2024-03-07 06:00:20,91244.79,MRT001,Shoprite Ikeja,Grocery,Web,Abuja,Abuja,0,
TXN0000979,ACC00019,2024-03-18 15:13:32,112652.66,MRT005,Jumia Online Store,E-commerce,Web,Kano,Kano,0,
TXN0000294,ACC00006,2024-10-17 05:29:43,53885.53,MRT001,Shoprite Ikeja,Grocery,Mobile App,Abuja,Abuja,0,
TXN0004261,ACC00081,2024-08-05 18:36:45,26996.89,MRT006,Chicken Republic VI,Food & Dining,Web,Abuja,Abuja,0,
TXN0004110,ACC00079,2024-05-27 08:40:29,131720.72,MRT010,Konga Electronics,E-commerce,Mobile App,Kano,Kano,0,
TXN0001756,ACC00034,2024-12-24 22:28:03,138111.34,MRT004,Netflix Subscription,Streaming,ATM,Abuja,Abuja,0,
TXN0004229,ACC00080,2024-05-21 10:40:37,58923.74,MRT003,MTN Airtime Top-up,Telecom,POS,Abuja,Abuja,0,
TXN0001559,ACC00030,2024-10-28 19:09:08,57728.45,MRT001,Shoprite Ikeja,Grocery,POS,Abuja,Abuja,0,
TXN0002011,ACC00037,2024-01-28 00:32:37,51076.39,MRT002,POS Terminal Lekki,POS,ATM,Port Harcourt,Port Harcourt,0,
TXN0005748,ACC00110,2024-03-07 07:00:26,136670.38,MRT009,Bolt Ride Hailing,Transport,POS,Lagos,Lagos,0,
TXN0002090,ACC00038,2024-04-05 15:49:56,97906.86,MRT009,Bolt Ride Hailing,Transport,Web,Abuja,Abuja,0,
TXN0001952,ACC00036,2024-08-30 06:20:03,51529.49,MRT005,Jumia Online Store,E-commerce,Web,Ibadan,Ibadan,0,
TXN0004310,ACC00082,2024-08-16 11:23:35,16470.89,MRT001,Shoprite Ikeja,Grocery,ATM,Abuja,Abuja,0,
TXN0004620,ACC00088,2024-03-29 21:34:47,112665.55,MRT010,Konga Electronics,E-commerce,Mobile App,Abuja,Abuja,0,
TXN0005667,ACC00109,2024-01-01 05:53:22,7365.68,MRT004,Netflix Subscription,Streaming,POS,Port Harcourt,Port Harcourt,0,
TXN0004521,ACC00087,2024-06-13 20:22:49,96800.56,MRT009,Bolt Ride Hailing,Transport,Web,Kano,Kano,0,
TXN0004823,ACC00092,2024-02-18 10:14:19,92612.51,MRT001,Shoprite Ikeja,Grocery,ATM,Ibadan,Ibadan,0,
TXN0002856,ACC00055,2024-03-05 17:14:53,50157.22,MRT003,MTN Airtime Top-up,Telecom,ATM,Lagos,Lagos,0,
TXN0005715,ACC00109,2024-04-26 14:48:53,69189.62,MRT010,Konga Electronics,E-commerce,POS,Port Harcourt,Port Harcourt,0,
TXN0004946,ACC00095,2024-07-31 00:17:48,92661.99,MRT007,EKEDC Electricity,Utilities,USSD,Port Harcourt,Port Harcourt,0,
TXN0001299,ACC00025,2024-12-24 00:27:54,52515.57,MRT006,Chicken Republic VI,Food & Dining,ATM,Port Harcourt,Port Harcourt,0,
TXN0004447,ACC00085,2024-03-12 18:08:52,10144.92,MRT003,MTN Airtime Top-up,Telecom,POS,Lagos,Lagos,0,
TXN0005027,ACC00097,2024-03-22 15:49:16,131911.72,MRT009,Bolt Ride Hailing,Transport,Mobile App,Kano,Kano,0,
TXN0001882,ACC00035,2024-05-22 21:15:51,142112.9,MRT003,MTN Airtime Top-up,Telecom,Mobile App,Port Harcourt,Port Harcourt,0,
TXN0003371,ACC00064,2024-09-22 09:18:00,57811.34,MRT002,POS Terminal Lekki,POS,ATM,Lagos,Lagos,0,
TXN0004568,ACC00087,2024-11-26 00:22:12,41149.27,MRT009,Bolt Ride Hailing,Transport,Mobile App,Kano,Kano,0,
TXN0000489,ACC00009,2024-12-21 03:12:38,104496.13,MRT004,Netflix Subscription,Streaming,Web,Lagos,Lagos,0,
TXN0000377,ACC00007,2024-08-04 15:22:10,113367.29,MRT006,Chicken Republic VI,Food & Dining,Web,Port Harcourt,Port Harcourt,0,
TXN0006059,ACC00116,2024-02-04 17:39:58,8710.35,MRT006,Chicken Republic VI,Food & Dining,Mobile App,Ibadan,Ibadan,0,
TXN0000362,ACC00007,2024-12-01 14:35:27,63011.14,MRT010,Konga Electronics,E-commerce,Web,Port Harcourt,Port Harcourt,0,
TXN0002684,ACC00052,2024-02-02 10:11:17,76138.39,MRT007,EKEDC Electricity,Utilities,POS,Port Harcourt,Port Harcourt,0,
TXN0004656,ACC00088,2024-01-01 06:06:05,96710.64,MRT007,EKEDC Electricity,Utilities,Web,Abuja,Abuja,0,
TXN0002134,ACC00039,2024-03-16 13:52:45,12730.43,MRT006,Chicken Republic VI,Food & Dining,USSD,Ibadan,Ibadan,0,
TXN0003332,ACC00062,2024-08-09 00:06:02,6575.83,MRT008,ATM Withdrawal UBA,ATM,POS,Lagos,Lagos,0,
TXN0005799,ACC00110,2024-07-02 03:02:29,27665.76,MRT008,ATM Withdrawal UBA,ATM,Mobile App,Lagos,Lagos,0,
TXN0006100,ACC00117,2024-01-20 08:16:04,84612.06,MRT003,MTN Airtime Top-up,Telecom,POS,Kano,Kano,0,
TXN0005903,ACC00112,2024-02-12 12:56:40,5363.09,MRT010,Konga Electronics,E-commerce,POS,Abuja,Abuja,0,
TXN0001243,ACC00024,2024-02-05 11:55:27,51094.1,MRT010,Konga Electronics,E-commerce,Mobile App,Lagos,Lagos,0,
TXN0000555,ACC00010,2024-02-22 14:51:14,1511.72,MRT005,Jumia Online Store,E-commerce,ATM,Ibadan,Ibadan,0,
TXN0000067,ACC00002,2024-02-01 05:46:20,6459.19,MRT010,Konga Electronics,E-commerce,ATM,Lagos,Lagos,0,
TXN0004360,ACC00082,2024-01-01 13:36:46,29416.16,MRT008,ATM Withdrawal UBA,ATM,Mobile App,Abuja,Abuja,0,
TXN0002793,ACC00054,2024-01-26 17:21:22,42900.33,MRT007,EKEDC Electricity,Utilities,Web,Ibadan,Ibadan,0,
TXN0002388,ACC00044,2024-03-26 14:03:12,100056.94,MRT005,Jumia Online Store,E-commerce,Mobile App,Kano,Kano,0,
TXN0005598,ACC00108,2024-01-03 02:10:11,140468.81,MRT006,Chicken Republic VI,Food & Dining,Web,Kano,Kano,0,
TXN0004694,ACC00089,2024-03-09 20:47:11,57748.39,MRT008,ATM Withdrawal UBA,ATM,USSD,Ibadan,Ibadan,0,
TXN0003206,ACC00060,2024-05-08 05:18:57,115910.81,MRT010,Konga Electronics,E-commerce,USSD,Port Harcourt,Port Harcourt,0,
TXN0000554,ACC00010,2024-08-18 14:40:36,29734.46,MRT010,Konga Electronics,E-commerce,Mobile App,Ibadan,Ibadan,0,
TXN0000833,ACC00017,2024-08-22 22:48:51,28596.39,MRT002,POS Terminal Lekki,POS,Web,Abuja,Abuja,0,
TXN0004391,ACC00083,2024-05-22 09:21:17,125294.59,MRT005,Jumia Online Store,E-commerce,ATM,Port Harcourt,Port Harcourt,0,
TXN0003939,ACC00074,2024-11-30 03:07:04,31349.73,MRT006,Chicken Republic VI,Food & Dining,ATM,Ibadan,Ibadan,0,
TXN0003239,ACC00061,2024-05-09 04:39:44,134711.6,MRT006,Chicken Republic VI,Food & Dining,Web,Kano,Kano,0,
TXN0000354,ACC00007,2024-04-25 12:17:04,11409.47,MRT008,ATM Withdrawal UBA,ATM,Mobile App,Port Harcourt,Port Harcourt,0,
TXN0002875,ACC00055,2024-03-16 06:44:21,95990.7,MRT007,EKEDC Electricity,Utilities,POS,Lagos,Lagos,0,
TXN0004703,ACC00090,2024-02-23 16:17:42,106062.2,MRT008,ATM Withdrawal UBA,ATM,USSD,Abuja,Abuja,0,
TXN0001969,ACC00036,2024-01-20 18:37:44,1677.21,MRT006,Chicken Republic VI,Food & Dining,ATM,Ibadan,Ibadan,0,
TXN0004858,ACC00093,2024-02-18 06:46:41,6083.94,MRT005,Jumia Online Store,E-commerce,POS,Ibadan,Ibadan,0,
TXN0001327,ACC00026,2024-05-26 06:13:42,135953.02,MRT010,Konga Electronics,E-commerce,USSD,Ibadan,Ibadan,0,
TXN0004814,ACC00092,2024-12-27 05:57:17,63657.74,MRT001,Shoprite Ikeja,Grocery,POS,Ibadan,Ibadan,0,
TXN0005581,ACC00107,2024-07-05 14:02:23,124870.29,MRT004,Netflix Subscription,Streaming,USSD,Ibadan,Ibadan,0,
TXN0001566,ACC00030,2024-01-08 02:41:01,1352603.48,MRT011,Unknown Vendor XJ9,Unknown,Mobile App,Abuja,Abuja,1,Large transaction at unusual hour (1am–4am)
TXN0002227,ACC00042,2024-07-13 02:28:32,51303.43,MRT006,Chicken Republic VI,Food & Dining,ATM,Abuja,Abuja,0,
TXN0000842,ACC00017,2024-07-15 04:07:08,95493.77,MRT007,EKEDC Electricity,Utilities,Mobile App,Abuja,Abuja,0,
TXN0006159,ACC00119,2024-10-26 23:19:40,122657.07,MRT010,Konga Electronics,E-commerce,Mobile App,Kano,Kano,0,
TXN0002424,ACC00045,2024-05-18 02:16:54,27355.12,MRT008,ATM Withdrawal UBA,ATM,Mobile App,Lagos,Lagos,0,
TXN0004962,ACC00095,2024-01-03 23:34:02,4203.59,MRT001,Shoprite Ikeja,Grocery,USSD,Port Harcourt,Port Harcourt,0,
TXN0003540,ACC00067,2024-11-10 08:23:20,47058.92,MRT001,Shoprite Ikeja,Grocery,ATM,Lagos,Lagos,0,
TXN0002750,ACC00053,2024-03-20 03:12:17,14443.18,MRT002,POS Terminal Lekki,POS,ATM,Kano,Kano,0,
TXN0005606,ACC00108,2024-01-24 03:53:49,60017.08,MRT008,ATM Withdrawal UBA,ATM,ATM,Kano,Kano,0,
TXN0001959,ACC00036,2024-11-08 11:47:42,13601.45,MRT005,Jumia Online Store,E-commerce,Web,Ibadan,Ibadan,0,
TXN0003835,ACC00072,2024-07-01 05:21:30,109868.93,MRT005,Jumia Online Store,E-commerce,USSD,Abuja,Abuja,0,
TXN0000252,ACC00005,2024-11-11 19:25:53,100682.4,MRT003,MTN Airtime Top-up,Telecom,USSD,Kano,Kano,0,
TXN0004940,ACC00095,2024-09-01 20:33:50,82232.3,MRT001,Shoprite Ikeja,Grocery,Mobile App,Port Harcourt,Port Harcourt,0,
TXN0000306,ACC00006,2024-06-18 16:40:55,111624.5,MRT007,EKEDC Electricity,Utilities,ATM,Abuja,Abuja,0,
TXN0004463,ACC00085,2024-10-21 05:53:04,130007.88,MRT005,Jumia Online Store,E-commerce,Mobile App,Lagos,Lagos,0,
TXN0001308,ACC00026,2024-08-09 22:12:44,82448.78,MRT001,Shoprite Ikeja,Grocery,POS,Ibadan,Ibadan,0,
TXN0000859,ACC00017,2024-09-22 19:11:34,72519.89,MRT002,POS Terminal Lekki,POS,POS,Abuja,Abuja,0,
TXN0000246,ACC00005,2024-01-26 14:20:34,14628.64,MRT006,Chicken Republic VI,Food & Dining,ATM,Kano,Kano,0,
TXN0004134,ACC00079,2024-06-01 22:32:05,25466.69,MRT003,MTN Airtime Top-up,Telecom,ATM,Kano,Kano,0,
TXN0001070,ACC00021,2024-09-10 20:41:43,55111.87,MRT007,EKEDC Electricity,Utilities,Mobile App,Ibadan,Ibadan,0,
TXN0002268,ACC00042,2024-09-12 03:53:40,107180.44,MRT004,Netflix Subscription,Streaming,ATM,Abuja,Abuja,0,
TXN0001239,ACC00024,2024-11-04 12:15:18,87912.18,MRT005,Jumia Online Store,E-commerce,ATM,Lagos,Lagos,0,
TXN0001349,ACC00026,2024-09-24 09:35:03,136479.63,MRT009,Bolt Ride Hailing,Transport,ATM,Ibadan,Ibadan,0,
TXN0003043,ACC00058,2024-07-28 21:16:42,90286.54,MRT001,Shoprite Ikeja,Grocery,POS,Lagos,Lagos,0,
TXN0004528,ACC00087,2024-09-07 13:05:57,92369.03,MRT006,Chicken Republic VI,Food & Dining,Mobile App,Kano,Kano,0,
TXN0005018,ACC00097,2024-01-13 21:26:51,91527.68,MRT007,EKEDC Electricity,Utilities,Web,Kano,Kano,0,
TXN0004954,ACC00095,2024-05-20 07:42:35,104700.14,MRT004,Netflix Subscription,Streaming,ATM,Port Harcourt,Port Harcourt,0,
TXN0005793,ACC00110,2024-06-23 21:41:06,13349.26,MRT004,Netflix Subscription,Streaming,POS,Lagos,Lagos,0,
TXN0000500,ACC00010,2024-04-09 22:27:33,144992.99,MRT008,ATM Withdrawal UBA,ATM,ATM,Ibadan,Ibadan,0,
TXN0005703,ACC00109,2024-05-04 15:47:49,83344.51,MRT006,Chicken Republic VI,Food & Dining,Web,Port Harcourt,Port Harcourt,0,
TXN0001196,ACC00024,2024-02-10 08:40:58,92906.27,MRT005,Jumia Online Store,E-commerce,Mobile App,Lagos,Lagos,0,
TXN0003566,ACC00067,2024-11-18 08:53:14,18481.52,MRT002,POS Terminal Lekki,POS,POS,Lagos,Lagos,0,
TXN0004931,ACC00095,2024-05-09 02:39:54,136546.46,MRT001,Shoprite Ikeja,Grocery,POS,Port Harcourt,Port Harcourt,0,
TXN0005604,ACC00108,2024-12-25 04:44:16,126446.47,MRT007,EKEDC Electricity,Utilities,USSD,Kano,Kano,0,
TXN0005659,ACC00108,2024-11-19 17:22:40,500000,MRT015,Sports Betting GG,Gambling,Web,Kano,Kano,1,Suspicious round amount: possible structuring
TXN0000297,ACC00006,2024-02-21 19:28:03,53168.71,MRT001,Shoprite Ikeja,Grocery,POS,Abuja,Abuja,0,
TXN0003606,ACC00068,2024-06-17 11:00:06,16042.84,MRT005,Jumia Online Store,E-commerce,ATM,Abuja,Abuja,0,
TXN0000136,ACC00003,2024-11-01 10:49:50,131530.86,MRT009,Bolt Ride Hailing,Transport,POS,Kano,Kano,0,
TXN0003350,ACC00063,2024-05-04 03:17:12,123482.99,MRT006,Chicken Republic VI,Food & Dining,Web,Lagos,Lagos,0,
TXN0003670,ACC00069,2024-10-11 11:55:11,37695.53,MRT004,Netflix Subscription,Streaming,USSD,Abuja,Abuja,0,
TXN0000488,ACC00009,2024-10-14 23:02:59,112158.44,MRT002,POS Terminal Lekki,POS,ATM,Lagos,Lagos,0,
TXN0005048,ACC00097,2024-12-24 21:27:03,25583.6,MRT004,Netflix Subscription,Streaming,Mobile App,Kano,Kano,0,
TXN0001709,ACC00033,2024-10-20 15:29:37,13723.02,MRT007,EKEDC Electricity,Utilities,ATM,Lagos,Lagos,0,
TXN0002302,ACC00043,2024-07-12 16:28:03,30700.76,MRT005,Jumia Online Store,E-commerce,ATM,Abuja,Abuja,0,
TXN0002170,ACC00040,2024-05-10 08:34:56,45294.92,MRT010,Konga Electronics,E-commerce,POS,Abuja,Abuja,0,
TXN0005802,ACC00110,2024-12-21 00:08:48,44600.3,MRT004,Netflix Subscription,Streaming,USSD,Lagos,Lagos,0,
TXN0000159,ACC00003,2024-02-05 14:27:29,96434.82,MRT004,Netflix Subscription,Streaming,USSD,Kano,Kano,0,
TXN0000662,ACC00012,2024-05-16 12:32:58,47518.3,MRT007,EKEDC Electricity,Utilities,Web,Kano,Kano,0,
TXN0002688,ACC00052,2024-05-25 22:54:43,85734.99,MRT003,MTN Airtime Top-up,Telecom,Mobile App,Port Harcourt,Port Harcourt,0,
TXN0001277,ACC00025,2024-10-24 14:16:44,54015.52,MRT010,Konga Electronics,E-commerce,ATM,Port Harcourt,Port Harcourt,0,
TXN0000195,ACC00004,2024-08-26 06:55:02,4424.95,MRT009,Bolt Ride Hailing,Transport,POS,Ibadan,Ibadan,0,
TXN0000103,ACC00003,2024-12-03 18:11:40,131191.46,MRT002,POS Terminal Lekki,POS,ATM,Kano,Kano,0,
TXN0003161,ACC00059,2024-07-02 01:46:11,44040.18,MRT007,EKEDC Electricity,Utilities,Mobile App,Lagos,Lagos,0,
TXN0005169,ACC00100,2024-10-02 01:48:23,101273.67,MRT010,Konga Electronics,E-commerce,Mobile App,Abuja,Abuja,0,
TXN0002694,ACC00052,2024-01-26 00:55:05,51692.32,MRT006,Chicken Republic VI,Food & Dining,USSD,Port Harcourt,Port Harcourt,0,
TXN0004219,ACC00080,2024-07-16 15:04:01,44401.16,MRT005,Jumia Online Store,E-commerce,ATM,Abuja,Abuja,0,
TXN0003694,ACC00069,2024-08-17 04:11:22,25524.1,MRT009,Bolt Ride Hailing,Transport,Mobile App,Abuja,Abuja,0,
TXN0002910,ACC00056,2024-11-09 14:16:07,69303.0,MRT009,Bolt Ride Hailing,Transport,Mobile App,Abuja,Abuja,0,
TXN0005983,ACC00113,2024-10-20 22:28:04,112543.26,MRT002,POS Terminal Lekki,POS,Web,Kano,Kano,0,
TXN0006040,ACC00115,2024-02-13 11:27:35,16314.65,MRT007,EKEDC Electricity,Utilities,Mobile App,Port Harcourt,Port Harcourt,0,
TXN0001159,ACC00022,2024-10-18 08:05:07,19672.77,MRT010,Konga Electronics,E-commerce,USSD,Abuja,Abuja,0,
TXN0005404,ACC00104,2024-02-01 00:44:57,147770.95,MRT010,Konga Electronics,E-commerce,Web,Kano,Kano,0,
TXN0001641,ACC00032,2024-02-02 06:28:08,113085.26,MRT009,Bolt Ride Hailing,Transport,ATM,Port Harcourt,Port Harcourt,0,
TXN0005805,ACC00110,2024-08-30 02:59:32,143855.49,MRT008,ATM Withdrawal UBA,ATM,POS,Lagos,Lagos,0,
TXN0004590,ACC00087,2024-09-19 00:01:47,39788.46,MRT009,Bolt Ride Hailing,Transport,Web,Kano,Kano,0,
TXN0002230,ACC00042,2024-11-01 00:03:55,138360.56,MRT001,Shoprite Ikeja,Grocery,Web,Abuja,Abuja,0,
TXN0001029,ACC00020,2024-04-24 13:23:54,45059.45,MRT003,MTN Airtime Top-up,Telecom,POS,Port Harcourt,Port Harcourt,0,
TXN0000303,ACC00006,2024-07-02 20:24:20,5974.81,MRT005,Jumia Online Store,E-commerce,Web,Abuja,Abuja,0,
TXN0004536,ACC00087,2024-08-31 02:23:34,115110.96,MRT007,EKEDC Electricity,Utilities,USSD,Kano,Kano,0,
TXN0004033,ACC00077,2024-11-02 19:18:59,87527.02,MRT003,MTN Airtime Top-up,Telecom,Mobile App,Ibadan,Ibadan,0,
TXN0004729,ACC00090,2024-05-26 11:21:06,132879.58,MRT001,Shoprite Ikeja,Grocery,USSD,Abuja,Abuja,0,
TXN0002022,ACC00038,2024-04-27 02:28:35,6027.04,MRT002,POS Terminal Lekki,POS,POS,Abuja,Abuja,0,
TXN0003627,ACC00068,2024-09-05 08:07:19,47282.19,MRT007,EKEDC Electricity,Utilities,ATM,Abuja,Abuja,0,
TXN0000292,ACC00006,2024-08-03 05:04:14,58872.83,MRT001,Shoprite Ikeja,Grocery,ATM,Abuja,Abuja,0,
TXN0005843,ACC00111,2024-02-08 17:18:57,32656.18,MRT010,Konga Electronics,E-commerce,POS,Ibadan,Ibadan,0,
TXN0005733,ACC00109,2024-07-11 20:18:43,110415.49,MRT002,POS Terminal Lekki,POS,ATM,Port Harcourt,Port Harcourt,0,
TXN0006206,ACC00119,2024-01-11 06:31:44,85876.74,MRT001,Shoprite Ikeja,Grocery,Web,Kano,Kano,0,
TXN0001087,ACC00021,2024-12-02 19:50:39,25999.73,MRT008,ATM Withdrawal UBA,ATM,ATM,Ibadan,Ibadan,0,
TXN0004011,ACC00076,2024-12-29 07:50:52,66942.28,MRT009,Bolt Ride Hailing,Transport,USSD,Port Harcourt,Port Harcourt,0,
TXN0004750,ACC00091,2024-09-10 17:22:50,105519.3,MRT006,Chicken Republic VI,Food & Dining,Web,Ibadan,Ibadan,0,
TXN0004418,ACC00084,2024-06-20 18:58:44,63607.3,MRT002,POS Terminal Lekki,POS,USSD,Ibadan,Ibadan,0,
TXN0002308,ACC00043,2024-07-28 10:44:59,136041.49,MRT001,Shoprite Ikeja,Grocery,Web,Abuja,Abuja,0,
TXN0000187,ACC00004,2024-08-06 02:21:53,49782.07,MRT009,Bolt Ride Hailing,Transport,Mobile App,Ibadan,Ibadan,0,
TXN0004671,ACC00088,2024-03-13 11:15:17,114343.98,MRT009,Bolt Ride Hailing,Transport,ATM,Abuja,Abuja,0,
TXN0000412,ACC00008,2024-01-03 00:17:40,146697.65,MRT009,Bolt Ride Hailing,Transport,Web,Ibadan,Ibadan,0,
TXN0003255,ACC00061,2024-06-09 18:35:56,125373.65,MRT004,Netflix Subscription,Streaming,POS,Kano,Kano,0,
TXN0002186,ACC00041,2024-11-06 07:25:57,132308.74,MRT010,Konga Electronics,E-commerce,Mobile App,Ibadan,Ibadan,0,
TXN0006207,ACC00119,2024-09-13 06:11:56,135406.67,MRT009,Bolt Ride Hailing,Transport,POS,Kano,Kano,0,
TXN0002809,ACC00054,2024-07-10 14:13:50,126539.81,MRT002,POS Terminal Lekki,POS,USSD,Ibadan,Ibadan,0,
TXN0003458,ACC00066,2024-08-06 18:12:35,114522.94,MRT007,EKEDC Electricity,Utilities,Mobile App,Lagos,Lagos,0,
TXN0003899,ACC00073,2024-06-21 11:40:41,16607.86,MRT006,Chicken Republic VI,Food & Dining,POS,Lagos,Lagos,0,
TXN0002691,ACC00052,2024-12-15 13:47:13,16813.3,MRT008,ATM Withdrawal UBA,ATM,Web,Port Harcourt,Port Harcourt,0,
TXN0004248,ACC00081,2024-08-16 20:51:46,71440.38,MRT002,POS Terminal Lekki,POS,ATM,Abuja,Abuja,0,
TXN0001718,ACC00033,2024-12-18 03:55:30,4752.17,MRT004,Netflix Subscription,Streaming,POS,Lagos,Lagos,0,
TXN0002728,ACC00052,2024-09-03 06:18:28,105462.85,MRT005,Jumia Online Store,E-commerce,Mobile App,Port Harcourt,Port Harcourt,0,
TXN0005627,ACC00108,2024-06-27 21:30:58,104371.64,MRT009,Bolt Ride Hailing,Transport,POS,Kano,Kano,0,
TXN0000883,ACC00017,2024-03-22 07:35:06,86653.7,MRT003,MTN Airtime Top-up,Telecom,Web,Abuja,Abuja,0,
TXN0001114,ACC00022,2024-10-12 17:59:21,128322.34,MRT003,MTN Airtime Top-up,Telecom,Mobile App,Abuja,Abuja,0,
TXN0004848,ACC00093,2024-05-09 14:53:38,149963.93,MRT004,Netflix Subscription,Streaming,Web,Ibadan,Ibadan,0,
TXN0000949,ACC00019,2024-05-08 22:12:32,115228.75,MRT009,Bolt Ride Hailing,Transport,USSD,Kano,Kano,0,
TXN0000928,ACC00019,2024-07-06 14:37:43,17384.15,MRT008,ATM Withdrawal UBA,ATM,ATM,Kano,Kano,0,
TXN0000798,ACC00016,2024-11-23 16:29:52,46598.83,MRT002,POS Terminal Lekki,POS,ATM,Ibadan,Ibadan,0,
TXN0000334,ACC00006,2024-01-11 04:59:05,83326.2,MRT006,Chicken Republic VI,Food & Dining,POS,Abuja,Abuja,0,
TXN0005794,ACC00110,2024-11-30 06:59:48,123151.5,MRT007,EKEDC Electricity,Utilities,Web,Lagos,Lagos,0,
TXN0003119,ACC00059,2024-01-02 05:48:17,10555.56,MRT007,EKEDC Electricity,Utilities,USSD,Lagos,Lagos,0,
TXN0005956,ACC00112,2024-12-17 09:40:07,70401.56,MRT003,MTN Airtime Top-up,Telecom,POS,Abuja,Abuja,0,
TXN0003450,ACC00066,2024-02-09 23:15:25,139168.95,MRT005,Jumia Online Store,E-commerce,Web,Lagos,Lagos,0,
TXN0003978,ACC00075,2024-11-26 12:48:25,21358.43,MRT010,Konga Electronics,E-commerce,Web,Kano,Kano,0,
TXN0001115,ACC00022,2024-10-17 10:08:00,67265.93,MRT004,Netflix Subscription,Streaming,Web,Abuja,Abuja,0,
TXN0002465,ACC00046,2024-01-31 02:34:53,19130.87,MRT005,Jumia Online Store,E-commerce,Mobile App,Abuja,Abuja,0,
TXN0002326,ACC00043,2024-08-23 08:33:56,11254.98,MRT008,ATM Withdrawal UBA,ATM,Web,Abuja,Abuja,0,
TXN0001012,ACC00020,2024-02-07 06:22:43,145758.5,MRT003,MTN Airtime Top-up,Telecom,USSD,Port Harcourt,Port Harcourt,0,
TXN0002943,ACC00056,2024-08-23 06:51:17,86617.82,MRT003,MTN Airtime Top-up,Telecom,USSD,Abuja,Abuja,0,
TXN0004631,ACC00088,2024-07-22 01:11:53,11376.62,MRT003,MTN Airtime Top-up,Telecom,USSD,Abuja,Abuja,0,
TXN0001644,ACC00032,2024-03-03 20:06:42,128759.36,MRT008,ATM Withdrawal UBA,ATM,USSD,Port Harcourt,Port Harcourt,0,
TXN0005776,ACC00110,2024-10-16 18:25:28,18718.15,MRT002,POS Terminal Lekki,POS,Web,Lagos,Lagos,0,
TXN0003774,ACC00071,2024-05-25 13:32:39,32420.3,MRT005,Jumia Online Store,E-commerce,Web,Lagos,Lagos,0,
TXN0002340,ACC00044,2024-08-12 14:32:10,2344.44,MRT003,MTN Airtime Top-up,Telecom,Mobile App,Kano,Kano,0,
TXN0003479,ACC00066,2024-12-17 12:10:33,112217.34,MRT008,ATM Withdrawal UBA,ATM,Web,Lagos,Lagos,0,
TXN0003217,ACC00060,2024-12-09 00:49:06,126407.59,MRT010,Konga Electronics,E-commerce,Web,Port Harcourt,Port Harcourt,0,
TXN0001434,ACC00028,2024-08-09 17:56:04,58740.16,MRT010,Konga Electronics,E-commerce,USSD,Ibadan,Ibadan,0,
TXN0000696,ACC00013,2024-12-23 09:07:59,27254.66,MRT003,MTN Airtime Top-up,Telecom,Mobile App,Port Harcourt,Port Harcourt,0,
TXN0000441,ACC00009,2024-09-30 07:34:32,12176.36,MRT006,Chicken Republic VI,Food & Dining,USSD,Lagos,Lagos,0,
TXN0005907,ACC00112,2024-06-01 15:22:50,144311.19,MRT010,Konga Electronics,E-commerce,Web,Abuja,Abuja,0,
TXN0000430,ACC00008,2024-07-04 10:11:41,140405.9,MRT006,Chicken Republic VI,Food & Dining,Mobile App,Ibadan,Ibadan,0,
TXN0005185,ACC00100,2024-06-03 11:36:38,64556.74,MRT010,Konga Electronics,E-commerce,USSD,Abuja,Abuja,0,
TXN0005292,ACC00102,2024-11-25 11:05:49,75176.48,MRT009,Bolt Ride Hailing,Transport,Mobile App,Kano,Kano,0,
TXN0005288,ACC00102,2024-06-28 00:12:26,133400.03,MRT003,MTN Airtime Top-up,Telecom,Mobile App,Kano,Kano,0,
TXN0000904,ACC00018,2024-09-14 06:47:19,40861.58,MRT009,Bolt Ride Hailing,Transport,USSD,Abuja,Abuja,0,
TXN0001347,ACC00026,2024-02-21 04:12:19,98044.66,MRT004,Netflix Subscription,Streaming,USSD,Ibadan,Ibadan,0,
TXN0000895,ACC00017,2024-03-05 00:49:32,3359.15,MRT007,EKEDC Electricity,Utilities,Web,Abuja,Abuja,0,
TXN0005125,ACC00099,2024-08-18 08:04:29,86176.11,MRT009,Bolt Ride Hailing,Transport,ATM,Port Harcourt,Port Harcourt,0,
TXN0002256,ACC00042,2024-09-28 06:41:50,14782.36,MRT010,Konga Electronics,E-commerce,Mobile App,Abuja,Abuja,0,
TXN0006105,ACC00117,2024-06-21 22:40:44,102637.3,MRT007,EKEDC Electricity,Utilities,Web,Kano,Kano,0,
TXN0003736,ACC00070,2024-11-15 13:46:26,142556.26,MRT004,Netflix Subscription,Streaming,USSD,Port Harcourt,Port Harcourt,0,
TXN0005459,ACC00105,2024-01-17 15:57:25,42081.58,MRT005,Jumia Online Store,E-commerce,ATM,Kano,Kano,0,
TXN0002754,ACC00053,2024-06-25 04:50:55,28390.0,MRT006,Chicken Republic VI,Food & Dining,Web,Kano,Kano,0,
TXN0005939,ACC00112,2024-08-03 15:44:00,104298.28,MRT006,Chicken Republic VI,Food & Dining,POS,Abuja,Abuja,0,
TXN0004715,ACC00090,2024-01-14 02:56:20,31011.64,MRT009,Bolt Ride Hailing,Transport,ATM,Abuja,Abuja,0,
TXN0002542,ACC00048,2024-05-21 04:49:22,46001.33,MRT006,Chicken Republic VI,Food & Dining,Mobile App,Kano,Kano,0,
TXN0003868,ACC00073,2024-04-22 08:40:30,35655.29,MRT003,MTN Airtime Top-up,Telecom,ATM,Lagos,Lagos,0,
TXN0003453,ACC00066,2024-08-24 22:45:38,49189.35,MRT003,MTN Airtime Top-up,Telecom,USSD,Lagos,Lagos,0,
TXN0002324,ACC00043,2024-08-02 16:57:19,38965.11,MRT003,MTN Airtime Top-up,Telecom,ATM,Abuja,Abuja,0,
TXN0001197,ACC00024,2024-09-11 07:28:58,46750.91,MRT007,EKEDC Electricity,Utilities,Web,Lagos,Lagos,0,
TXN0002944,ACC00056,2024-10-28 03:13:59,39254.29,MRT009,Bolt Ride Hailing,Transport,POS,Abuja,Abuja,0,
TXN0001570,ACC00031,2024-07-28 18:21:52,994.45,MRT004,Netflix Subscription,Streaming,ATM,Ibadan,Ibadan,0,
TXN0003463,ACC00066,2024-11-03 03:54:30,49189.93,MRT007,EKEDC Electricity,Utilities,USSD,Lagos,Lagos,0,
TXN0001695,ACC00032,2024-05-18 19:08:57,49291.79,MRT002,POS Terminal Lekki,POS,USSD,Port Harcourt,Port Harcourt,0,
TXN0005366,ACC00103,2024-03-18 18:58:10,66671.13,MRT006,Chicken Republic VI,Food & Dining,POS,Lagos,Lagos,0,
TXN0004695,ACC00089,2024-02-17 09:15:00,78796.29,MRT010,Konga Electronics,E-commerce,USSD,Ibadan,Ibadan,0,
TXN0000450,ACC00009,2024-01-29 08:41:04,63842.76,MRT001,Shoprite Ikeja,Grocery,Mobile App,Lagos,Lagos,0,
TXN0002736,ACC00053,2024-01-03 22:53:05,117438.31,MRT006,Chicken Republic VI,Food & Dining,USSD,Kano,Kano,0,
TXN0004800,ACC00092,2024-02-24 14:35:29,129046.65,MRT006,Chicken Republic VI,Food & Dining,USSD,Ibadan,Ibadan,0,
TXN0003781,ACC00071,2024-10-16 16:57:36,115501.38,MRT010,Konga Electronics,E-commerce,ATM,Lagos,Lagos,0,
TXN0002072,ACC00038,2024-03-10 19:19:47,41606.9,MRT001,Shoprite Ikeja,Grocery,Web,Abuja,Abuja,0,
TXN0001075,ACC00021,2024-01-30 22:30:51,96699.81,MRT009,Bolt Ride Hailing,Transport,Web,Ibadan,Ibadan,0,
TXN0003992,ACC00076,2024-01-10 03:05:17,5149.07,MRT001,Shoprite Ikeja,Grocery,Mobile App,Port Harcourt,Port Harcourt,0,
TXN0006056,ACC00115,2024-06-03 17:27:27,3478.5,MRT008,ATM Withdrawal UBA,ATM,ATM,Port Harcourt,Port Harcourt,0,
TXN0004087,ACC00078,2024-01-24 06:07:15,17159.09,MRT001,Shoprite Ikeja,Grocery,USSD,Abuja,Abuja,0,
TXN0000882,ACC00017,2024-05-01 17:13:51,1204.67,MRT001,Shoprite Ikeja,Grocery,POS,Abuja,Abuja,0,
TXN0004640,ACC00088,2024-07-16 00:56:57,97431.41,MRT005,Jumia Online Store,E-commerce,POS,Abuja,Abuja,0,
TXN0004324,ACC00082,2024-10-01 12:49:34,38622.39,MRT007,EKEDC Electricity,Utilities,USSD,Abuja,Abuja,0,
TXN0005406,ACC00104,2024-06-27 19:04:25,104470.2,MRT006,Chicken Republic VI,Food & Dining,USSD,Kano,Kano,0,
TXN0003809,ACC00072,2024-09-09 04:53:39,105226.98,MRT004,Netflix Subscription,Streaming,POS,Abuja,Abuja,0,
TXN0005595,ACC00108,2024-02-13 01:36:13,3475.41,MRT009,Bolt Ride Hailing,Transport,Web,Kano,Kano,0,
TXN0005998,ACC00114,2024-12-07 06:07:31,82378.72,MRT007,EKEDC Electricity,Utilities,Mobile App,Lagos,Lagos,0,
TXN0003065,ACC00058,2024-05-20 12:58:36,53121.7,MRT002,POS Terminal Lekki,POS,USSD,Lagos,Lagos,0,
TXN0004871,ACC00093,2024-01-20 01:41:02,72243.84,MRT008,ATM Withdrawal UBA,ATM,POS,Ibadan,Ibadan,0,
TXN0001885,ACC00035,2024-03-15 00:00:01,43550.31,MRT005,Jumia Online Store,E-commerce,ATM,Port Harcourt,Port Harcourt,0,
TXN0004996,ACC00096,2024-01-21 18:23:16,79549.9,MRT004,Netflix Subscription,Streaming,Web,Port Harcourt,Port Harcourt,0,
TXN0003741,ACC00070,2024-05-24 01:03:22,110882.78,MRT008,ATM Withdrawal UBA,ATM,ATM,Port Harcourt,Port Harcourt,0,
TXN0005593,ACC00108,2024-08-26 01:15:34,86517.41,MRT005,Jumia Online Store,E-commerce,USSD,Kano,Kano,0,
TXN0003343,ACC00063,2024-01-02 23:04:45,31466.88,MRT007,EKEDC Electricity,Utilities,ATM,Lagos,Lagos,0,
TXN0005061,ACC00097,2024-09-06 03:20:55,29650.62,MRT003,MTN Airtime Top-up,Telecom,POS,Kano,Kano,0,
TXN0003887,ACC00073,2024-11-25 05:48:54,71325.17,MRT001,Shoprite Ikeja,Grocery,Web,Lagos,Lagos,0,
TXN0003075,ACC00058,2024-10-03 06:33:34,111556.67,MRT008,ATM Withdrawal UBA,ATM,Web,Lagos,Lagos,0,
TXN0005658,ACC00108,2024-08-21 17:27:20,3202.69,MRT001,Shoprite Ikeja,Grocery,USSD,Kano,Kano,0,
TXN0001215,ACC00024,2024-11-17 17:29:52,33478.57,MRT007,EKEDC Electricity,Utilities,Mobile App,Lagos,Lagos,0,
TXN0002878,ACC00055,2024-12-10 20:42:44,58958.42,MRT006,Chicken Republic VI,Food & Dining,ATM,Lagos,Lagos,0,
TXN0005205,ACC00100,2024-07-17 05:36:55,36824.87,MRT005,Jumia Online Store,E-commerce,Web,Abuja,Abuja,0,
TXN0001592,ACC00031,2024-02-14 08:13:54,89449.12,MRT008,ATM Withdrawal UBA,ATM,USSD,Ibadan,Ibadan,0,
TXN0000674,ACC00013,2024-03-24 18:52:11,138425.6,MRT001,Shoprite Ikeja,Grocery,ATM,Port Harcourt,Port Harcourt,0,
TXN0002593,ACC00050,2024-11-03 10:48:45,81584.34,MRT002,POS Terminal Lekki,POS,POS,Kano,Kano,0,
TXN0003406,ACC00064,2024-08-08 10:47:15,71555.08,MRT005,Jumia Online Store,E-commerce,ATM,Lagos,Lagos,0,
TXN0003865,ACC00073,2024-10-08 01:38:42,65212.01,MRT008,ATM Withdrawal UBA,ATM,Web,Lagos,Lagos,0,
TXN0003067,ACC00058,2024-03-30 11:00:57,118052.47,MRT008,ATM Withdrawal UBA,ATM,Web,Lagos,Lagos,0,
TXN0000591,ACC00011,2024-12-08 23:03:50,67711.46,MRT004,Netflix Subscription,Streaming,ATM,Abuja,Abuja,0,
TXN0003434,ACC00065,2024-07-29 15:14:38,32641.59,MRT010,Konga Electronics,E-commerce,ATM,Port Harcourt,Port Harcourt,0,
TXN0003982,ACC00075,2024-04-08 22:08:09,99863.22,MRT009,Bolt Ride Hailing,Transport,Web,Kano,Kano,0,
TXN0006172,ACC00119,2024-12-08 13:55:25,93144.63,MRT004,Netflix Subscription,Streaming,POS,Kano,Kano,0,
TXN0004025,ACC00076,2024-11-04 11:45:38,400981.42,MRT015,Sports Betting GG,Gambling,Web,New York,Port Harcourt,1,Foreign transaction: cross-border anomaly
TXN0000754,ACC00015,2024-05-17 19:01:07,26827.0,MRT003,MTN Airtime Top-up,Telecom,USSD,Abuja,Abuja,0,
TXN0004275,ACC00081,2024-07-30 18:36:21,108934.63,MRT005,Jumia Online Store,E-commerce,USSD,Abuja,Abuja,0,
TXN0001811,ACC00034,2024-03-05 17:04:41,45278.37,MRT010,Konga Electronics,E-commerce,ATM,Abuja,Abuja,0,
TXN0003509,ACC00067,2024-05-27 17:44:21,67298.45,MRT001,Shoprite Ikeja,Grocery,ATM,Lagos,Lagos,0,
TXN0003208,ACC00060,2024-09-16 14:50:34,31791.35,MRT008,ATM Withdrawal UBA,ATM,Mobile App,Port Harcourt,Port Harcourt,0,
TXN0003601,ACC00068,2024-06-12 18:17:15,95889.96,MRT001,Shoprite Ikeja,Grocery,POS,Abuja,Abuja,0,
TXN0003147,ACC00059,2024-08-02 17:52:42,141032.06,MRT004,Netflix Subscription,Streaming,Mobile App,Lagos,Lagos,0,
TXN0004611,ACC00088,2024-01-30 04:42:54,125176.7,MRT001,Shoprite Ikeja,Grocery,Mobile App,Abuja,Abuja,0,
TXN0003841,ACC00072,2024-03-04 01:53:50,95476.89,MRT007,EKEDC Electricity,Utilities,USSD,Abuja,Abuja,0,
TXN0005788,ACC00110,2024-01-31 15:05:00,103685.96,MRT004,Netflix Subscription,Streaming,USSD,Lagos,Lagos,0,
TXN0001632,ACC00032,2024-11-28 01:12:54,13427.91,MRT004,Netflix Subscription,Streaming,USSD,Port Harcourt,Port Harcourt,0,
TXN0003942,ACC00074,2024-08-05 19:18:47,43158.7,MRT010,Konga Electronics,E-commerce,Web,Ibadan,Ibadan,0,
TXN0005988,ACC00113,2024-02-29 06:44:00,41771.26,MRT003,MTN Airtime Top-up,Telecom,Mobile App,Kano,Kano,0,
TXN0000540,ACC00010,2024-10-14 06:05:13,47843.4,MRT007,EKEDC Electricity,Utilities,Mobile App,Ibadan,Ibadan,0,
TXN0000483,ACC00009,2024-01-21 00:21:22,56886.61,MRT005,Jumia Online Store,E-commerce,USSD,Lagos,Lagos,0,
TXN0000852,ACC00017,2024-11-07 00:36:03,33953.62,MRT001,Shoprite Ikeja,Grocery,USSD,Abuja,Abuja,0,
TXN0002351,ACC00044,2024-10-27 11:48:48,78981.82,MRT007,EKEDC Electricity,Utilities,POS,Kano,Kano,0,
TXN0005984,ACC00113,2024-11-16 19:20:43,100392.69,MRT008,ATM Withdrawal UBA,ATM,Web,Kano,Kano,0,
TXN0002998,ACC00057,2024-01-17 23:29:40,52775.29,MRT006,Chicken Republic VI,Food & Dining,Web,Lagos,Lagos,0,
TXN0001584,ACC00031,2024-06-06 11:36:25,32145.89,MRT002,POS Terminal Lekki,POS,USSD,Ibadan,Ibadan,0,
TXN0004081,ACC00078,2024-06-15 02:31:15,89493.13,MRT008,ATM Withdrawal UBA,ATM,ATM,Abuja,Abuja,0,
TXN0005375,ACC00104,2024-04-04 01:52:11,129741.74,MRT008,ATM Withdrawal UBA,ATM,Web,Kano,Kano,0,
TXN0003806,ACC00072,2024-03-06 15:45:17,127762.3,MRT006,Chicken Republic VI,Food & Dining,Web,Abuja,Abuja,0,
TXN0002915,ACC00056,2024-09-29 11:07:52,77681.47,MRT004,Netflix Subscription,Streaming,USSD,Abuja,Abuja,0,
TXN0002269,ACC00042,2024-02-24 11:16:42,123153.79,MRT008,ATM Withdrawal UBA,ATM,Web,Abuja,Abuja,0,
TXN0005245,ACC00101,2024-02-19 13:08:17,95289.56,MRT001,Shoprite Ikeja,Grocery,Mobile App,Kano,Kano,0,
TXN0003337,ACC00063,2024-08-09 17:07:41,149240.3,MRT005,Jumia Online Store,E-commerce,USSD,Lagos,Lagos,0,
TXN0001736,ACC00033,2024-09-29 17:34:59,62893.27,MRT002,POS Terminal Lekki,POS,Mobile App,Lagos,Lagos,0,
TXN0002514,ACC00048,2024-02-12 23:28:42,43092.51,MRT004,Netflix Subscription,Streaming,Web,Kano,Kano,0,
TXN0002197,ACC00041,2024-05-25 08:24:46,78074.41,MRT008,ATM Withdrawal UBA,ATM,Web,Ibadan,Ibadan,0,
TXN0001122,ACC00022,2024-01-15 15:54:18,139637.41,MRT007,EKEDC Electricity,Utilities,ATM,Abuja,Abuja,0,
TXN0003805,ACC00072,2024-01-07 04:42:58,133711.63,MRT010,Konga Electronics,E-commerce,ATM,Abuja,Abuja,0,
TXN0005910,ACC00112,2024-04-15 00:29:16,141710.06,MRT008,ATM Withdrawal UBA,ATM,Mobile App,Abuja,Abuja,0,
TXN0004166,ACC00079,2024-06-27 18:13:22,93455.01,MRT006,Chicken Republic VI,Food & Dining,POS,Kano,Kano,0,
TXN0003401,ACC00064,2024-04-24 16:19:17,49933.85,MRT008,ATM Withdrawal UBA,ATM,ATM,Lagos,Lagos,0,
TXN0006155,ACC00118,2024-10-13 16:09:02,34117.52,MRT010,Konga Electronics,E-commerce,ATM,Port Harcourt,Port Harcourt,0,
TXN0000681,ACC00013,2024-04-30 10:59:21,109628.78,MRT007,EKEDC Electricity,Utilities,Web,Port Harcourt,Port Harcourt,0,
TXN0002831,ACC00055,2024-03-25 23:13:20,58143.57,MRT006,Chicken Republic VI,Food & Dining,ATM,Lagos,Lagos,0,
TXN0001932,ACC00036,2024-11-07 02:47:49,110515.45,MRT007,EKEDC Electricity,Utilities,POS,Ibadan,Ibadan,0,
TXN0004866,ACC00093,2024-09-05 02:48:29,97380.02,MRT004,Netflix Subscription,Streaming,Web,Ibadan,Ibadan,0,
TXN0004068,ACC00077,2024-09-19 13:42:35,42139.06,MRT007,EKEDC Electricity,Utilities,USSD,Ibadan,Ibadan,0,
TXN0000536,ACC00010,2024-08-02 18:41:06,65061.27,MRT007,EKEDC Electricity,Utilities,USSD,Ibadan,Ibadan,0,
TXN0001942,ACC00036,2024-12-18 07:47:19,45408.79,MRT008,ATM Withdrawal UBA,ATM,Web,Ibadan,Ibadan,0,
TXN0000853,ACC00017,2024-11-08 15:56:28,107054.7,MRT005,Jumia Online Store,E-commerce,POS,Abuja,Abuja,0,
TXN0005240,ACC00101,2024-01-23 23:24:26,13757.74,MRT005,Jumia Online Store,E-commerce,POS,Kano,Kano,0,
TXN0005337,ACC00102,2024-11-28 13:37:09,109558.49,MRT003,MTN Airtime Top-up,Telecom,Mobile App,Kano,Kano,0,
TXN0000095,ACC00002,2024-11-21 05:50:28,87198.55,MRT010,Konga Electronics,E-commerce,ATM,Lagos,Lagos,0,
TXN0006254,ACC00120,2024-05-28 11:29:40,104376.76,MRT001,Shoprite Ikeja,Grocery,ATM,Ibadan,Ibadan,0,
TXN0000120,ACC00003,2024-06-27 11:30:27,100192.69,MRT005,Jumia Online Store,E-commerce,ATM,Kano,Kano,0,
TXN0004329,ACC00082,2024-03-30 15:43:50,111859.58,MRT004,Netflix Subscription,Streaming,Mobile App,Abuja,Abuja,0,
TXN0001892,ACC00035,2024-02-21 17:33:35,1000000,MRT015,Sports Betting GG,Gambling,Web,Port Harcourt,Port Harcourt,1,Suspicious round amount: possible structuring
TXN0002846,ACC00055,2024-09-08 00:22:14,143866.27,MRT004,Netflix Subscription,Streaming,Web,Lagos,Lagos,0,
TXN0005220,ACC00101,2024-06-16 13:23:48,15296.71,MRT003,MTN Airtime Top-up,Telecom,USSD,Kano,Kano,0,
TXN0004326,ACC00082,2024-08-17 10:04:16,112144.45,MRT004,Netflix Subscription,Streaming,Web,Abuja,Abuja,0,
TXN0004774,ACC00092,2024-04-01 18:21:27,96988.32,MRT007,EKEDC Electricity,Utilities,USSD,Ibadan,Ibadan,0,
TXN0003961,ACC00074,2024-11-07 10:37:55,4149.72,MRT005,Jumia Online Store,E-commerce,POS,Ibadan,Ibadan,0,
TXN0001613,ACC00031,2024-09-23 02:56:04,74878.47,MRT008,ATM Withdrawal UBA,ATM,Web,Ibadan,Ibadan,0,
TXN0004674,ACC00088,2024-07-24 17:32:35,236687.95,MRT011,Unknown Vendor XJ9,Unknown,Web,London,Abuja,1,Unknown or unregistered merchant
TXN0005121,ACC00098,2024-01-02 18:54:27,38835.64,MRT008,ATM Withdrawal UBA,ATM,Mobile App,Ibadan,Ibadan,0,
TXN0003569,ACC00067,2024-03-11 22:04:14,123093.98,MRT007,EKEDC Electricity,Utilities,USSD,Lagos,Lagos,0,
TXN0005523,ACC00107,2024-11-04 12:36:59,15409.59,MRT003,MTN Airtime Top-up,Telecom,Mobile App,Ibadan,Ibadan,0,
TXN0004335,ACC00082,2024-12-03 09:48:48,49104.19,MRT006,Chicken Republic VI,Food & Dining,ATM,Abuja,Abuja,0,
TXN0003525,ACC00067,2024-03-01 11:46:21,104413.0,MRT003,MTN Airtime Top-up,Telecom,Mobile App,Lagos,Lagos,0,
TXN0001452,ACC00028,2024-04-15 21:19:17,24045.65,MRT003,MTN Airtime Top-up,Telecom,Mobile App,Ibadan,Ibadan,0,
TXN0000394,ACC00008,2024-10-01 02:18:07,78043.14,MRT003,MTN Airtime Top-up,Telecom,USSD,Ibadan,Ibadan,0,
TXN0004766,ACC00091,2024-06-03 05:32:08,82422.93,MRT001,Shoprite Ikeja,Grocery,Web,Ibadan,Ibadan,0,
TXN0000317,ACC00006,2024-01-13 02:15:05,127376.06,MRT003,MTN Airtime Top-up,Telecom,ATM,Abuja,Abuja,0,
TXN0002693,ACC00052,2024-10-25 08:17:53,30320.91,MRT007,EKEDC Electricity,Utilities,POS,Port Harcourt,Port Harcourt,0,
TXN0005326,ACC00102,2024-03-16 08:10:10,130519.2,MRT003,MTN Airtime Top-up,Telecom,Mobile App,Kano,Kano,0,
TXN0002238,ACC00042,2024-07-08 18:12:22,28410.47,MRT001,Shoprite Ikeja,Grocery,Mobile App,Abuja,Abuja,0,
TXN0003109,ACC00059,2024-10-09 11:30:05,49403.8,MRT002,POS Terminal Lekki,POS,USSD,Lagos,Lagos,0,
TXN0004924,ACC00095,2024-04-26 11:16:03,32560.54,MRT002,POS Terminal Lekki,POS,Mobile App,Port Harcourt,Port Harcourt,0,
TXN0005613,ACC00108,2024-12-20 14:15:06,26966.45,MRT007,EKEDC Electricity,Utilities,ATM,Kano,Kano,0,
TXN0005954,ACC00112,2024-02-24 15:46:37,79866.33,MRT001,Shoprite Ikeja,Grocery,USSD,Abuja,Abuja,0,
TXN0005146,ACC00099,2024-02-01 02:13:42,144157.68,MRT006,Chicken Republic VI,Food & Dining,Web,Port Harcourt,Port Harcourt,0,
TXN0002617,ACC00050,2024-03-11 15:10:22,53215.01,MRT007,EKEDC Electricity,Utilities,ATM,Kano,Kano,0,
TXN0002418,ACC00045,2024-06-26 16:30:43,86785.03,MRT003,MTN Airtime Top-up,Telecom,ATM,Lagos,Lagos,0,
TXN0001927,ACC00036,2024-10-15 20:43:06,82299.86,MRT002,POS Terminal Lekki,POS,USSD,Ibadan,Ibadan,0,
TXN0004790,ACC00092,2024-02-20 07:03:02,6756.74,MRT003,MTN Airtime Top-up,Telecom,USSD,Ibadan,Ibadan,0,
TXN0001213,ACC00024,2024-05-25 02:36:48,62054.51,MRT004,Netflix Subscription,Streaming,USSD,Lagos,Lagos,0,
TXN0000603,ACC00011,2024-05-29 00:26:09,28270.18,MRT007,EKEDC Electricity,Utilities,USSD,Abuja,Abuja,0,
TXN0002206,ACC00041,2024-08-14 18:55:20,70055.34,MRT001,Shoprite Ikeja,Grocery,USSD,Ibadan,Ibadan,0,
TXN0005923,ACC00112,2024-04-07 21:57:09,61225.97,MRT002,POS Terminal Lekki,POS,Mobile App,Abuja,Abuja,0,
TXN0001611,ACC00031,2024-07-16 02:37:21,69900.29,MRT004,Netflix Subscription,Streaming,Web,Ibadan,Ibadan,0,
TXN0005350,ACC00103,2024-03-29 02:17:48,28920.56,MRT010,Konga Electronics,E-commerce,USSD,Lagos,Lagos,0,
TXN0005122,ACC00098,2024-12-06 16:37:25,86313.37,MRT009,Bolt Ride Hailing,Transport,POS,Ibadan,Ibadan,0,
TXN0001692,ACC00032,2024-05-11 12:46:03,109880.26,MRT002,POS Terminal Lekki,POS,Mobile App,Port Harcourt,Port Harcourt,0,
TXN0004034,ACC00077,2024-08-05 08:28:14,35221.12,MRT001,Shoprite Ikeja,Grocery,Web,Ibadan,Ibadan,0,
TXN0002367,ACC00044,2024-05-02 10:05:55,141178.16,MRT004,Netflix Subscription,Streaming,ATM,Kano,Kano,0,
TXN0002740,ACC00053,2024-02-29 13:33:42,126195.06,MRT006,Chicken Republic VI,Food & Dining,USSD,Kano,Kano,0,
TXN0001010,ACC00020,2024-07-18 17:42:28,67110.76,MRT009,Bolt Ride Hailing,Transport,Mobile App,Port Harcourt,Port Harcourt,0,
TXN0001758,ACC00034,2024-03-11 05:37:49,147204.52,MRT006,Chicken Republic VI,Food & Dining,ATM,Abuja,Abuja,0,
TXN0003069,ACC00058,2024-10-28 13:01:20,101278.72,MRT007,EKEDC Electricity,Utilities,Web,Lagos,Lagos,0,
TXN0002049,ACC00038,2024-08-05 02:30:23,138293.75,MRT006,Chicken Republic VI,Food & Dining,Mobile App,Abuja,Abuja,0,
TXN0004097,ACC00078,2024-08-24 17:57:03,133836.83,MRT003,MTN Airtime Top-up,Telecom,Web,Abuja,Abuja,0,
TXN0006055,ACC00115,2024-08-02 04:13:20,127113.93,MRT006,Chicken Republic VI,Food & Dining,POS,Port Harcourt,Port Harcourt,0,
TXN0004604,ACC00088,2024-01-19 13:23:39,129686.36,MRT003,MTN Airtime Top-up,Telecom,POS,Abuja,Abuja,0,
TXN0001174,ACC00023,2024-07-26 09:04:42,117907.27,MRT006,Chicken Republic VI,Food & Dining,POS,Abuja,Abuja,0,
TXN0002701,ACC00052,2024-01-22 00:02:20,130269.08,MRT004,Netflix Subscription,Streaming,ATM,Port Harcourt,Port Harcourt,0,
TXN0000871,ACC00017,2024-10-23 06:54:47,142065.05,MRT003,MTN Airtime Top-up,Telecom,POS,Abuja,Abuja,0,
TXN0006061,ACC00116,2024-05-30 20:06:20,1159.57,MRT002,POS Terminal Lekki,POS,Mobile App,Ibadan,Ibadan,0,
TXN0001328,ACC00026,2024-01-17 21:16:54,25962.79,MRT005,Jumia Online Store,E-commerce,POS,Ibadan,Ibadan,0,
TXN0000920,ACC00018,2024-08-29 11:39:41,131832.09,MRT005,Jumia Online Store,E-commerce,Mobile App,Abuja,Abuja,0,
TXN0004168,ACC00079,2024-02-17 21:13:07,113894.63,MRT008,ATM Withdrawal UBA,ATM,ATM,Kano,Kano,0,
TXN0002562,ACC00049,2024-03-21 08:40:37,1038.28,MRT003,MTN Airtime Top-up,Telecom,USSD,Lagos,Lagos,0,
TXN0003052,ACC00058,2024-12-20 03:16:09,4317.53,MRT010,Konga Electronics,E-commerce,USSD,Lagos,Lagos,0,
TXN0000805,ACC00016,2024-11-09 20:47:06,62391.0,MRT009,Bolt Ride Hailing,Transport,USSD,Ibadan,Ibadan,0,
TXN0005013,ACC00097,2024-03-15 10:06:13,81064.95,MRT009,Bolt Ride Hailing,Transport,Web,Kano,Kano,0,
TXN0004273,ACC00081,2024-04-18 01:56:57,53760.73,MRT002,POS Terminal Lekki,POS,Mobile App,Abuja,Abuja,0,
TXN0004651,ACC00088,2024-07-10 06:09:50,81525.53,MRT007,EKEDC Electricity,Utilities,USSD,Abuja,Abuja,0,
TXN0003537,ACC00067,2024-12-14 10:24:17,14272.52,MRT004,Netflix Subscription,Streaming,Mobile App,Lagos,Lagos,0,
TXN0001875,ACC00035,2024-11-06 12:08:50,30200.23,MRT005,Jumia Online Store,E-commerce,ATM,Port Harcourt,Port Harcourt,0,
TXN0002626,ACC00050,2024-02-21 21:10:26,9406.82,MRT002,POS Terminal Lekki,POS,POS,Kano,Kano,0,
TXN0000642,ACC00011,2024-01-07 07:45:11,139450.21,MRT002,POS Terminal Lekki,POS,Web,Abuja,Abuja,0,
TXN0006099,ACC00117,2024-10-01 01:23:38,100921.98,MRT008,ATM Withdrawal UBA,ATM,ATM,Kano,Kano,0,
TXN0005935,ACC00112,2024-07-19 00:36:49,102802.39,MRT005,Jumia Online Store,E-commerce,Web,Abuja,Abuja,0,
TXN0001388,ACC00027,2024-03-10 11:09:32,63227.46,MRT001,Shoprite Ikeja,Grocery,POS,Kano,Kano,0,
TXN0003815,ACC00072,2024-09-27 00:33:23,104679.99,MRT005,Jumia Online Store,E-commerce,POS,Abuja,Abuja,0,
TXN0001220,ACC00024,2024-08-27 21:39:19,41184.05,MRT008,ATM Withdrawal UBA,ATM,USSD,Lagos,Lagos,0,
TXN0004849,ACC00093,2024-08-23 17:18:08,23909.38,MRT007,EKEDC Electricity,Utilities,ATM,Ibadan,Ibadan,0,
TXN0002427,ACC00045,2024-04-05 03:34:29,18260.98,MRT001,Shoprite Ikeja,Grocery,ATM,Lagos,Lagos,0,
TXN0002023,ACC00038,2024-05-31 11:00:11,78310.22,MRT003,MTN Airtime Top-up,Telecom,USSD,Abuja,Abuja,0,
TXN0005535,ACC00107,2024-06-25 11:20:51,24950.69,MRT003,MTN Airtime Top-up,Telecom,POS,Ibadan,Ibadan,0,
TXN0003988,ACC00075,2024-03-01 11:14:24,107572.18,MRT004,Netflix Subscription,Streaming,USSD,Kano,Kano,0,
TXN0002897,ACC00055,2024-11-08 09:22:02,21306.87,MRT010,Konga Electronics,E-commerce,Web,Lagos,Lagos,0,
TXN0003594,ACC00068,2024-06-25 11:00:41,11025.21,MRT003,MTN Airtime Top-up,Telecom,POS,Abuja,Abuja,0,
TXN0000830,ACC00017,2024-11-29 07:19:40,145888.25,MRT002,POS Terminal Lekki,POS,Web,Abuja,Abuja,0,
TXN0001187,ACC00024,2024-01-31 17:22:35,51872.01,MRT003,MTN Airtime Top-up,Telecom,POS,Lagos,Lagos,0,
TXN0004701,ACC00090,2024-12-01 13:23:04,76212.7,MRT010,Konga Electronics,E-commerce,ATM,Abuja,Abuja,0,
TXN0003800,ACC00072,2024-07-09 23:36:03,51902.41,MRT010,Konga Electronics,E-commerce,POS,Abuja,Abuja,0,
TXN0005183,ACC00100,2024-01-13 21:59:02,61429.78,MRT001,Shoprite Ikeja,Grocery,ATM,Abuja,Abuja,0,
TXN0004829,ACC00092,2024-07-05 05:55:49,20960.44,MRT002,POS Terminal Lekki,POS,POS,Ibadan,Ibadan,0,
TXN0005253,ACC00101,2024-06-26 10:47:05,53700.91,MRT008,ATM Withdrawal UBA,ATM,USSD,Kano,Kano,0,
TXN0004746,ACC00091,2024-03-24 03:32:33,132293.03,MRT007,EKEDC Electricity,Utilities,Mobile App,Ibadan,Ibadan,0,
TXN0003138,ACC00059,2024-03-26 22:45:32,131405.49,MRT010,Konga Electronics,E-commerce,USSD,Lagos,Lagos,0,
TXN0004041,ACC00077,2024-02-08 11:11:06,58484.7,MRT003,MTN Airtime Top-up,Telecom,USSD,Ibadan,Ibadan,0,
TXN0002597,ACC00050,2024-01-22 16:47:50,103960.16,MRT009,Bolt Ride Hailing,Transport,USSD,Kano,Kano,0,
TXN0003121,ACC00059,2024-06-11 09:31:39,92200.04,MRT005,Jumia Online Store,E-commerce,USSD,Lagos,Lagos,0,
TXN0004183,ACC00080,2024-09-02 06:14:06,79243.02,MRT006,Chicken Republic VI,Food & Dining,USSD,Abuja,Abuja,0,
TXN0001671,ACC00032,2024-06-21 09:04:31,44081.76,MRT001,Shoprite Ikeja,Grocery,Mobile App,Port Harcourt,Port Harcourt,0,
TXN0002867,ACC00055,2024-04-09 22:34:41,38403.76,MRT008,ATM Withdrawal UBA,ATM,ATM,Lagos,Lagos,0,
TXN0002824,ACC00054,2024-08-04 21:44:21,99092.38,MRT004,Netflix Subscription,Streaming,Web,Ibadan,Ibadan,0,
TXN0002863,ACC00055,2024-09-21 02:29:25,125386.18,MRT005,Jumia Online Store,E-commerce,USSD,Lagos,Lagos,0,
TXN0002378,ACC00044,2024-06-15 04:28:07,148037.28,MRT008,ATM Withdrawal UBA,ATM,Mobile App,Kano,Kano,0,
TXN0004415,ACC00084,2024-11-17 14:32:44,7080.78,MRT003,MTN Airtime Top-up,Telecom,ATM,Ibadan,Ibadan,0,
TXN0004013,ACC00076,2024-05-30 18:04:55,98228.5,MRT009,Bolt Ride Hailing,Transport,Mobile App,Port Harcourt,Port Harcourt,0,
TXN0001385,ACC00027,2024-08-25 16:55:46,57112.46,MRT003,MTN Airtime Top-up,Telecom,ATM,Kano,Kano,0,
TXN0000956,ACC00019,2024-02-16 21:25:56,32730.63,MRT007,EKEDC Electricity,Utilities,Web,Kano,Kano,0,
TXN0002732,ACC00052,2024-07-14 11:40:09,120977.66,MRT010,Konga Electronics,E-commerce,POS,Port Harcourt,Port Harcourt,0,
TXN0005236,ACC00101,2024-02-23 15:12:17,108496.18,MRT003,MTN Airtime Top-up,Telecom,ATM,Kano,Kano,0,
TXN0002948,ACC00056,2024-07-12 23:03:40,48887.08,MRT008,ATM Withdrawal UBA,ATM,Web,Abuja,Abuja,0,
TXN0004084,ACC00078,2024-01-16 22:28:13,41964.73,MRT002,POS Terminal Lekki,POS,USSD,Abuja,Abuja,0,
TXN0001614,ACC00031,2024-09-17 06:10:55,8577.13,MRT001,Shoprite Ikeja,Grocery,POS,Ibadan,Ibadan,0,
TXN0003133,ACC00059,2024-12-11 13:38:09,9590.09,MRT007,EKEDC Electricity,Utilities,POS,Lagos,Lagos,0,
TXN0005534,ACC00107,2024-10-17 15:57:01,37841.11,MRT005,Jumia Online Store,E-commerce,USSD,Ibadan,Ibadan,0,
TXN0006048,ACC00115,2024-03-11 16:55:59,82280.97,MRT005,Jumia Online Store,E-commerce,USSD,Port Harcourt,Port Harcourt,0,
TXN0004115,ACC00079,2024-06-18 20:30:45,52560.39,MRT005,Jumia Online Store,E-commerce,POS,Kano,Kano,0,
TXN0003597,ACC00068,2024-06-14 09:46:27,25684.17,MRT010,Konga Electronics,E-commerce,ATM,Abuja,Abuja,0,
TXN0004006,ACC00076,2024-04-05 07:11:45,68475.59,MRT002,POS Terminal Lekki,POS,POS,Port Harcourt,Port Harcourt,0,
TXN0000653,ACC00012,2024-05-28 18:28:13,109749.13,MRT002,POS Terminal Lekki,POS,Mobile App,Kano,Kano,0,
TXN0004788,ACC00092,2024-01-21 18:41:18,91072.68,MRT002,POS Terminal Lekki,POS,Mobile App,Ibadan,Ibadan,0,
TXN0002859,ACC00055,2024-12-08 05:54:55,26023.4,MRT002,POS Terminal Lekki,POS,Mobile App,Lagos,Lagos,0,
TXN0002383,ACC00044,2024-12-05 17:35:39,25623.9,MRT008,ATM Withdrawal UBA,ATM,ATM,Kano,Kano,0,
TXN0003478,ACC00066,2024-12-04 03:44:53,143601.42,MRT006,Chicken Republic VI,Food & Dining,POS,Lagos,Lagos,0,
TXN0001657,ACC00032,2024-04-02 16:13:04,17476.87,MRT009,Bolt Ride Hailing,Transport,ATM,Port Harcourt,Port Harcourt,0,
TXN0001021,ACC00020,2024-09-01 18:03:02,65237.24,MRT007,EKEDC Electricity,Utilities,Mobile App,Port Harcourt,Port Harcourt,0,
TXN0004558,ACC00087,2024-08-24 21:40:38,51530.29,MRT007,EKEDC Electricity,Utilities,USSD,Kano,Kano,0,
TXN0001514,ACC00029,2024-02-04 08:22:47,71131.51,MRT004,Netflix Subscription,Streaming,Mobile App,Port Harcourt,Port Harcourt,0,
TXN0004992,ACC00096,2024-12-08 17:17:46,66891.21,MRT006,Chicken Republic VI,Food & Dining,Mobile App,Port Harcourt,Port Harcourt,0,
TXN0001937,ACC00036,2024-11-10 23:00:55,92273.23,MRT006,Chicken Republic VI,Food & Dining,ATM,Ibadan,Ibadan,0,
TXN0004939,ACC00095,2024-08-18 21:34:53,86198.57,MRT009,Bolt Ride Hailing,Transport,USSD,Port Harcourt,Port Harcourt,0,
TXN0000432,ACC00008,2024-05-08 00:19:49,87577.88,MRT005,Jumia Online Store,E-commerce,USSD,Ibadan,Ibadan,0,
TXN0001230,ACC00024,2024-11-13 09:19:43,124323.68,MRT007,EKEDC Electricity,Utilities,Mobile App,Lagos,Lagos,0,
TXN0001706,ACC00033,2024-02-24 04:51:54,89891.39,MRT010,Konga Electronics,E-commerce,Web,Lagos,Lagos,0,
TXN0006102,ACC00117,2024-02-27 06:48:17,28297.51,MRT008,ATM Withdrawal UBA,ATM,USSD,Kano,Kano,0,
TXN0002538,ACC00048,2024-10-03 08:27:30,37421.81,MRT007,EKEDC Electricity,Utilities,Mobile App,Kano,Kano,0,
TXN0000249,ACC00005,2024-09-14 17:18:47,137553.6,MRT003,MTN Airtime Top-up,Telecom,POS,Kano,Kano,0,
TXN0004699,ACC00089,2024-08-04 15:07:03,60627.94,MRT006,Chicken Republic VI,Food & Dining,Web,Ibadan,Ibadan,0,
TXN0002620,ACC00050,2024-05-28 19:32:42,82626.22,MRT007,EKEDC Electricity,Utilities,USSD,Kano,Kano,0,
TXN0003574,ACC00068,2024-03-05 18:15:17,24233.09,MRT006,Chicken Republic VI,Food & Dining,Web,Abuja,Abuja,0,
TXN0005029,ACC00097,2024-09-30 15:07:54,16519.39,MRT009,Bolt Ride Hailing,Transport,POS,Kano,Kano,0,
TXN0003226,ACC00060,2024-07-23 06:41:58,1339.37,MRT004,Netflix Subscription,Streaming,POS,Port Harcourt,Port Harcourt,0,
TXN0001515,ACC00029,2024-09-22 16:01:55,119815.69,MRT009,Bolt Ride Hailing,Transport,POS,Port Harcourt,Port Harcourt,0,
TXN0000646,ACC00012,2024-09-15 01:40:15,8242.2,MRT003,MTN Airtime Top-up,Telecom,POS,Kano,Kano,0,
TXN0001598,ACC00031,2024-03-06 06:20:50,83234.46,MRT006,Chicken Republic VI,Food & Dining,ATM,Ibadan,Ibadan,0,
TXN0003130,ACC00059,2024-09-30 17:23:14,116165.43,MRT003,MTN Airtime Top-up,Telecom,ATM,Lagos,Lagos,0,
TXN0001999,ACC00037,2024-03-05 20:59:03,130694.99,MRT002,POS Terminal Lekki,POS,POS,Port Harcourt,Port Harcourt,0,
TXN0001096,ACC00021,2024-07-14 11:22:05,14431.9,MRT002,POS Terminal Lekki,POS,Web,Ibadan,Ibadan,0,
TXN0005546,ACC00107,2024-10-24 11:13:12,102811.03,MRT009,Bolt Ride Hailing,Transport,Mobile App,Ibadan,Ibadan,0,
TXN0003470,ACC00066,2024-05-25 15:25:48,15665.27,MRT001,Shoprite Ikeja,Grocery,POS,Lagos,Lagos,0,
TXN0002305,ACC00043,2024-09-06 22:48:21,78370.49,MRT001,Shoprite Ikeja,Grocery,ATM,Abuja,Abuja,0,
TXN0001362,ACC00026,2024-03-28 21:01:04,61584.08,MRT001,Shoprite Ikeja,Grocery,Mobile App,Ibadan,Ibadan,0,
TXN0003335,ACC00063,2024-03-12 10:21:18,108378.3,MRT005,Jumia Online Store,E-commerce,Mobile App,Lagos,Lagos,0,
TXN0001520,ACC00029,2024-04-22 07:37:05,5781.27,MRT003,MTN Airtime Top-up,Telecom,USSD,Port Harcourt,Port Harcourt,0,
TXN0004598,ACC00088,2024-04-02 10:04:08,146941.86,MRT009,Bolt Ride Hailing,Transport,POS,Abuja,Abuja,0,
TXN0004073,ACC00077,2024-02-15 12:29:00,95970.01,MRT005,Jumia Online Store,E-commerce,Web,Ibadan,Ibadan,0,
TXN0005803,ACC00110,2024-02-01 22:13:22,121182.07,MRT007,EKEDC Electricity,Utilities,POS,Lagos,Lagos,0,
TXN0002820,ACC00054,2024-07-21 15:11:24,36458.26,MRT009,Bolt Ride Hailing,Transport,ATM,Ibadan,Ibadan,0,
TXN0005969,ACC00113,2024-10-07 22:38:06,30475.32,MRT003,MTN Airtime Top-up,Telecom,Web,Kano,Kano,0,
TXN0005616,ACC00108,2024-03-14 17:44:04,99741.69,MRT003,MTN Airtime Top-up,Telecom,Web,Kano,Kano,0,
TXN0003172,ACC00060,2024-10-22 09:08:03,9310.48,MRT004,Netflix Subscription,Streaming,ATM,Port Harcourt,Port Harcourt,0,
TXN0003420,ACC00065,2024-11-22 05:09:15,134771.13,MRT009,Bolt Ride Hailing,Transport,Web,Port Harcourt,Port Harcourt,0,
TXN0001658,ACC00032,2024-10-13 08:52:49,130734.14,MRT010,Konga Electronics,E-commerce,Web,Port Harcourt,Port Harcourt,0,
TXN0005762,ACC00110,2024-03-22 12:35:47,75665.23,MRT009,Bolt Ride Hailing,Transport,ATM,Lagos,Lagos,0,
TXN0003786,ACC00071,2024-02-03 07:14:54,1795.97,MRT001,Shoprite Ikeja,Grocery,Mobile App,Lagos,Lagos,0,
TXN0003402,ACC00064,2024-09-28 16:23:14,85450.56,MRT005,Jumia Online Store,E-commerce,USSD,Lagos,Lagos,0,
TXN0001933,ACC00036,2024-12-16 23:24:50,20127.36,MRT010,Konga Electronics,E-commerce,Mobile App,Ibadan,Ibadan,0,
TXN0002548,ACC00048,2024-02-16 17:47:01,88190.94,MRT001,Shoprite Ikeja,Grocery,Web,Kano,Kano,0,
TXN0006025,ACC00114,2024-12-30 10:08:03,31873.56,MRT001,Shoprite Ikeja,Grocery,ATM,Lagos,Lagos,0,
TXN0004238,ACC00081,2024-12-18 08:42:47,108257.27,MRT004,Netflix Subscription,Streaming,ATM,Abuja,Abuja,0,
TXN0005610,ACC00108,2024-08-24 16:08:53,101139.65,MRT007,EKEDC Electricity,Utilities,Web,Kano,Kano,0,
TXN0002610,ACC00050,2024-05-15 07:11:23,41028.45,MRT002,POS Terminal Lekki,POS,ATM,Kano,Kano,0,
TXN0005421,ACC00105,2024-08-18 07:57:39,138541.91,MRT008,ATM Withdrawal UBA,ATM,Mobile App,Kano,Kano,0,
TXN0002347,ACC00044,2024-10-28 15:17:09,122227.09,MRT006,Chicken Republic VI,Food & Dining,POS,Kano,Kano,0,
TXN0002712,ACC00052,2024-08-27 10:18:42,48898.02,MRT003,MTN Airtime Top-up,Telecom,POS,Port Harcourt,Port Harcourt,0,
TXN0001134,ACC00022,2024-03-28 21:13:37,144477.04,MRT010,Konga Electronics,E-commerce,ATM,Abuja,Abuja,0,
TXN0000994,ACC00019,2024-03-03 11:57:56,126979.12,MRT010,Konga Electronics,E-commerce,Mobile App,Kano,Kano,0,
TXN0003363,ACC00063,2024-12-01 21:23:23,395093.59,MRT014,FX Bureau Lagos,FX,Web,Nairobi,Lagos,1,Geographic anomaly: transaction far from home city
TXN0003552,ACC00067,2024-09-13 18:50:51,87115.6,MRT003,MTN Airtime Top-up,Telecom,Mobile App,Lagos,Lagos,0,
TXN0002561,ACC00049,2024-08-06 10:52:00,60426.92,MRT007,EKEDC Electricity,Utilities,POS,Lagos,Lagos,0,
TXN0004917,ACC00094,2024-07-29 17:34:54,46266.73,MRT011,Unknown Vendor XJ9,Unknown,Web,Accra,Abuja,1,Unknown or unregistered merchant
TXN0004831,ACC00092,2024-08-03 12:25:43,115488.95,MRT001,Shoprite Ikeja,Grocery,USSD,Ibadan,Ibadan,0,
TXN0005274,ACC00101,2024-01-04 07:33:45,97259.87,MRT005,Jumia Online Store,E-commerce,ATM,Kano,Kano,0,
TXN0004704,ACC00090,2024-05-10 23:43:37,81431.74,MRT005,Jumia Online Store,E-commerce,POS,Abuja,Abuja,0,
TXN0004062,ACC00077,2024-02-05 08:04:00,146296.38,MRT008,ATM Withdrawal UBA,ATM,USSD,Ibadan,Ibadan,0,
TXN0004239,ACC00081,2024-01-15 22:22:17,94914.93,MRT001,Shoprite Ikeja,Grocery,POS,Abuja,Abuja,0,
TXN0001014,ACC00020,2024-09-17 07:58:34,129810.15,MRT004,Netflix Subscription,Streaming,ATM,Port Harcourt,Port Harcourt,0,
TXN0001461,ACC00028,2024-09-01 11:05:31,92639.14,MRT008,ATM Withdrawal UBA,ATM,POS,Ibadan,Ibadan,0,
TXN0004257,ACC00081,2024-06-10 20:26:19,75511.9,MRT001,Shoprite Ikeja,Grocery,POS,Abuja,Abuja,0,
TXN0005284,ACC00102,2024-10-08 07:28:36,136162.26,MRT005,Jumia Online Store,E-commerce,Mobile App,Kano,Kano,0,
TXN0005140,ACC00099,2024-07-14 11:50:24,82300.79,MRT004,Netflix Subscription,Streaming,Web,Port Harcourt,Port Harcourt,0,
TXN0000224,ACC00005,2024-05-09 08:25:28,11918.72,MRT003,MTN Airtime Top-up,Telecom,Mobile App,Kano,Kano,0,
TXN0006116,ACC00117,2024-09-23 22:08:20,141566.74,MRT009,Bolt Ride Hailing,Transport,USSD,Kano,Kano,0,
TXN0000713,ACC00014,2024-12-14 11:19:31,62251.99,MRT009,Bolt Ride Hailing,Transport,POS,Lagos,Lagos,0,
TXN0004988,ACC00096,2024-10-22 08:18:28,2744.59,MRT009,Bolt Ride Hailing,Transport,ATM,Port Harcourt,Port Harcourt,0,
TXN0000792,ACC00016,2024-04-13 00:26:48,44961.4,MRT005,Jumia Online Store,E-commerce,Mobile App,Ibadan,Ibadan,0,
TXN0001759,ACC00034,2024-03-24 05:10:42,34519.35,MRT009,Bolt Ride Hailing,Transport,Mobile App,Abuja,Abuja,0,
TXN0001762,ACC00034,2024-09-30 16:34:05,83791.25,MRT005,Jumia Online Store,E-commerce,Mobile App,Abuja,Abuja,0,
TXN0002098,ACC00038,2024-11-22 00:35:33,366107.46,MRT014,FX Bureau Lagos,FX,Web,New York,Abuja,1,Foreign transaction: cross-border anomaly
TXN0002391,ACC00044,2024-10-24 14:46:55,10167.72,MRT010,Konga Electronics,E-commerce,POS,Kano,Kano,0,
TXN0006083,ACC00116,2024-11-09 11:27:46,20530.97,MRT002,POS Terminal Lekki,POS,USSD,Ibadan,Ibadan,0,
TXN0000710,ACC00014,2024-11-25 17:18:33,16040.38,MRT005,Jumia Online Store,E-commerce,USSD,Lagos,Lagos,0,
TXN0004460,ACC00085,2024-04-30 05:32:29,12784.16,MRT005,Jumia Online Store,E-commerce,Mobile App,Lagos,Lagos,0,
TXN0003249,ACC00061,2024-03-11 21:01:56,28256.0,MRT002,POS Terminal Lekki,POS,USSD,Kano,Kano,0,
TXN0001754,ACC00034,2024-07-24 09:08:03,107513.84,MRT004,Netflix Subscription,Streaming,POS,Abuja,Abuja,0,
TXN0001814,ACC00034,2024-01-19 11:01:27,149436.04,MRT005,Jumia Online Store,E-commerce,ATM,Abuja,Abuja,0,
TXN0006158,ACC00119,2024-03-27 07:08:05,98006.5,MRT006,Chicken Republic VI,Food & Dining,POS,Kano,Kano,0,
TXN0001221,ACC00024,2024-07-10 01:44:06,48436.24,MRT004,Netflix Subscription,Streaming,Web,Lagos,Lagos,0,
TXN0003294,ACC00062,2024-05-30 12:27:02,48094.33,MRT003,MTN Airtime Top-up,Telecom,Web,Lagos,Lagos,0,
TXN0003165,ACC00059,2024-10-23 04:52:58,107329.52,MRT009,Bolt Ride Hailing,Transport,ATM,Lagos,Lagos,0,
TXN0001223,ACC00024,2024-04-19 13:29:53,19193.36,MRT005,Jumia Online Store,E-commerce,ATM,Lagos,Lagos,0,
TXN0004789,ACC00092,2024-02-15 00:34:56,57696.02,MRT002,POS Terminal Lekki,POS,Mobile App,Ibadan,Ibadan,0,
TXN0002051,ACC00038,2024-08-10 01:14:01,6522.18,MRT005,Jumia Online Store,E-commerce,Web,Abuja,Abuja,0,
TXN0000761,ACC00015,2024-12-22 11:24:45,30618.93,MRT010,Konga Electronics,E-commerce,Web,Abuja,Abuja,0,
TXN0001247,ACC00025,2024-10-11 17:48:54,3692.25,MRT004,Netflix Subscription,Streaming,ATM,Port Harcourt,Port Harcourt,0,
TXN0000888,ACC00017,2024-10-20 22:19:55,28991.22,MRT009,Bolt Ride Hailing,Transport,Mobile App,Abuja,Abuja,0,
TXN0006192,ACC00119,2024-02-15 18:56:55,36787.67,MRT003,MTN Airtime Top-up,Telecom,ATM,Kano,Kano,0,
TXN0001366,ACC00026,2024-09-24 03:20:42,130082.85,MRT006,Chicken Republic VI,Food & Dining,Web,Ibadan,Ibadan,0,
TXN0001161,ACC00022,2024-01-13 15:30:21,52419.7,MRT009,Bolt Ride Hailing,Transport,Web,Abuja,Abuja,0,
TXN0002783,ACC00054,2024-05-28 18:14:45,30358.26,MRT007,EKEDC Electricity,Utilities,POS,Ibadan,Ibadan,0,
TXN0001687,ACC00032,2024-06-06 02:47:39,115393.47,MRT008,ATM Withdrawal UBA,ATM,ATM,Port Harcourt,Port Harcourt,0,
TXN0003804,ACC00072,2024-04-23 12:53:40,53529.42,MRT002,POS Terminal Lekki,POS,ATM,Abuja,Abuja,0,
TXN0003410,ACC00065,2024-08-14 21:27:46,39283.47,MRT001,Shoprite Ikeja,Grocery,USSD,Port Harcourt,Port Harcourt,0,
TXN0001375,ACC00027,2024-06-28 04:04:02,63658.1,MRT003,MTN Airtime Top-up,Telecom,USSD,Kano,Kano,0,
TXN0005676,ACC00109,2024-06-09 22:54:39,5168.89,MRT001,Shoprite Ikeja,Grocery,Web,Port Harcourt,Port Harcourt,0,
TXN0002449,ACC00045,2024-04-06 10:40:09,7401.86,MRT005,Jumia Online Store,E-commerce,USSD,Lagos,Lagos,0,
TXN0003003,ACC00057,2024-05-22 12:04:09,44256.17,MRT009,Bolt Ride Hailing,Transport,Web,Lagos,Lagos,0,
TXN0003986,ACC00075,2024-03-26 01:53:37,52994.59,MRT010,Konga Electronics,E-commerce,ATM,Kano,Kano,0,
TXN0005702,ACC00109,2024-10-11 02:08:01,92814.08,MRT004,Netflix Subscription,Streaming,USSD,Port Harcourt,Port Harcourt,0,
TXN0000880,ACC00017,2024-12-12 17:55:10,21912.01,MRT008,ATM Withdrawal UBA,ATM,Web,Abuja,Abuja,0,
TXN0003263,ACC00061,2024-08-02 05:23:20,14068.25,MRT005,Jumia Online Store,E-commerce,Web,Kano,Kano,0,
TXN0000479,ACC00009,2024-06-09 06:25:58,83814.37,MRT007,EKEDC Electricity,Utilities,Web,Lagos,Lagos,0,
TXN0001552,ACC00030,2024-08-20 18:40:22,106357.23,MRT002,POS Terminal Lekki,POS,Mobile App,Abuja,Abuja,0,
TXN0005276,ACC00101,2024-05-29 15:37:56,65359.06,MRT003,MTN Airtime Top-up,Telecom,Mobile App,Kano,Kano,0,
TXN0000744,ACC00015,2024-06-11 19:33:06,96576.55,MRT004,Netflix Subscription,Streaming,USSD,Abuja,Abuja,0,
TXN0005320,ACC00102,2024-02-25 04:21:47,12370.42,MRT002,POS Terminal Lekki,POS,USSD,Kano,Kano,0,
TXN0005937,ACC00112,2024-06-22 01:56:17,139470.58,MRT002,POS Terminal Lekki,POS,USSD,Abuja,Abuja,0,
TXN0002629,ACC00050,2024-04-04 04:14:22,124259.36,MRT004,Netflix Subscription,Streaming,Mobile App,Kano,Kano,0,
TXN0005876,ACC00111,2024-11-09 16:42:40,71357.17,MRT002,POS Terminal Lekki,POS,Mobile App,Ibadan,Ibadan,0,
TXN0005808,ACC00110,2024-02-18 07:51:44,28741.95,MRT001,Shoprite Ikeja,Grocery,USSD,Lagos,Lagos,0,
TXN0005653,ACC00108,2024-04-22 15:08:34,1976.51,MRT006,Chicken Republic VI,Food & Dining,USSD,Kano,Kano,0,
TXN0002359,ACC00044,2024-04-17 11:36:38,51651.71,MRT002,POS Terminal Lekki,POS,USSD,Kano,Kano,0,
TXN0000916,ACC00018,2024-02-08 18:17:11,131184.0,MRT003,MTN Airtime Top-up,Telecom,POS,Abuja,Abuja,0,
TXN0000857,ACC00017,2024-01-03 20:29:03,149914.69,MRT009,Bolt Ride Hailing,Transport,POS,Abuja,Abuja,0,
TXN0001257,ACC00025,2024-10-28 08:59:55,36198.59,MRT010,Konga Electronics,E-commerce,Mobile App,Port Harcourt,Port Harcourt,0,
TXN0002189,ACC00041,2024-09-26 15:50:50,48033.77,MRT006,Chicken Republic VI,Food & Dining,ATM,Ibadan,Ibadan,0,
TXN0003812,ACC00072,2024-08-02 02:14:49,20032.15,MRT001,Shoprite Ikeja,Grocery,USSD,Abuja,Abuja,0,
TXN0000851,ACC00017,2024-07-03 02:54:22,97282.05,MRT003,MTN Airtime Top-up,Telecom,USSD,Abuja,Abuja,0,
TXN0003106,ACC00059,2024-06-21 14:09:19,74241.7,MRT007,EKEDC Electricity,Utilities,Mobile App,Lagos,Lagos,0,
TXN0000467,ACC00009,2024-02-24 10:09:29,149025.77,MRT009,Bolt Ride Hailing,Transport,Web,Lagos,Lagos,0,
TXN0005210,ACC00100,2024-08-04 02:48:09,67946.57,MRT009,Bolt Ride Hailing,Transport,USSD,Abuja,Abuja,0,
TXN0003483,ACC00066,2024-02-24 11:24:38,96514.92,MRT002,POS Terminal Lekki,POS,ATM,Lagos,Lagos,0,
TXN0000190,ACC00004,2024-05-01 08:14:05,15988.28,MRT006,Chicken Republic VI,Food & Dining,USSD,Ibadan,Ibadan,0,
TXN0003103,ACC00059,2024-05-23 12:22:03,42634.71,MRT004,Netflix Subscription,Streaming,USSD,Lagos,Lagos,0,
TXN0002515,ACC00048,2024-06-02 05:26:07,111716.64,MRT007,EKEDC Electricity,Utilities,Mobile App,Kano,Kano,0,
TXN0004389,ACC00083,2024-06-27 23:28:51,99418.36,MRT001,Shoprite Ikeja,Grocery,Web,Port Harcourt,Port Harcourt,0,
TXN0002717,ACC00052,2024-02-07 20:15:47,33184.1,MRT001,Shoprite Ikeja,Grocery,Web,Port Harcourt,Port Harcourt,0,
TXN0004852,ACC00093,2024-01-25 21:13:05,36461.9,MRT009,Bolt Ride Hailing,Transport,Web,Ibadan,Ibadan,0,
TXN0004801,ACC00092,2024-09-15 05:32:09,147306.58,MRT006,Chicken Republic VI,Food & Dining,Web,Ibadan,Ibadan,0,
TXN0004719,ACC00090,2024-10-05 08:28:39,22038.82,MRT008,ATM Withdrawal UBA,ATM,Web,Abuja,Abuja,0,
TXN0000573,ACC00011,2024-02-12 11:23:48,98811.45,MRT004,Netflix Subscription,Streaming,POS,Abuja,Abuja,0,
TXN0004900,ACC00094,2024-08-05 08:40:43,22990.33,MRT009,Bolt Ride Hailing,Transport,ATM,Abuja,Abuja,0,
TXN0001526,ACC00029,2024-04-07 21:17:07,92561.77,MRT003,MTN Airtime Top-up,Telecom,POS,Port Harcourt,Port Harcourt,0,
TXN0000194,ACC00004,2024-03-28 19:57:19,126850.7,MRT007,EKEDC Electricity,Utilities,USSD,Ibadan,Ibadan,0,
TXN0000722,ACC00014,2024-06-29 23:56:54,61273.63,MRT006,Chicken Republic VI,Food & Dining,USSD,Lagos,Lagos,0,
TXN0002724,ACC00052,2024-06-14 09:12:07,146123.49,MRT009,Bolt Ride Hailing,Transport,POS,Port Harcourt,Port Harcourt,0,
TXN0000755,ACC00015,2024-05-03 12:00:55,137140.01,MRT006,Chicken Republic VI,Food & Dining,Mobile App,Abuja,Abuja,0,
TXN0004902,ACC00094,2024-04-13 17:52:25,88531.83,MRT001,Shoprite Ikeja,Grocery,Web,Abuja,Abuja,0,
TXN0002405,ACC00044,2024-02-27 06:06:14,42867.23,MRT010,Konga Electronics,E-commerce,Mobile App,Kano,Kano,0,
TXN0003560,ACC00067,2024-12-24 19:14:17,50919.56,MRT006,Chicken Republic VI,Food & Dining,Web,Lagos,Lagos,0,
TXN0000951,ACC00019,2024-02-07 20:10:43,828.44,MRT004,Netflix Subscription,Streaming,POS,Kano,Kano,0,
TXN0005536,ACC00107,2024-11-28 21:15:49,22873.2,MRT005,Jumia Online Store,E-commerce,Mobile App,Ibadan,Ibadan,0,
TXN0000130,ACC00003,2024-08-23 18:15:21,33241.18,MRT006,Chicken Republic VI,Food & Dining,Web,Kano,Kano,0,
TXN0000154,ACC00003,2024-08-27 02:17:40,140888.43,MRT007,EKEDC Electricity,Utilities,POS,Kano,Kano,0,
TXN0006009,ACC00114,2024-12-05 14:17:32,121040.59,MRT009,Bolt Ride Hailing,Transport,Mobile App,Lagos,Lagos,0,
TXN0000560,ACC00010,2024-05-03 22:34:43,110363.72,MRT005,Jumia Online Store,E-commerce,ATM,Ibadan,Ibadan,0,
TXN0003494,ACC00066,2024-09-09 14:34:28,11417.36,MRT006,Chicken Republic VI,Food & Dining,USSD,Lagos,Lagos,0,
TXN0005034,ACC00097,2024-07-23 22:27:45,116573.48,MRT009,Bolt Ride Hailing,Transport,USSD,Kano,Kano,0,
TXN0003881,ACC00073,2024-04-02 01:10:00,73543.89,MRT004,Netflix Subscription,Streaming,ATM,Lagos,Lagos,0,
TXN0003998,ACC00076,2024-08-17 00:18:59,95465.33,MRT008,ATM Withdrawal UBA,ATM,USSD,Port Harcourt,Port Harcourt,0,
TXN0002128,ACC00039,2024-12-08 23:06:23,792.27,MRT008,ATM Withdrawal UBA,ATM,ATM,Ibadan,Ibadan,0,
TXN0004698,ACC00089,2024-02-20 09:35:56,126782.98,MRT004,Netflix Subscription,Streaming,USSD,Ibadan,Ibadan,0,
TXN0003477,ACC00066,2024-09-24 19:15:34,21499.9,MRT001,Shoprite Ikeja,Grocery,Mobile App,Lagos,Lagos,0,
TXN0000843,ACC00017,2024-09-21 13:00:18,36669.75,MRT001,Shoprite Ikeja,Grocery,ATM,Abuja,Abuja,0,
TXN0001024,ACC00020,2024-05-18 22:00:24,16367.26,MRT009,Bolt Ride Hailing,Transport,POS,Port Harcourt,Port Harcourt,0,
TXN0003658,ACC00069,2024-01-09 14:07:42,67546.01,MRT009,Bolt Ride Hailing,Transport,Mobile App,Abuja,Abuja,0,
TXN0004586,ACC00087,2024-01-08 13:24:12,119900.72,MRT009,Bolt Ride Hailing,Transport,ATM,Kano,Kano,0,
TXN0001646,ACC00032,2024-12-05 12:07:32,28149.39,MRT007,EKEDC Electricity,Utilities,POS,Port Harcourt,Port Harcourt,0,
TXN0003523,ACC00067,2024-10-10 08:38:10,7282.74,MRT006,Chicken Republic VI,Food & Dining,Web,Lagos,Lagos,0,
TXN0000391,ACC00008,2024-03-15 02:14:19,66435.27,MRT001,Shoprite Ikeja,Grocery,ATM,Ibadan,Ibadan,0,
TXN0000079,ACC00002,2024-12-01 21:33:03,123826.62,MRT009,Bolt Ride Hailing,Transport,Mobile App,Lagos,Lagos,0,
TXN0000581,ACC00011,2024-06-10 13:10:19,17852.37,MRT002,POS Terminal Lekki,POS,Web,Abuja,Abuja,0,
TXN0002320,ACC00043,2024-06-13 03:49:26,91604.44,MRT009,Bolt Ride Hailing,Transport,ATM,Abuja,Abuja,0,
TXN0002412,ACC00044,2024-04-26 03:49:50,148663.95,MRT003,MTN Airtime Top-up,Telecom,USSD,Kano,Kano,0,
TXN0003026,ACC00058,2024-04-19 00:18:53,13287.76,MRT005,Jumia Online Store,E-commerce,Web,Lagos,Lagos,0,
TXN0004802,ACC00092,2024-08-19 14:08:08,56648.75,MRT005,Jumia Online Store,E-commerce,Mobile App,Ibadan,Ibadan,0,
TXN0004124,ACC00079,2024-03-05 17:05:34,10483.45,MRT009,Bolt Ride Hailing,Transport,Mobile App,Kano,Kano,0,
TXN0000309,ACC00006,2024-10-09 08:53:20,12299.59,MRT007,EKEDC Electricity,Utilities,USSD,Abuja,Abuja,0,
TXN0001291,ACC00025,2024-12-25 14:13:21,23629.86,MRT010,Konga Electronics,E-commerce,Mobile App,Port Harcourt,Port Harcourt,0,
TXN0000423,ACC00008,2024-11-26 12:27:06,70469.1,MRT009,Bolt Ride Hailing,Transport,Web,Ibadan,Ibadan,0,
TXN0005338,ACC00102,2024-04-30 01:50:53,48308.4,MRT003,MTN Airtime Top-up,Telecom,Web,Kano,Kano,0,
TXN0004298,ACC00081,2024-10-13 20:30:56,61327.2,MRT005,Jumia Online Store,E-commerce,Mobile App,Abuja,Abuja,0,
TXN0006030,ACC00114,2024-10-22 08:55:45,102719.56,MRT006,Chicken Republic VI,Food & Dining,USSD,Lagos,Lagos,0,
TXN0001654,ACC00032,2024-06-29 17:24:11,6610.71,MRT010,Konga Electronics,E-commerce,POS,Port Harcourt,Port Harcourt,0,
TXN0005191,ACC00100,2024-11-30 17:22:43,3566.42,MRT004,Netflix Subscription,Streaming,ATM,Abuja,Abuja,0,
TXN0000629,ACC00011,2024-11-17 18:00:36,114340.3,MRT004,Netflix Subscription,Streaming,ATM,Abuja,Abuja,0,
TXN0004130,ACC00079,2024-08-02 22:25:19,108619.67,MRT006,Chicken Republic VI,Food & Dining,Web,Kano,Kano,0,
TXN0001185,ACC00024,2024-06-29 02:28:57,130304.52,MRT003,MTN Airtime Top-up,Telecom,POS,Lagos,Lagos,0,
TXN0005845,ACC00111,2024-01-24 02:33:15,72666.82,MRT010,Konga Electronics,E-commerce,USSD,Ibadan,Ibadan,0,
TXN0000392,ACC00008,2024-02-28 19:26:29,103729.79,MRT007,EKEDC Electricity,Utilities,ATM,Ibadan,Ibadan,0,
TXN0003035,ACC00058,2024-04-17 08:39:37,82941.46,MRT010,Konga Electronics,E-commerce,Mobile App,Lagos,Lagos,0,
TXN0001181,ACC00023,2024-12-02 20:27:40,30244.24,MRT010,Konga Electronics,E-commerce,USSD,Abuja,Abuja,0,
TXN0004882,ACC00093,2024-02-06 22:11:29,141585.27,MRT009,Bolt Ride Hailing,Transport,Mobile App,Ibadan,Ibadan,0,
TXN0004208,ACC00080,2024-01-16 16:50:00,133985.52,MRT003,MTN Airtime Top-up,Telecom,POS,Abuja,Abuja,0,
TXN0004137,ACC00079,2024-06-28 13:55:44,68514.15,MRT004,Netflix Subscription,Streaming,Mobile App,Kano,Kano,0,
TXN0005817,ACC00111,2024-08-31 09:13:54,85665.34,MRT001,Shoprite Ikeja,Grocery,Web,Ibadan,Ibadan,0,
TXN0001338,ACC00026,2024-01-08 03:14:29,102804.55,MRT006,Chicken Republic VI,Food & Dining,POS,Ibadan,Ibadan,0,
TXN0005924,ACC00112,2024-01-09 23:42:18,143264.27,MRT010,Konga Electronics,E-commerce,Mobile App,Abuja,Abuja,0,
TXN0000078,ACC00002,2024-05-02 03:30:44,48829.43,MRT005,Jumia Online Store,E-commerce,ATM,Lagos,Lagos,0,
TXN0002849,ACC00055,2024-04-16 23:28:06,132448.74,MRT004,Netflix Subscription,Streaming,ATM,Lagos,Lagos,0,
TXN0003728,ACC00070,2024-11-13 04:25:31,38387.11,MRT008,ATM Withdrawal UBA,ATM,Mobile App,Port Harcourt,Port Harcourt,0,
TXN0001373,ACC00026,2024-08-04 14:08:58,77660.94,MRT007,EKEDC Electricity,Utilities,Mobile App,Ibadan,Ibadan,0,
TXN0002832,ACC00055,2024-12-03 01:01:48,77262.87,MRT010,Konga Electronics,E-commerce,ATM,Lagos,Lagos,0,
TXN0005765,ACC00110,2024-11-20 00:09:59,12428.06,MRT009,Bolt Ride Hailing,Transport,POS,Lagos,Lagos,0,
TXN0004386,ACC00083,2024-03-15 18:38:45,123435.95,MRT003,MTN Airtime Top-up,Telecom,Web,Port Harcourt,Port Harcourt,0,
TXN0003582,ACC00068,2024-12-24 11:28:10,89300.75,MRT010,Konga Electronics,E-commerce,Mobile App,Abuja,Abuja,0,
TXN0001769,ACC00034,2024-09-18 00:23:02,59757.28,MRT002,POS Terminal Lekki,POS,USSD,Abuja,Abuja,0,
TXN0004977,ACC00096,2024-01-22 01:06:35,59775.31,MRT002,POS Terminal Lekki,POS,POS,Port Harcourt,Port Harcourt,0,
TXN0000758,ACC00015,2024-07-29 12:58:03,26745.74,MRT005,Jumia Online Store,E-commerce,Mobile App,Abuja,Abuja,0,
TXN0005039,ACC00097,2024-11-30 17:00:16,81296.83,MRT010,Konga Electronics,E-commerce,ATM,Kano,Kano,0,
TXN0000800,ACC00016,2024-02-05 09:27:26,58435.3,MRT009,Bolt Ride Hailing,Transport,POS,Ibadan,Ibadan,0,
TXN0000757,ACC00015,2024-02-25 04:29:21,142281.09,MRT010,Konga Electronics,E-commerce,ATM,Abuja,Abuja,0,
TXN0004253,ACC00081,2024-04-08 16:46:27,40172.2,MRT007,EKEDC Electricity,Utilities,USSD,Abuja,Abuja,0,
TXN0005893,ACC00111,2024-09-16 04:45:25,48290.54,MRT002,POS Terminal Lekki,POS,USSD,Ibadan,Ibadan,0,
TXN0001656,ACC00032,2024-10-02 11:30:04,21191.67,MRT004,Netflix Subscription,Streaming,POS,Port Harcourt,Port Harcourt,0,
TXN0000051,ACC00002,2024-08-04 17:37:03,91144.49,MRT007,EKEDC Electricity,Utilities,USSD,Lagos,Lagos,0,
TXN0000804,ACC00016,2024-10-19 03:20:22,13313.24,MRT002,POS Terminal Lekki,POS,POS,Ibadan,Ibadan,0,
TXN0004327,ACC00082,2024-08-11 22:27:02,122259.71,MRT003,MTN Airtime Top-up,Telecom,USSD,Abuja,Abuja,0,
TXN0005491,ACC00106,2024-08-30 04:27:08,1893.23,MRT004,Netflix Subscription,Streaming,Mobile App,Ibadan,Ibadan,0,
TXN0000735,ACC00014,2024-03-17 19:10:00,121490.15,MRT008,ATM Withdrawal UBA,ATM,Mobile App,Lagos,Lagos,0,
TXN0005501,ACC00106,2024-01-22 18:25:27,141263.54,MRT002,POS Terminal Lekki,POS,Web,Ibadan,Ibadan,0,
TXN0004932,ACC00095,2024-12-18 00:31:52,112696.23,MRT005,Jumia Online Store,E-commerce,ATM,Port Harcourt,Port Harcourt,0,
TXN0000296,ACC00006,2024-10-26 14:54:50,110410.45,MRT010,Konga Electronics,E-commerce,POS,Abuja,Abuja,0,
TXN0002956,ACC00057,2024-08-04 02:39:35,29759.83,MRT004,Netflix Subscription,Streaming,ATM,Lagos,Lagos,0,
TXN0003313,ACC00062,2024-07-13 23:33:11,117260.03,MRT006,Chicken Republic VI,Food & Dining,POS,Lagos,Lagos,0,
TXN0003787,ACC00071,2024-05-08 17:53:03,47337.44,MRT002,POS Terminal Lekki,POS,POS,Lagos,Lagos,0,
TXN0001002,ACC00020,2024-09-14 14:43:31,49994.45,MRT006,Chicken Republic VI,Food & Dining,POS,Port Harcourt,Port Harcourt,0,
TXN0004009,ACC00076,2024-03-25 02:26:31,61885.76,MRT010,Konga Electronics,E-commerce,Mobile App,Port Harcourt,Port Harcourt,0,
TXN0004881,ACC00093,2024-09-13 14:41:30,94808.28,MRT001,Shoprite Ikeja,Grocery,POS,Ibadan,Ibadan,0,
TXN0004935,ACC00095,2024-09-27 16:38:47,41403.21,MRT005,Jumia Online Store,E-commerce,USSD,Port Harcourt,Port Harcourt,0,
TXN0003367,ACC00064,2024-06-01 07:19:14,128928.96,MRT004,Netflix Subscription,Streaming,ATM,Lagos,Lagos,0,
TXN0001753,ACC00034,2024-01-27 12:56:50,123028.18,MRT002,POS Terminal Lekki,POS,Mobile App,Abuja,Abuja,0,
TXN0003538,ACC00067,2024-02-13 15:44:33,69932.78,MRT008,ATM Withdrawal UBA,ATM,ATM,Lagos,Lagos,0,
TXN0006246,ACC00120,2024-04-11 20:35:28,124290.67,MRT006,Chicken Republic VI,Food & Dining,Mobile App,Ibadan,Ibadan,0,
TXN0000010,ACC00001,2024-03-06 03:54:29,91283.5,MRT010,Konga Electronics,E-commerce,Mobile App,Lagos,Lagos,0,
TXN0003432,ACC00065,2024-05-03 19:58:30,29865.66,MRT002,POS Terminal Lekki,POS,Mobile App,Port Harcourt,Port Harcourt,0,
TXN0002670,ACC00051,2024-06-22 18:49:04,51183.6,MRT003,MTN Airtime Top-up,Telecom,POS,Abuja,Abuja,0,
TXN0002245,ACC00042,2024-04-30 07:08:46,122775.47,MRT007,EKEDC Electricity,Utilities,ATM,Abuja,Abuja,0,
TXN0004883,ACC00093,2024-04-01 08:19:22,102809.75,MRT006,Chicken Republic VI,Food & Dining,USSD,Ibadan,Ibadan,0,
TXN0001666,ACC00032,2024-12-14 17:27:43,43611.72,MRT003,MTN Airtime Top-up,Telecom,Mobile App,Port Harcourt,Port Harcourt,0,
TXN0000217,ACC00005,2024-12-23 17:51:22,129385.45,MRT002,POS Terminal Lekki,POS,USSD,Kano,Kano,0,
TXN0003437,ACC00065,2024-10-28 21:51:16,88546.16,MRT004,Netflix Subscription,Streaming,USSD,Port Harcourt,Port Harcourt,0,
TXN0006186,ACC00119,2024-10-16 23:00:45,149973.27,MRT009,Bolt Ride Hailing,Transport,Web,Kano,Kano,0,
TXN0005919,ACC00112,2024-05-26 08:59:38,119095.28,MRT004,Netflix Subscription,Streaming,ATM,Abuja,Abuja,0,
TXN0004920,ACC00095,2024-12-07 21:18:36,21050.18,MRT007,EKEDC Electricity,Utilities,POS,Port Harcourt,Port Harcourt,0,
TXN0000528,ACC00010,2024-12-26 17:44:31,45241.89,MRT002,POS Terminal Lekki,POS,USSD,Ibadan,Ibadan,0,
TXN0004857,ACC00093,2024-06-22 13:42:08,73105.23,MRT010,Konga Electronics,E-commerce,ATM,Ibadan,Ibadan,0,
TXN0001734,ACC00033,2024-07-14 11:52:07,124820.25,MRT004,Netflix Subscription,Streaming,USSD,Lagos,Lagos,0,
TXN0001312,ACC00026,2024-08-05 22:27:40,149563.28,MRT010,Konga Electronics,E-commerce,USSD,Ibadan,Ibadan,0,
TXN0005136,ACC00099,2024-06-12 08:59:33,9541.09,MRT009,Bolt Ride Hailing,Transport,POS,Port Harcourt,Port Harcourt,0,
TXN0002585,ACC00050,2024-04-30 10:54:10,132845.33,MRT003,MTN Airtime Top-up,Telecom,ATM,Kano,Kano,0,
TXN0001661,ACC00032,2024-05-24 18:52:34,68135.39,MRT006,Chicken Republic VI,Food & Dining,USSD,Port Harcourt,Port Harcourt,0,
TXN0002751,ACC00053,2024-01-05 11:32:35,23380.77,MRT010,Konga Electronics,E-commerce,USSD,Kano,Kano,0,
TXN0005009,ACC00097,2024-10-10 21:09:17,102484.73,MRT008,ATM Withdrawal UBA,ATM,USSD,Kano,Kano,0,
TXN0000186,ACC00004,2024-11-11 06:14:17,83677.42,MRT003,MTN Airtime Top-up,Telecom,USSD,Ibadan,Ibadan,0,
TXN0000399,ACC00008,2024-04-18 08:31:41,45125.62,MRT009,Bolt Ride Hailing,Transport,POS,Ibadan,Ibadan,0,
TXN0001869,ACC00035,2024-01-02 04:40:06,30411.26,MRT007,EKEDC Electricity,Utilities,POS,Port Harcourt,Port Harcourt,0,
TXN0004100,ACC00078,2024-06-22 06:33:40,35211.02,MRT004,Netflix Subscription,Streaming,Mobile App,Abuja,Abuja,0,
TXN0000318,ACC00006,2024-01-14 12:20:59,10551.39,MRT003,MTN Airtime Top-up,Telecom,POS,Abuja,Abuja,0,
TXN0002247,ACC00042,2024-08-16 03:49:18,75620.02,MRT004,Netflix Subscription,Streaming,ATM,Abuja,Abuja,0,
TXN0003271,ACC00061,2024-09-08 14:41:29,28473.17,MRT002,POS Terminal Lekki,POS,POS,Kano,Kano,0,
TXN0004046,ACC00077,2024-11-22 03:13:57,140672.48,MRT006,Chicken Republic VI,Food & Dining,POS,Ibadan,Ibadan,0,
TXN0004665,ACC00088,2024-05-17 02:23:03,44477.5,MRT010,Konga Electronics,E-commerce,Web,Abuja,Abuja,0,
TXN0005680,ACC00109,2024-12-30 08:07:18,59312.5,MRT001,Shoprite Ikeja,Grocery,POS,Port Harcourt,Port Harcourt,0,
TXN0003872,ACC00073,2024-08-20 16:09:51,79680.69,MRT003,MTN Airtime Top-up,Telecom,POS,Lagos,Lagos,0,
TXN0000426,ACC00008,2024-10-13 01:46:35,118719.77,MRT006,Chicken Republic VI,Food & Dining,USSD,Ibadan,Ibadan,0,
TXN0002586,ACC00050,2024-09-23 22:43:23,28583.28,MRT010,Konga Electronics,E-commerce,Web,Kano,Kano,0,
TXN0000700,ACC00013,2024-03-10 15:36:37,120748.53,MRT004,Netflix Subscription,Streaming,Mobile App,Port Harcourt,Port Harcourt,0,
TXN0005945,ACC00112,2024-08-23 19:36:11,37932.24,MRT010,Konga Electronics,E-commerce,USSD,Abuja,Abuja,0,
TXN0002191,ACC00041,2024-08-16 02:16:26,128238.1,MRT004,Netflix Subscription,Streaming,POS,Ibadan,Ibadan,0,
TXN0001972,ACC00036,2024-07-08 07:47:48,73172.09,MRT007,EKEDC Electricity,Utilities,USSD,Ibadan,Ibadan,0,
TXN0001775,ACC00034,2024-04-18 03:58:44,89250.67,MRT010,Konga Electronics,E-commerce,ATM,Abuja,Abuja,0,
TXN0005855,ACC00111,2024-11-17 17:35:40,8216.85,MRT010,Konga Electronics,E-commerce,Web,Ibadan,Ibadan,0,
TXN0005509,ACC00107,2024-11-18 20:30:54,99252.8,MRT005,Jumia Online Store,E-commerce,USSD,Ibadan,Ibadan,0,
TXN0000266,ACC00006,2024-05-28 07:18:32,79355.24,MRT009,Bolt Ride Hailing,Transport,Web,Abuja,Abuja,0,
TXN0003844,ACC00072,2024-10-12 14:49:37,79817.35,MRT004,Netflix Subscription,Streaming,POS,Abuja,Abuja,0,
TXN0000378,ACC00007,2024-08-21 23:21:42,60507.37,MRT009,Bolt Ride Hailing,Transport,Mobile App,Port Harcourt,Port Harcourt,0,
TXN0005745,ACC00110,2024-05-31 09:46:52,110550.32,MRT005,Jumia Online Store,E-commerce,USSD,Lagos,Lagos,0,
TXN0000346,ACC00007,2024-04-16 14:04:08,93940.84,MRT003,MTN Airtime Top-up,Telecom,USSD,Port Harcourt,Port Harcourt,0,
TXN0005810,ACC00110,2024-01-04 05:06:21,21835.13,MRT005,Jumia Online Store,E-commerce,ATM,Lagos,Lagos,0,
TXN0000845,ACC00017,2024-08-15 22:07:13,52789.11,MRT009,Bolt Ride Hailing,Transport,Web,Abuja,Abuja,0,
TXN0005851,ACC00111,2024-03-09 22:00:37,12180.23,MRT006,Chicken Republic VI,Food & Dining,ATM,Ibadan,Ibadan,0,
TXN0000352,ACC00007,2024-08-28 01:11:17,74956.69,MRT001,Shoprite Ikeja,Grocery,USSD,Port Harcourt,Port Harcourt,0,
TXN0000997,ACC00019,2024-11-23 10:38:03,310808.37,MRT015,Sports Betting GG,Gambling,Web,New York,Kano,1,Foreign transaction: cross-border anomaly
TXN0001968,ACC00036,2024-04-24 12:01:40,124502.89,MRT010,Konga Electronics,E-commerce,ATM,Ibadan,Ibadan,0,
TXN0003994,ACC00076,2024-01-27 00:41:20,68163.6,MRT005,Jumia Online Store,E-commerce,Mobile App,Port Harcourt,Port Harcourt,0,
TXN0003962,ACC00074,2024-12-04 15:33:01,35605.37,MRT004,Netflix Subscription,Streaming,ATM,Ibadan,Ibadan,0,
TXN0004836,ACC00092,2024-02-07 20:05:52,67440.3,MRT006,Chicken Republic VI,Food & Dining,Web,Ibadan,Ibadan,0,
TXN0000410,ACC00008,2024-03-28 15:24:43,8347.42,MRT004,Netflix Subscription,Streaming,ATM,Ibadan,Ibadan,0,
TXN0000245,ACC00005,2024-09-20 15:47:07,8328.64,MRT010,Konga Electronics,E-commerce,POS,Kano,Kano,0,
TXN0005814,ACC00110,2024-10-20 04:54:12,34872.55,MRT010,Konga Electronics,E-commerce,POS,Lagos,Lagos,0,
TXN0006267,ACC00120,2024-02-23 06:57:14,371937.28,MRT014,FX Bureau Lagos,FX,Web,New York,Ibadan,1,Geographic anomaly: transaction far from home city
TXN0003974,ACC00075,2024-05-09 05:57:31,96996.89,MRT006,Chicken Republic VI,Food & Dining,ATM,Kano,Kano,0,
TXN0005833,ACC00111,2024-01-05 20:06:06,137015.07,MRT010,Konga Electronics,E-commerce,POS,Ibadan,Ibadan,0,
TXN0005003,ACC00096,2024-05-20 14:21:23,7548.79,MRT005,Jumia Online Store,E-commerce,ATM,Port Harcourt,Port Harcourt,0,
TXN0002861,ACC00055,2024-01-01 09:22:51,131046.17,MRT008,ATM Withdrawal UBA,ATM,ATM,Lagos,Lagos,0,
TXN0000213,ACC00004,2024-05-07 10:19:19,1655.62,MRT002,POS Terminal Lekki,POS,ATM,Ibadan,Ibadan,0,
TXN0005940,ACC00112,2024-07-13 15:58:28,114004.82,MRT003,MTN Airtime Top-up,Telecom,POS,Abuja,Abuja,0,
TXN0002105,ACC00039,2024-04-16 00:40:00,99510.42,MRT004,Netflix Subscription,Streaming,POS,Ibadan,Ibadan,0,
TXN0000389,ACC00007,2024-08-14 14:49:52,25991.55,MRT008,ATM Withdrawal UBA,ATM,USSD,Port Harcourt,Port Harcourt,0,
TXN0004893,ACC00094,2024-11-11 07:10:46,39295.35,MRT001,Shoprite Ikeja,Grocery,Mobile App,Abuja,Abuja,0,
TXN0005560,ACC00107,2024-05-02 15:30:45,60632.37,MRT010,Konga Electronics,E-commerce,ATM,Ibadan,Ibadan,0,
TXN0002665,ACC00051,2024-08-15 17:15:16,43872.85,MRT001,Shoprite Ikeja,Grocery,Web,Abuja,Abuja,0,
TXN0002030,ACC00038,2024-08-31 11:57:57,53493.77,MRT009,Bolt Ride Hailing,Transport,Mobile App,Abuja,Abuja,0,
TXN0006166,ACC00119,2024-06-17 21:05:13,122501.65,MRT005,Jumia Online Store,E-commerce,ATM,Kano,Kano,0,
TXN0000999,ACC00020,2024-03-26 10:11:40,78330.64,MRT003,MTN Airtime Top-up,Telecom,USSD,Port Harcourt,Port Harcourt,0,
TXN0001170,ACC00023,2024-11-12 04:48:25,108261.91,MRT002,POS Terminal Lekki,POS,Web,Abuja,Abuja,0,
TXN0001320,ACC00026,2024-02-13 15:22:49,36835.72,MRT001,Shoprite Ikeja,Grocery,USSD,Ibadan,Ibadan,0,
TXN0002389,ACC00044,2024-09-15 10:41:21,138449.06,MRT003,MTN Airtime Top-up,Telecom,ATM,Kano,Kano,0,
TXN0004352,ACC00082,2024-07-21 17:39:20,103641.22,MRT005,Jumia Online Store,E-commerce,POS,Abuja,Abuja,0,
TXN0001186,ACC00024,2024-06-12 19:36:52,85959.82,MRT010,Konga Electronics,E-commerce,Mobile App,Lagos,Lagos,0,
TXN0004740,ACC00090,2024-06-01 10:19:25,82631.42,MRT001,Shoprite Ikeja,Grocery,Web,Abuja,Abuja,0,
TXN0002819,ACC00054,2024-12-10 18:52:51,95717.1,MRT007,EKEDC Electricity,Utilities,Mobile App,Ibadan,Ibadan,0,
TXN0003584,ACC00068,2024-11-15 09:42:29,114806.64,MRT003,MTN Airtime Top-up,Telecom,Web,Abuja,Abuja,0,
TXN0000549,ACC00010,2024-08-10 03:03:27,25852.65,MRT009,Bolt Ride Hailing,Transport,ATM,Ibadan,Ibadan,0,
TXN0004017,ACC00076,2024-05-08 17:01:02,16896.35,MRT007,EKEDC Electricity,Utilities,Web,Port Harcourt,Port Harcourt,0,
TXN0000876,ACC00017,2024-08-13 08:54:36,11146.75,MRT010,Konga Electronics,E-commerce,Web,Abuja,Abuja,0,
TXN0001298,ACC00025,2024-01-15 12:19:42,57541.14,MRT010,Konga Electronics,E-commerce,Mobile App,Port Harcourt,Port Harcourt,0,
TXN0006089,ACC00116,2024-06-17 23:43:16,115869.43,MRT006,Chicken Republic VI,Food & Dining,ATM,Ibadan,Ibadan,0,
TXN0004446,ACC00085,2024-10-26 22:58:38,116902.76,MRT010,Konga Electronics,E-commerce,USSD,Lagos,Lagos,0,
TXN0005902,ACC00112,2024-11-14 19:00:37,146475.03,MRT009,Bolt Ride Hailing,Transport,USSD,Abuja,Abuja,0,
TXN0005908,ACC00112,2024-11-19 17:46:06,117920.75,MRT004,Netflix Subscription,Streaming,Web,Abuja,Abuja,0,
TXN0002155,ACC00040,2024-08-16 06:49:03,16646.99,MRT004,Netflix Subscription,Streaming,Mobile App,Abuja,Abuja,0,
TXN0004654,ACC00088,2024-03-17 04:17:02,149131.69,MRT008,ATM Withdrawal UBA,ATM,Mobile App,Abuja,Abuja,0,
TXN0002410,ACC00044,2024-11-25 08:35:05,105210.91,MRT004,Netflix Subscription,Streaming,Mobile App,Kano,Kano,0,
TXN0005991,ACC00114,2024-07-02 19:31:19,124565.46,MRT008,ATM Withdrawal UBA,ATM,Web,Lagos,Lagos,0,
TXN0002854,ACC00055,2024-12-18 13:08:44,71775.37,MRT010,Konga Electronics,E-commerce,POS,Lagos,Lagos,0,
TXN0001068,ACC00021,2024-09-03 01:16:20,125313.4,MRT005,Jumia Online Store,E-commerce,POS,Ibadan,Ibadan,0,
TXN0000469,ACC00009,2024-10-27 00:34:40,35917.15,MRT006,Chicken Republic VI,Food & Dining,Web,Lagos,Lagos,0,
TXN0000381,ACC00007,2024-08-23 10:45:27,21397.26,MRT009,Bolt Ride Hailing,Transport,USSD,Port Harcourt,Port Harcourt,0,
TXN0001465,ACC00028,2024-09-22 19:47:49,70846.61,MRT008,ATM Withdrawal UBA,ATM,Web,Ibadan,Ibadan,0,
TXN0000610,ACC00011,2024-07-08 19:00:34,12859.26,MRT003,MTN Airtime Top-up,Telecom,Mobile App,Abuja,Abuja,0,
TXN0005432,ACC00105,2024-05-22 22:04:20,16963.23,MRT006,Chicken Republic VI,Food & Dining,USSD,Kano,Kano,0,
TXN0004625,ACC00088,2024-05-21 18:51:03,56729.47,MRT001,Shoprite Ikeja,Grocery,Web,Abuja,Abuja,0,
TXN0005124,ACC00099,2024-11-05 16:45:40,78524.49,MRT010,Konga Electronics,E-commerce,ATM,Port Harcourt,Port Harcourt,0,
TXN0001198,ACC00024,2024-10-13 10:52:01,66752.48,MRT005,Jumia Online Store,E-commerce,Web,Lagos,Lagos,0,
TXN0001976,ACC00037,2024-12-11 07:23:27,17982.64,MRT008,ATM Withdrawal UBA,ATM,USSD,Port Harcourt,Port Harcourt,0,
TXN0002813,ACC00054,2024-11-12 23:02:49,148439.97,MRT009,Bolt Ride Hailing,Transport,Mobile App,Ibadan,Ibadan,0,
TXN0001532,ACC00029,2024-02-26 08:09:09,140124.31,MRT010,Konga Electronics,E-commerce,Web,Port Harcourt,Port Harcourt,0,
TXN0000343,ACC00007,2024-03-04 22:42:54,48737.78,MRT003,MTN Airtime Top-up,Telecom,Web,Port Harcourt,Port Harcourt,0,
TXN0004149,ACC00079,2024-05-02 03:46:24,30206.08,MRT008,ATM Withdrawal UBA,ATM,Mobile App,Kano,Kano,0,
TXN0006024,ACC00114,2024-02-01 03:20:58,121234.37,MRT002,POS Terminal Lekki,POS,Mobile App,Lagos,Lagos,0,
TXN0002996,ACC00057,2024-12-05 03:20:02,121986.97,MRT004,Netflix Subscription,Streaming,Mobile App,Lagos,Lagos,0,
TXN0001549,ACC00030,2024-05-16 12:22:13,108924.97,MRT004,Netflix Subscription,Streaming,POS,Abuja,Abuja,0,
TXN0006010,ACC00114,2024-07-24 03:30:28,41945.5,MRT009,Bolt Ride Hailing,Transport,ATM,Lagos,Lagos,0,
TXN0001480,ACC00029,2024-08-17 23:21:37,69704.81,MRT010,Konga Electronics,E-commerce,USSD,Port Harcourt,Port Harcourt,0,
TXN0003790,ACC00071,2024-08-14 14:08:03,71525.56,MRT008,ATM Withdrawal UBA,ATM,Web,Lagos,Lagos,0,
TXN0001036,ACC00020,2024-11-20 04:25:07,29551.77,MRT005,Jumia Online Store,E-commerce,Web,Port Harcourt,Port Harcourt,0,
TXN0000271,ACC00006,2024-02-02 13:46:22,41282.3,MRT003,MTN Airtime Top-up,Telecom,USSD,Abuja,Abuja,0,
TXN0000957,ACC00019,2024-10-05 08:56:51,16610.98,MRT006,Chicken Republic VI,Food & Dining,ATM,Kano,Kano,0,
TXN0003919,ACC00073,2024-02-29 06:37:17,75337.29,MRT003,MTN Airtime Top-up,Telecom,POS,Lagos,Lagos,0,
TXN0005472,ACC00106,2024-08-01 21:10:34,7684.66,MRT006,Chicken Republic VI,Food & Dining,Web,Ibadan,Ibadan,0,
TXN0004138,ACC00079,2024-10-04 01:38:48,24731.99,MRT004,Netflix Subscription,Streaming,USSD,Kano,Kano,0,
TXN0005938,ACC00112,2024-12-08 16:22:55,48091.94,MRT002,POS Terminal Lekki,POS,USSD,Abuja,Abuja,0,
TXN0001232,ACC00024,2024-04-05 23:43:06,30277.39,MRT001,Shoprite Ikeja,Grocery,Mobile App,Lagos,Lagos,0,
TXN0000004,ACC00001,2024-04-07 23:20:27,70810.87,MRT002,POS Terminal Lekki,POS,USSD,Lagos,Lagos,0,
TXN0002346,ACC00044,2024-10-19 05:27:23,16836.47,MRT002,POS Terminal Lekki,POS,USSD,Kano,Kano,0,
TXN0000937,ACC00019,2024-07-15 08:13:52,127854.74,MRT008,ATM Withdrawal UBA,ATM,Web,Kano,Kano,0,
TXN0005383,ACC00104,2024-10-31 16:29:24,99763.54,MRT005,Jumia Online Store,E-commerce,Web,Kano,Kano,0,
TXN0003730,ACC00070,2024-02-20 01:19:31,11043.39,MRT004,Netflix Subscription,Streaming,Mobile App,Port Harcourt,Port Harcourt,0,
TXN0006233,ACC00120,2024-04-28 12:08:38,129408.4,MRT004,Netflix Subscription,Streaming,POS,Ibadan,Ibadan,0,
TXN0004451,ACC00085,2024-08-30 22:48:48,144341.73,MRT005,Jumia Online Store,E-commerce,Web,Lagos,Lagos,0,
TXN0000577,ACC00011,2024-07-17 07:50:51,83920.02,MRT009,Bolt Ride Hailing,Transport,USSD,Abuja,Abuja,0,
TXN0004723,ACC00090,2024-10-13 21:38:04,137926.54,MRT003,MTN Airtime Top-up,Telecom,POS,Abuja,Abuja,0,
TXN0005261,ACC00101,2024-11-14 21:56:00,10498.68,MRT005,Jumia Online Store,E-commerce,ATM,Kano,Kano,0,
TXN0002251,ACC00042,2024-12-07 11:06:18,69300.58,MRT008,ATM Withdrawal UBA,ATM,USSD,Abuja,Abuja,0,
TXN0003585,ACC00068,2024-05-31 22:36:17,97089.65,MRT003,MTN Airtime Top-up,Telecom,ATM,Abuja,Abuja,0,
TXN0001048,ACC00020,2024-12-06 22:29:20,69695.83,MRT008,ATM Withdrawal UBA,ATM,POS,Port Harcourt,Port Harcourt,0,
TXN0002799,ACC00054,2024-06-12 14:12:56,19051.86,MRT002,POS Terminal Lekki,POS,Web,Ibadan,Ibadan,0,
TXN0003791,ACC00071,2024-04-22 12:34:56,15674.17,MRT005,Jumia Online Store,E-commerce,USSD,Lagos,Lagos,0,
TXN0001182,ACC00023,2024-09-09 09:11:07,26593.56,MRT009,Bolt Ride Hailing,Transport,POS,Abuja,Abuja,0,
TXN0003193,ACC00060,2024-01-04 19:32:24,62737.29,MRT006,Chicken Republic VI,Food & Dining,Web,Port Harcourt,Port Harcourt,0,
TXN0001111,ACC00021,2024-09-21 07:42:17,113368.3,MRT007,EKEDC Electricity,Utilities,ATM,Ibadan,Ibadan,0,
TXN0005353,ACC00103,2024-10-30 15:27:04,34212.53,MRT006,Chicken Republic VI,Food & Dining,Web,Lagos,Lagos,0,
TXN0003203,ACC00060,2024-01-31 02:07:47,23287.06,MRT010,Konga Electronics,E-commerce,Web,Port Harcourt,Port Harcourt,0,
TXN0005289,ACC00102,2024-05-21 14:58:31,35759.61,MRT009,Bolt Ride Hailing,Transport,Web,Kano,Kano,0,
TXN0003407,ACC00064,2024-09-18 11:24:44,23588.97,MRT005,Jumia Online Store,E-commerce,Web,Lagos,Lagos,0,
TXN0000854,ACC00017,2024-06-13 14:09:56,127812.13,MRT007,EKEDC Electricity,Utilities,ATM,Abuja,Abuja,0,
TXN0004010,ACC00076,2024-09-22 13:41:58,89217.65,MRT003,MTN Airtime Top-up,Telecom,Mobile App,Port Harcourt,Port Harcourt,0,
TXN0002958,ACC00057,2024-06-17 13:45:37,121396.5,MRT009,Bolt Ride Hailing,Transport,Web,Lagos,Lagos,0,
TXN0002985,ACC00057,2024-09-09 13:34:47,65011.58,MRT006,Chicken Republic VI,Food & Dining,POS,Lagos,Lagos,0,
TXN0000261,ACC00005,2024-10-07 01:54:45,7032.02,MRT008,ATM Withdrawal UBA,ATM,POS,Kano,Kano,0,
TXN0001407,ACC00027,2024-04-23 17:23:55,20614.6,MRT008,ATM Withdrawal UBA,ATM,POS,Kano,Kano,0,
TXN0001371,ACC00026,2024-06-26 10:37:14,131728.1,MRT001,Shoprite Ikeja,Grocery,Web,Ibadan,Ibadan,0,
TXN0004667,ACC00088,2024-11-24 20:13:04,118535.5,MRT005,Jumia Online Store,E-commerce,Web,Abuja,Abuja,0,
TXN0004454,ACC00085,2024-07-24 04:18:41,60256.45,MRT002,POS Terminal Lekki,POS,Web,Lagos,Lagos,0,
TXN0000733,ACC00014,2024-09-23 12:38:32,87557.41,MRT002,POS Terminal Lekki,POS,POS,Lagos,Lagos,0,
TXN0003985,ACC00075,2024-07-31 23:55:51,78706.59,MRT007,EKEDC Electricity,Utilities,ATM,Kano,Kano,0,
TXN0000011,ACC00001,2024-10-29 01:32:44,144725.76,MRT003,MTN Airtime Top-up,Telecom,Mobile App,Lagos,Lagos,0,
TXN0001325,ACC00026,2024-07-22 05:11:29,82545.61,MRT005,Jumia Online Store,E-commerce,USSD,Ibadan,Ibadan,0,
TXN0002243,ACC00042,2024-02-20 03:39:01,63052.77,MRT009,Bolt Ride Hailing,Transport,Mobile App,Abuja,Abuja,0,
TXN0005992,ACC00114,2024-08-12 13:02:18,96047.24,MRT001,Shoprite Ikeja,Grocery,POS,Lagos,Lagos,0,
TXN0004140,ACC00079,2024-02-22 18:43:10,43436.77,MRT001,Shoprite Ikeja,Grocery,USSD,Kano,Kano,0,
TXN0004484,ACC00086,2024-10-07 22:12:41,143453.48,MRT002,POS Terminal Lekki,POS,USSD,Port Harcourt,Port Harcourt,0,
TXN0005431,ACC00105,2024-08-18 12:25:18,107992.87,MRT008,ATM Withdrawal UBA,ATM,Web,Kano,Kano,0,
TXN0004093,ACC00078,2024-11-08 21:45:51,30869.61,MRT007,EKEDC Electricity,Utilities,USSD,Abuja,Abuja,0,
TXN0005960,ACC00112,2024-08-28 16:32:05,148877.31,MRT002,POS Terminal Lekki,POS,USSD,Abuja,Abuja,0,
TXN0000887,ACC00017,2024-10-10 18:14:10,142535.26,MRT006,Chicken Republic VI,Food & Dining,POS,Abuja,Abuja,0,
TXN0005692,ACC00109,2024-08-21 07:41:47,49275.51,MRT007,EKEDC Electricity,Utilities,Mobile App,Port Harcourt,Port Harcourt,0,
TXN0000185,ACC00004,2024-06-16 17:22:51,111816.05,MRT002,POS Terminal Lekki,POS,POS,Ibadan,Ibadan,0,
TXN0002490,ACC00047,2024-07-05 06:43:02,77494.22,MRT008,ATM Withdrawal UBA,ATM,USSD,Abuja,Abuja,0,
TXN0004887,ACC00094,2024-04-22 12:49:15,5065.1,MRT009,Bolt Ride Hailing,Transport,Mobile App,Abuja,Abuja,0,
TXN0005856,ACC00111,2024-04-28 15:16:06,79113.15,MRT007,EKEDC Electricity,Utilities,Mobile App,Ibadan,Ibadan,0,
TXN0003326,ACC00062,2024-09-03 23:47:18,89568.95,MRT001,Shoprite Ikeja,Grocery,POS,Lagos,Lagos,0,
TXN0006129,ACC00117,2024-10-22 18:24:34,125469.53,MRT002,POS Terminal Lekki,POS,POS,Kano,Kano,0,
TXN0003608,ACC00068,2024-08-23 14:10:52,130623.82,MRT009,Bolt Ride Hailing,Transport,ATM,Abuja,Abuja,0,
TXN0004495,ACC00086,2024-02-16 11:41:37,137542.48,MRT007,EKEDC Electricity,Utilities,USSD,Port Harcourt,Port Harcourt,0,
TXN0001539,ACC00029,2024-12-03 01:18:35,1869000.55,MRT014,FX Bureau Lagos,FX,Mobile App,Port Harcourt,Port Harcourt,1,Large transaction at unusual hour (1am–4am)
TXN0001797,ACC00034,2024-10-24 16:01:31,48412.18,MRT005,Jumia Online Store,E-commerce,Mobile App,Abuja,Abuja,0,
TXN0002808,ACC00054,2024-06-01 18:04:40,104620.31,MRT005,Jumia Online Store,E-commerce,ATM,Ibadan,Ibadan,0,
TXN0001991,ACC00037,2024-08-27 20:06:13,18542.86,MRT004,Netflix Subscription,Streaming,Web,Port Harcourt,Port Harcourt,0,
TXN0006177,ACC00119,2024-01-16 19:41:47,121533.33,MRT003,MTN Airtime Top-up,Telecom,POS,Kano,Kano,0,
TXN0002619,ACC00050,2024-08-21 16:39:08,21164.08,MRT006,Chicken Republic VI,Food & Dining,Web,Kano,Kano,0,
TXN0005453,ACC00105,2024-06-22 00:45:44,9649.99,MRT003,MTN Airtime Top-up,Telecom,Web,Kano,Kano,0,
TXN0003105,ACC00059,2024-04-24 13:03:17,107579.51,MRT002,POS Terminal Lekki,POS,Mobile App,Lagos,Lagos,0,
TXN0002387,ACC00044,2024-03-03 05:30:03,135445.95,MRT006,Chicken Republic VI,Food & Dining,POS,Kano,Kano,0,
TXN0001459,ACC00028,2024-02-11 03:18:37,8543.08,MRT007,EKEDC Electricity,Utilities,ATM,Ibadan,Ibadan,0,
TXN0001372,ACC00026,2024-07-20 10:39:32,59643.87,MRT009,Bolt Ride Hailing,Transport,Mobile App,Ibadan,Ibadan,0,
TXN0002596,ACC00050,2024-04-29 09:02:08,72096.8,MRT006,Chicken Republic VI,Food & Dining,Web,Kano,Kano,0,
TXN0002509,ACC00047,2024-12-14 22:43:11,61902.5,MRT003,MTN Airtime Top-up,Telecom,ATM,Abuja,Abuja,0,
TXN0003661,ACC00069,2024-08-09 06:29:19,142128.99,MRT005,Jumia Online Store,E-commerce,Mobile App,Abuja,Abuja,0,
TXN0001563,ACC00030,2024-10-25 02:39:17,1358008.7,MRT014,FX Bureau Lagos,FX,Mobile App,Abuja,Abuja,1,Large transaction at unusual hour (1am–4am)
TXN0002634,ACC00050,2024-01-12 17:21:05,55104.01,MRT003,MTN Airtime Top-up,Telecom,Mobile App,Kano,Kano,0,
TXN0004108,ACC00079,2024-03-21 10:36:00,47474.66,MRT004,Netflix Subscription,Streaming,ATM,Kano,Kano,0,
TXN0003011,ACC00057,2024-02-14 08:46:52,75086.67,MRT001,Shoprite Ikeja,Grocery,Mobile App,Lagos,Lagos,0,
TXN0001462,ACC00028,2024-05-09 01:33:34,107078.35,MRT004,Netflix Subscription,Streaming,USSD,Ibadan,Ibadan,0,
TXN0006139,ACC00118,2024-03-12 14:35:24,40661.32,MRT007,EKEDC Electricity,Utilities,Mobile App,Port Harcourt,Port Harcourt,0,
TXN0003205,ACC00060,2024-02-19 04:58:03,88303.9,MRT009,Bolt Ride Hailing,Transport,ATM,Port Harcourt,Port Harcourt,0,
TXN0006265,ACC00120,2024-12-02 20:15:25,118081.86,MRT004,Netflix Subscription,Streaming,Mobile App,Ibadan,Ibadan,0,
TXN0005665,ACC00109,2024-12-02 02:59:09,2678.05,MRT004,Netflix Subscription,Streaming,ATM,Port Harcourt,Port Harcourt,0,
TXN0006087,ACC00116,2024-06-28 08:50:42,34448.87,MRT003,MTN Airtime Top-up,Telecom,ATM,Ibadan,Ibadan,0,
TXN0000894,ACC00017,2024-05-13 02:30:05,54208.01,MRT008,ATM Withdrawal UBA,ATM,Web,Abuja,Abuja,0,
TXN0001555,ACC00030,2024-04-08 09:15:36,70309.86,MRT005,Jumia Online Store,E-commerce,Mobile App,Abuja,Abuja,0,
TXN0000526,ACC00010,2024-09-12 14:01:21,27313.5,MRT001,Shoprite Ikeja,Grocery,POS,Ibadan,Ibadan,0,
TXN0003079,ACC00058,2024-05-17 14:56:49,60646.47,MRT003,MTN Airtime Top-up,Telecom,USSD,Lagos,Lagos,0,
TXN0002006,ACC00037,2024-05-20 01:26:24,23165.88,MRT004,Netflix Subscription,Streaming,USSD,Port Harcourt,Port Harcourt,0,
TXN0006148,ACC00118,2024-12-01 03:58:50,24406.5,MRT008,ATM Withdrawal UBA,ATM,POS,Port Harcourt,Port Harcourt,0,
TXN0001572,ACC00031,2024-05-09 11:53:00,60391.91,MRT005,Jumia Online Store,E-commerce,Mobile App,Ibadan,Ibadan,0,
TXN0005084,ACC00098,2024-06-25 12:43:58,86808.18,MRT009,Bolt Ride Hailing,Transport,Web,Ibadan,Ibadan,0,
TXN0000451,ACC00009,2024-07-29 04:00:33,140220.13,MRT001,Shoprite Ikeja,Grocery,Mobile App,Lagos,Lagos,0,
TXN0000216,ACC00004,2024-01-28 23:47:32,129333.77,MRT007,EKEDC Electricity,Utilities,Mobile App,Ibadan,Ibadan,0,
TXN0003333,ACC00063,2024-08-24 15:35:10,57595.99,MRT002,POS Terminal Lekki,POS,Mobile App,Lagos,Lagos,0,
TXN0001544,ACC00030,2024-05-31 21:49:02,116086.08,MRT008,ATM Withdrawal UBA,ATM,Web,Abuja,Abuja,0,
TXN0004542,ACC00087,2024-04-06 09:23:57,49887.89,MRT003,MTN Airtime Top-up,Telecom,Mobile App,Kano,Kano,0,
TXN0003558,ACC00067,2024-06-25 00:04:13,39789.29,MRT010,Konga Electronics,E-commerce,ATM,Lagos,Lagos,0,
TXN0000574,ACC00011,2024-03-05 14:23:13,7122.36,MRT010,Konga Electronics,E-commerce,ATM,Abuja,Abuja,0,
TXN0004512,ACC00086,2024-02-15 05:58:35,64264.14,MRT003,MTN Airtime Top-up,Telecom,Mobile App,Port Harcourt,Port Harcourt,0,
TXN0003612,ACC00068,2024-06-12 19:44:03,107884.21,MRT007,EKEDC Electricity,Utilities,Mobile App,Abuja,Abuja,0,
TXN0001779,ACC00034,2024-03-30 15:24:54,4943.67,MRT003,MTN Airtime Top-up,Telecom,Mobile App,Abuja,Abuja,0,
TXN0001477,ACC00029,2024-06-16 10:35:42,85298.07,MRT007,EKEDC Electricity,Utilities,POS,Port Harcourt,Port Harcourt,0,
TXN0003720,ACC00070,2024-03-21 00:20:14,138684.68,MRT002,POS Terminal Lekki,POS,Mobile App,Port Harcourt,Port Harcourt,0,
TXN0001620,ACC00031,2024-06-11 17:58:50,112189.47,MRT004,Netflix Subscription,Streaming,POS,Ibadan,Ibadan,0,
TXN0003488,ACC00066,2024-05-09 14:47:57,110297.85,MRT002,POS Terminal Lekki,POS,USSD,Lagos,Lagos,0,
TXN0001246,ACC00025,2024-11-02 05:55:44,120926.04,MRT006,Chicken Republic VI,Food & Dining,ATM,Port Harcourt,Port Harcourt,0,
TXN0001876,ACC00035,2024-05-22 18:16:34,59327.38,MRT003,MTN Airtime Top-up,Telecom,ATM,Port Harcourt,Port Harcourt,0,
TXN0000257,ACC00005,2024-07-16 04:00:39,125350.41,MRT009,Bolt Ride Hailing,Transport,USSD,Kano,Kano,0,
TXN0006037,ACC00114,2024-07-02 12:28:07,83937.7,MRT003,MTN Airtime Top-up,Telecom,ATM,Lagos,Lagos,0,
TXN0003516,ACC00067,2024-11-06 14:35:39,54298.84,MRT009,Bolt Ride Hailing,Transport,POS,Lagos,Lagos,0,
TXN0003183,ACC00060,2024-01-16 04:05:01,74530.09,MRT007,EKEDC Electricity,Utilities,USSD,Port Harcourt,Port Harcourt,0,
TXN0001005,ACC00020,2024-06-22 01:55:11,135722.22,MRT004,Netflix Subscription,Streaming,USSD,Port Harcourt,Port Harcourt,0,
TXN0006075,ACC00116,2024-02-05 05:31:37,969.47,MRT002,POS Terminal Lekki,POS,Mobile App,Ibadan,Ibadan,0,
TXN0001346,ACC00026,2024-05-01 07:37:06,49728.07,MRT010,Konga Electronics,E-commerce,USSD,Ibadan,Ibadan,0,
TXN0004427,ACC00084,2024-05-27 04:57:21,119306.09,MRT002,POS Terminal Lekki,POS,USSD,Ibadan,Ibadan,0,
TXN0002407,ACC00044,2024-04-16 04:45:44,72003.27,MRT010,Konga Electronics,E-commerce,Web,Kano,Kano,0,
TXN0002248,ACC00042,2024-04-16 23:17:45,1612.77,MRT004,Netflix Subscription,Streaming,Web,Abuja,Abuja,0,
TXN0006063,ACC00116,2024-10-24 19:30:06,133971.81,MRT005,Jumia Online Store,E-commerce,Web,Ibadan,Ibadan,0,
TXN0003307,ACC00062,2024-05-14 11:37:39,98552.36,MRT002,POS Terminal Lekki,POS,ATM,Lagos,Lagos,0,
TXN0002262,ACC00042,2024-04-08 03:57:20,76156.65,MRT004,Netflix Subscription,Streaming,ATM,Abuja,Abuja,0,
TXN0002494,ACC00047,2024-09-22 16:04:12,6832.22,MRT010,Konga Electronics,E-commerce,ATM,Abuja,Abuja,0,
TXN0001227,ACC00024,2024-09-27 15:54:11,49872.17,MRT001,Shoprite Ikeja,Grocery,Web,Lagos,Lagos,0,
TXN0002683,ACC00052,2024-11-24 02:26:20,142830.72,MRT010,Konga Electronics,E-commerce,POS,Port Harcourt,Port Harcourt,0,
TXN0000592,ACC00011,2024-05-31 00:12:43,105857.97,MRT001,Shoprite Ikeja,Grocery,Web,Abuja,Abuja,0,
TXN0003706,ACC00069,2024-04-23 18:34:37,60933.59,MRT007,EKEDC Electricity,Utilities,ATM,Abuja,Abuja,0,
TXN0003886,ACC00073,2024-11-03 07:16:43,106930.19,MRT005,Jumia Online Store,E-commerce,POS,Lagos,Lagos,0,
TXN0006152,ACC00118,2024-04-11 00:23:48,23862.93,MRT001,Shoprite Ikeja,Grocery,POS,Port Harcourt,Port Harcourt,0,
TXN0006049,ACC00115,2024-05-22 06:30:09,70095.55,MRT006,Chicken Republic VI,Food & Dining,USSD,Port Harcourt,Port Harcourt,0,
TXN0002934,ACC00056,2024-05-31 05:44:42,87290.44,MRT001,Shoprite Ikeja,Grocery,Mobile App,Abuja,Abuja,0,
TXN0004000,ACC00076,2024-05-04 03:11:05,5140.53,MRT006,Chicken Republic VI,Food & Dining,ATM,Port Harcourt,Port Harcourt,0,
TXN0003449,ACC00066,2024-04-28 14:23:00,115079.87,MRT006,Chicken Republic VI,Food & Dining,ATM,Lagos,Lagos,0,
TXN0001809,ACC00034,2024-02-07 22:52:09,15458.47,MRT008,ATM Withdrawal UBA,ATM,Web,Abuja,Abuja,0,
TXN0003469,ACC00066,2024-04-07 00:44:04,148045.92,MRT005,Jumia Online Store,E-commerce,USSD,Lagos,Lagos,0,
TXN0003586,ACC00068,2024-08-17 16:24:01,37661.71,MRT004,Netflix Subscription,Streaming,POS,Abuja,Abuja,0,
TXN0001711,ACC00033,2024-06-28 11:16:12,113408.94,MRT010,Konga Electronics,E-commerce,Web,Lagos,Lagos,0,
TXN0000593,ACC00011,2024-04-18 02:21:42,86813.51,MRT002,POS Terminal Lekki,POS,USSD,Abuja,Abuja,0,
TXN0000325,ACC00006,2024-12-20 18:49:59,18105.27,MRT009,Bolt Ride Hailing,Transport,POS,Abuja,Abuja,0,
TXN0006227,ACC00120,2024-05-09 12:51:03,117948.72,MRT009,Bolt Ride Hailing,Transport,POS,Ibadan,Ibadan,0,
TXN0001804,ACC00034,2024-05-11 02:36:23,3446.94,MRT003,MTN Airtime Top-up,Telecom,POS,Abuja,Abuja,0,
TXN0001095,ACC00021,2024-08-20 22:40:11,131724.02,MRT001,Shoprite Ikeja,Grocery,USSD,Ibadan,Ibadan,0,
TXN0001049,ACC00020,2024-10-27 21:21:05,73302.22,MRT005,Jumia Online Store,E-commerce,Mobile App,Port Harcourt,Port Harcourt,0,
TXN0001102,ACC00021,2024-02-07 22:47:15,20515.52,MRT007,EKEDC Electricity,Utilities,ATM,Ibadan,Ibadan,0,
TXN0000263,ACC00005,2024-04-20 15:43:14,35483.44,MRT008,ATM Withdrawal UBA,ATM,Web,Kano,Kano,0,
TXN0005826,ACC00111,2024-10-28 05:40:19,30862.71,MRT001,Shoprite Ikeja,Grocery,Web,Ibadan,Ibadan,0,
TXN0005900,ACC00112,2024-07-23 02:11:28,47138.25,MRT005,Jumia Online Store,E-commerce,POS,Abuja,Abuja,0,
TXN0001971,ACC00036,2024-10-10 22:08:45,149854.44,MRT009,Bolt Ride Hailing,Transport,Mobile App,Ibadan,Ibadan,0,
TXN0003229,ACC00061,2024-07-04 22:07:56,7065.65,MRT007,EKEDC Electricity,Utilities,POS,Kano,Kano,0,
TXN0002568,ACC00049,2024-01-16 04:21:05,141335.88,MRT003,MTN Airtime Top-up,Telecom,POS,Lagos,Lagos,0,
TXN0005059,ACC00097,2024-08-16 23:46:28,113390.01,MRT009,Bolt Ride Hailing,Transport,ATM,Kano,Kano,0,
TXN0005859,ACC00111,2024-09-26 16:49:22,8885.54,MRT003,MTN Airtime Top-up,Telecom,Web,Ibadan,Ibadan,0,
TXN0000639,ACC00011,2024-07-31 13:18:14,20023.84,MRT010,Konga Electronics,E-commerce,ATM,Abuja,Abuja,0,
TXN0003568,ACC00067,2024-08-02 21:06:58,144960.74,MRT002,POS Terminal Lekki,POS,USSD,Lagos,Lagos,0,
TXN0003391,ACC00064,2024-10-04 14:05:07,66058.91,MRT001,Shoprite Ikeja,Grocery,Mobile App,Lagos,Lagos,0,
TXN0003404,ACC00064,2024-01-11 01:46:58,132085.5,MRT004,Netflix Subscription,Streaming,USSD,Lagos,Lagos,0,
TXN0003093,ACC00059,2024-02-25 14:41:19,122191.08,MRT001,Shoprite Ikeja,Grocery,Web,Lagos,Lagos,0,
TXN0004978,ACC00096,2024-08-22 10:25:48,52380.01,MRT010,Konga Electronics,E-commerce,Mobile App,Port Harcourt,Port Harcourt,0,
TXN0005428,ACC00105,2024-06-20 09:57:16,16931.54,MRT002,POS Terminal Lekki,POS,USSD,Kano,Kano,0,
TXN0004400,ACC00083,2024-05-08 04:16:56,24030.87,MRT008,ATM Withdrawal UBA,ATM,USSD,Port Harcourt,Port Harcourt,0,
TXN0003090,ACC00058,2024-03-31 04:51:11,74247.37,MRT005,Jumia Online Store,E-commerce,Mobile App,Lagos,Lagos,0,
TXN0006133,ACC00117,2024-05-24 10:48:54,43698.04,MRT002,POS Terminal Lekki,POS,USSD,Kano,Kano,0,
TXN0001546,ACC00030,2024-05-11 00:51:26,47333.84,MRT003,MTN Airtime Top-up,Telecom,Mobile App,Abuja,Abuja,0,
TXN0000955,ACC00019,2024-02-11 12:57:12,91822.34,MRT005,Jumia Online Store,E-commerce,Web,Kano,Kano,0,
TXN0001534,ACC00029,2024-10-26 04:20:53,36073.14,MRT007,EKEDC Electricity,Utilities,ATM,Port Harcourt,Port Harcourt,0,
TXN0004702,ACC00090,2024-07-28 07:03:03,42290.94,MRT008,ATM Withdrawal UBA,ATM,Web,Abuja,Abuja,0,
TXN0000243,ACC00005,2024-07-22 12:40:22,91665.91,MRT009,Bolt Ride Hailing,Transport,POS,Kano,Kano,0,
TXN0005086,ACC00098,2024-08-02 21:05:33,114277.34,MRT001,Shoprite Ikeja,Grocery,USSD,Ibadan,Ibadan,0,
TXN0004184,ACC00080,2024-07-20 23:12:04,121025.25,MRT005,Jumia Online Store,E-commerce,Web,Abuja,Abuja,0,
TXN0004426,ACC00084,2024-01-11 00:51:28,148266.23,MRT003,MTN Airtime Top-up,Telecom,POS,Ibadan,Ibadan,0,
TXN0000235,ACC00005,2024-05-23 04:53:00,11971.28,MRT005,Jumia Online Store,E-commerce,Mobile App,Kano,Kano,0,
TXN0001649,ACC00032,2024-07-25 04:32:10,44840.2,MRT001,Shoprite Ikeja,Grocery,POS,Port Harcourt,Port Harcourt,0,
TXN0004681,ACC00089,2024-02-16 14:16:26,123737.12,MRT009,Bolt Ride Hailing,Transport,Mobile App,Ibadan,Ibadan,0,
TXN0002365,ACC00044,2024-12-28 00:03:58,71248.15,MRT008,ATM Withdrawal UBA,ATM,POS,Kano,Kano,0,
TXN0005725,ACC00109,2024-07-29 23:58:12,29846.74,MRT008,ATM Withdrawal UBA,ATM,POS,Port Harcourt,Port Harcourt,0,
TXN0001028,ACC00020,2024-10-17 00:15:03,119617.18,MRT007,EKEDC Electricity,Utilities,USSD,Port Harcourt,Port Harcourt,0,
TXN0001053,ACC00021,2024-01-13 02:45:04,87045.67,MRT010,Konga Electronics,E-commerce,USSD,Ibadan,Ibadan,0,
TXN0000212,ACC00004,2024-10-25 00:12:57,114742.05,MRT003,MTN Airtime Top-up,Telecom,POS,Ibadan,Ibadan,0,
TXN0002358,ACC00044,2024-01-31 23:52:52,13313.21,MRT005,Jumia Online Store,E-commerce,Mobile App,Kano,Kano,0,
TXN0003685,ACC00069,2024-01-11 17:44:59,84723.02,MRT010,Konga Electronics,E-commerce,Mobile App,Abuja,Abuja,0,
TXN0004553,ACC00087,2024-07-20 22:41:35,33449.4,MRT010,Konga Electronics,E-commerce,USSD,Kano,Kano,0,
TXN0001667,ACC00032,2024-02-12 11:21:17,41753.44,MRT003,MTN Airtime Top-up,Telecom,Web,Port Harcourt,Port Harcourt,0,
TXN0002091,ACC00038,2024-04-28 07:11:50,61308.52,MRT010,Konga Electronics,E-commerce,Mobile App,Abuja,Abuja,0,
TXN0000480,ACC00009,2024-05-30 20:19:40,38621.85,MRT004,Netflix Subscription,Streaming,POS,Lagos,Lagos,0,
TXN0003168,ACC00060,2024-04-30 15:05:36,21993.8,MRT006,Chicken Republic VI,Food & Dining,Mobile App,Port Harcourt,Port Harcourt,0,
TXN0003929,ACC00073,2024-10-19 21:23:15,38813.59,MRT010,Konga Electronics,E-commerce,Web,Lagos,Lagos,0,
TXN0002241,ACC00042,2024-05-23 04:05:17,2151.54,MRT009,Bolt Ride Hailing,Transport,POS,Abuja,Abuja,0,
TXN0004601,ACC00088,2024-06-22 18:54:11,133764.38,MRT002,POS Terminal Lekki,POS,USSD,Abuja,Abuja,0,
TXN0004424,ACC00084,2024-07-05 17:11:35,66127.37,MRT002,POS Terminal Lekki,POS,USSD,Ibadan,Ibadan,0,
TXN0004664,ACC00088,2024-06-27 21:54:10,59413.02,MRT010,Konga Electronics,E-commerce,Web,Abuja,Abuja,0,
TXN0002349,ACC00044,2024-09-28 11:14:09,1459.84,MRT005,Jumia Online Store,E-commerce,Web,Kano,Kano,0,
TXN0000589,ACC00011,2024-03-31 01:03:01,94649.17,MRT007,EKEDC Electricity,Utilities,Web,Abuja,Abuja,0,
TXN0003314,ACC00062,2024-11-23 20:13:11,145779.65,MRT009,Bolt Ride Hailing,Transport,Mobile App,Lagos,Lagos,0,
TXN0000771,ACC00016,2024-09-29 15:11:34,59044.41,MRT010,Konga Electronics,E-commerce,USSD,Ibadan,Ibadan,0,
TXN0000631,ACC00011,2024-08-31 19:38:22,56588.26,MRT007,EKEDC Electricity,Utilities,Mobile App,Abuja,Abuja,0,
TXN0005830,ACC00111,2024-10-11 09:30:46,32560.13,MRT004,Netflix Subscription,Streaming,POS,Ibadan,Ibadan,0,
TXN0004727,ACC00090,2024-02-19 01:09:31,91183.6,MRT004,Netflix Subscription,Streaming,Mobile App,Abuja,Abuja,0,
TXN0004552,ACC00087,2024-04-30 04:45:55,141483.21,MRT009,Bolt Ride Hailing,Transport,Web,Kano,Kano,0,
TXN0005252,ACC00101,2024-05-13 18:21:38,35005.96,MRT010,Konga Electronics,E-commerce,ATM,Kano,Kano,0,
TXN0000025,ACC00001,2024-04-18 07:47:58,36957.58,MRT008,ATM Withdrawal UBA,ATM,ATM,Lagos,Lagos,0,
TXN0003621,ACC00068,2024-06-26 22:46:34,115407.37,MRT005,Jumia Online Store,E-commerce,Web,Abuja,Abuja,0,
TXN0000522,ACC00010,2024-08-07 18:09:57,134271.29,MRT002,POS Terminal Lekki,POS,Mobile App,Ibadan,Ibadan,0,
TXN0003480,ACC00066,2024-03-12 12:18:34,70514.8,MRT006,Chicken Republic VI,Food & Dining,ATM,Lagos,Lagos,0,
TXN0000942,ACC00019,2024-06-23 00:34:53,128560.09,MRT002,POS Terminal Lekki,POS,ATM,Kano,Kano,0,
TXN0004588,ACC00087,2024-03-03 12:21:57,105042.41,MRT010,Konga Electronics,E-commerce,USSD,Kano,Kano,0,
TXN0004565,ACC00087,2024-05-01 19:50:46,50859.45,MRT010,Konga Electronics,E-commerce,Mobile App,Kano,Kano,0,
TXN0006138,ACC00118,2024-08-08 20:05:55,2580.17,MRT009,Bolt Ride Hailing,Transport,POS,Port Harcourt,Port Harcourt,0,
TXN0005082,ACC00098,2024-01-10 01:51:28,35893.76,MRT010,Konga Electronics,E-commerce,Mobile App,Ibadan,Ibadan,0,
TXN0002923,ACC00056,2024-04-26 11:29:31,72816.07,MRT007,EKEDC Electricity,Utilities,Web,Abuja,Abuja,0,
TXN0006226,ACC00120,2024-06-17 06:33:53,9070.84,MRT005,Jumia Online Store,E-commerce,USSD,Ibadan,Ibadan,0,
TXN0001003,ACC00020,2024-03-25 20:03:27,79809.58,MRT010,Konga Electronics,E-commerce,USSD,Port Harcourt,Port Harcourt,0,
TXN0001448,ACC00028,2024-06-30 07:35:55,15913.87,MRT001,Shoprite Ikeja,Grocery,POS,Ibadan,Ibadan,0,
TXN0006221,ACC00119,2024-06-16 13:08:42,95290.08,MRT008,ATM Withdrawal UBA,ATM,USSD,Kano,Kano,0,
TXN0002086,ACC00038,2024-05-29 12:54:49,40758.49,MRT002,POS Terminal Lekki,POS,POS,Abuja,Abuja,0,
TXN0003858,ACC00073,2024-06-11 22:55:44,131067.58,MRT001,Shoprite Ikeja,Grocery,POS,Lagos,Lagos,0,
TXN0005189,ACC00100,2024-10-05 07:43:19,99500.75,MRT004,Netflix Subscription,Streaming,USSD,Abuja,Abuja,0,
TXN0002390,ACC00044,2024-02-05 02:58:41,130855.12,MRT006,Chicken Republic VI,Food & Dining,USSD,Kano,Kano,0,
TXN0002457,ACC00046,2024-04-09 00:28:05,57576.46,MRT005,Jumia Online Store,E-commerce,Web,Abuja,Abuja,0,
TXN0005107,ACC00098,2024-03-04 06:51:02,91848.47,MRT009,Bolt Ride Hailing,Transport,POS,Ibadan,Ibadan,0,
TXN0003823,ACC00072,2024-04-04 08:33:39,26977.53,MRT002,POS Terminal Lekki,POS,Mobile App,Abuja,Abuja,0,
TXN0000197,ACC00004,2024-12-23 21:21:08,52978.0,MRT006,Chicken Republic VI,Food & Dining,Web,Ibadan,Ibadan,0,
TXN0003188,ACC00060,2024-08-06 23:05:37,21656.88,MRT003,MTN Airtime Top-up,Telecom,USSD,Port Harcourt,Port Harcourt,0,
TXN0003546,ACC00067,2024-10-15 14:59:18,107731.58,MRT002,POS Terminal Lekki,POS,POS,Lagos,Lagos,0,
TXN0002028,ACC00038,2024-10-09 03:33:25,148049.73,MRT007,EKEDC Electricity,Utilities,Mobile App,Abuja,Abuja,0,
TXN0002084,ACC00038,2024-01-21 03:32:20,36323.63,MRT004,Netflix Subscription,Streaming,USSD,Abuja,Abuja,0,
TXN0002843,ACC00055,2024-03-16 07:34:25,28822.72,MRT005,Jumia Online Store,E-commerce,Web,Lagos,Lagos,0,
TXN0000566,ACC00010,2024-11-18 20:06:28,122935.35,MRT002,POS Terminal Lekki,POS,ATM,Ibadan,Ibadan,0,
TXN0005661,ACC00108,2024-08-03 18:03:00,443720.31,MRT011,Unknown Vendor XJ9,Unknown,Web,New York,Kano,1,Geographic anomaly: transaction far from home city
TXN0005195,ACC00100,2024-07-10 13:14:21,147812.55,MRT004,Netflix Subscription,Streaming,POS,Abuja,Abuja,0,
TXN0005095,ACC00098,2024-08-22 05:50:42,50472.98,MRT008,ATM Withdrawal UBA,ATM,USSD,Ibadan,Ibadan,0,
TXN0002459,ACC00046,2024-09-19 17:40:34,141059.8,MRT007,EKEDC Electricity,Utilities,Web,Abuja,Abuja,0,
TXN0004953,ACC00095,2024-09-20 21:36:49,9258.92,MRT003,MTN Airtime Top-up,Telecom,ATM,Port Harcourt,Port Harcourt,0,
TXN0001857,ACC00035,2024-11-29 01:51:02,58576.42,MRT008,ATM Withdrawal UBA,ATM,ATM,Port Harcourt,Port Harcourt,0,
TXN0001858,ACC00035,2024-12-26 04:59:43,45482.78,MRT005,Jumia Online Store,E-commerce,Web,Port Harcourt,Port Harcourt,0,
TXN0001341,ACC00026,2024-12-11 19:08:56,141648.44,MRT001,Shoprite Ikeja,Grocery,POS,Ibadan,Ibadan,0,
TXN0004827,ACC00092,2024-09-19 22:44:07,56109.48,MRT006,Chicken Republic VI,Food & Dining,ATM,Ibadan,Ibadan,0,
TXN0003018,ACC00057,2024-12-29 23:33:35,136553.07,MRT001,Shoprite Ikeja,Grocery,POS,Lagos,Lagos,0,
TXN0002716,ACC00052,2024-11-19 07:33:47,95326.81,MRT003,MTN Airtime Top-up,Telecom,USSD,Port Harcourt,Port Harcourt,0,
TXN0004959,ACC00095,2024-04-06 12:40:50,146391.7,MRT007,EKEDC Electricity,Utilities,Web,Port Harcourt,Port Harcourt,0,
TXN0004910,ACC00094,2024-12-09 14:37:49,138970.95,MRT010,Konga Electronics,E-commerce,POS,Abuja,Abuja,0,
TXN0000310,ACC00006,2024-11-15 08:46:34,82048.42,MRT003,MTN Airtime Top-up,Telecom,POS,Abuja,Abuja,0,
TXN0006268,ACC00120,2024-04-17 04:42:34,100000,MRT015,Sports Betting GG,Gambling,Web,Ibadan,Ibadan,1,Suspicious round amount: possible structuring
TXN0004270,ACC00081,2024-03-10 12:07:32,114852.59,MRT002,POS Terminal Lekki,POS,POS,Abuja,Abuja,0,
TXN0004289,ACC00081,2024-08-18 22:31:32,84431.14,MRT009,Bolt Ride Hailing,Transport,Mobile App,Abuja,Abuja,0,
TXN0005437,ACC00105,2024-08-25 13:40:53,52627.8,MRT007,EKEDC Electricity,Utilities,POS,Kano,Kano,0,
TXN0005524,ACC00107,2024-02-03 09:08:13,18324.26,MRT001,Shoprite Ikeja,Grocery,ATM,Ibadan,Ibadan,0,
TXN0005912,ACC00112,2024-07-23 23:18:14,48124.89,MRT007,EKEDC Electricity,Utilities,ATM,Abuja,Abuja,0,
TXN0005816,ACC00111,2024-06-11 11:40:08,60618.72,MRT008,ATM Withdrawal UBA,ATM,USSD,Ibadan,Ibadan,0,
TXN0001313,ACC00026,2024-04-05 15:10:39,11210.78,MRT004,Netflix Subscription,Streaming,ATM,Ibadan,Ibadan,0,
TXN0003712,ACC00070,2024-10-14 02:22:30,80376.67,MRT001,Shoprite Ikeja,Grocery,Mobile App,Port Harcourt,Port Harcourt,0,
TXN0005042,ACC00097,2024-08-18 01:30:07,24828.74,MRT008,ATM Withdrawal UBA,ATM,Web,Kano,Kano,0,
TXN0004539,ACC00087,2024-10-16 17:24:04,13903.38,MRT008,ATM Withdrawal UBA,ATM,USSD,Kano,Kano,0,
TXN0002909,ACC00056,2024-02-18 21:48:25,100676.85,MRT007,EKEDC Electricity,Utilities,ATM,Abuja,Abuja,0,
TXN0004430,ACC00084,2024-08-21 03:39:05,81232.0,MRT010,Konga Electronics,E-commerce,POS,Ibadan,Ibadan,0,
TXN0001707,ACC00033,2024-03-21 16:41:07,71454.66,MRT005,Jumia Online Store,E-commerce,USSD,Lagos,Lagos,0,
TXN0004773,ACC00092,2024-03-19 10:43:54,42080.46,MRT001,Shoprite Ikeja,Grocery,POS,Ibadan,Ibadan,0,
TXN0004085,ACC00078,2024-07-26 20:38:11,19549.61,MRT005,Jumia Online Store,E-commerce,Mobile App,Abuja,Abuja,0,
TXN0001792,ACC00034,2024-05-01 08:20:06,73374.51,MRT007,EKEDC Electricity,Utilities,Mobile App,Abuja,Abuja,0,
TXN0003931,ACC00074,2024-01-12 04:35:54,90703.49,MRT008,ATM Withdrawal UBA,ATM,USSD,Ibadan,Ibadan,0,
TXN0004995,ACC00096,2024-01-30 13:40:24,109701.81,MRT003,MTN Airtime Top-up,Telecom,Web,Port Harcourt,Port Harcourt,0,
TXN0001104,ACC00021,2024-04-20 00:14:12,131576.56,MRT010,Konga Electronics,E-commerce,ATM,Ibadan,Ibadan,0,
TXN0001786,ACC00034,2024-07-29 15:53:22,121517.5,MRT006,Chicken Republic VI,Food & Dining,USSD,Abuja,Abuja,0,
TXN0005282,ACC00102,2024-08-18 17:35:10,15163.87,MRT010,Konga Electronics,E-commerce,USSD,Kano,Kano,0,
TXN0005971,ACC00113,2024-02-18 13:57:19,98402.16,MRT001,Shoprite Ikeja,Grocery,POS,Kano,Kano,0,
TXN0004907,ACC00094,2024-09-18 19:55:44,83949.05,MRT009,Bolt Ride Hailing,Transport,POS,Abuja,Abuja,0,
TXN0002443,ACC00045,2024-09-26 23:52:54,1295.94,MRT003,MTN Airtime Top-up,Telecom,ATM,Lagos,Lagos,0,
TXN0004772,ACC00092,2024-12-24 23:07:28,119904.46,MRT001,Shoprite Ikeja,Grocery,Mobile App,Ibadan,Ibadan,0,
TXN0004901,ACC00094,2024-08-12 16:54:19,99855.22,MRT008,ATM Withdrawal UBA,ATM,Mobile App,Abuja,Abuja,0,
TXN0001900,ACC00036,2024-04-11 02:05:38,75810.13,MRT003,MTN Airtime Top-up,Telecom,POS,Ibadan,Ibadan,0,
TXN0000203,ACC00004,2024-08-19 13:12:30,132559.66,MRT002,POS Terminal Lekki,POS,Web,Ibadan,Ibadan,0,
TXN0005128,ACC00099,2024-08-30 11:52:42,138891.47,MRT009,Bolt Ride Hailing,Transport,ATM,Port Harcourt,Port Harcourt,0,
TXN0003876,ACC00073,2024-03-22 08:16:16,103398.13,MRT006,Chicken Republic VI,Food & Dining,POS,Lagos,Lagos,0,
TXN0003376,ACC00064,2024-08-09 02:19:04,102812.28,MRT008,ATM Withdrawal UBA,ATM,POS,Lagos,Lagos,0,
TXN0004293,ACC00081,2024-11-15 07:07:45,44370.97,MRT007,EKEDC Electricity,Utilities,Mobile App,Abuja,Abuja,0,
TXN0005948,ACC00112,2024-01-23 17:49:13,21123.25,MRT009,Bolt Ride Hailing,Transport,Mobile App,Abuja,Abuja,0,
TXN0004198,ACC00080,2024-07-07 22:41:40,139211.41,MRT008,ATM Withdrawal UBA,ATM,ATM,Abuja,Abuja,0,
TXN0003493,ACC00066,2024-11-13 14:02:10,70124.42,MRT005,Jumia Online Store,E-commerce,Web,Lagos,Lagos,0,
TXN0002926,ACC00056,2024-02-17 20:16:29,22363.83,MRT007,EKEDC Electricity,Utilities,Mobile App,Abuja,Abuja,0,
TXN0006080,ACC00116,2024-05-04 07:09:00,37393.89,MRT008,ATM Withdrawal UBA,ATM,POS,Ibadan,Ibadan,0,
TXN0004390,ACC00083,2024-08-28 06:12:02,5207.89,MRT003,MTN Airtime Top-up,Telecom,Web,Port Harcourt,Port Harcourt,0,
TXN0005192,ACC00100,2024-07-09 14:22:07,56858.05,MRT008,ATM Withdrawal UBA,ATM,Web,Abuja,Abuja,0,
TXN0001165,ACC00023,2024-03-13 16:23:13,39795.93,MRT009,Bolt Ride Hailing,Transport,POS,Abuja,Abuja,0,
TXN0005283,ACC00102,2024-12-27 07:04:21,22554.08,MRT007,EKEDC Electricity,Utilities,Web,Kano,Kano,0,
TXN0004635,ACC00088,2024-04-01 08:24:06,93703.83,MRT007,EKEDC Electricity,Utilities,USSD,Abuja,Abuja,0,
TXN0004737,ACC00090,2024-03-01 02:25:13,141349.59,MRT010,Konga Electronics,E-commerce,POS,Abuja,Abuja,0,
TXN0003588,ACC00068,2024-02-24 12:59:55,18958.98,MRT007,EKEDC Electricity,Utilities,USSD,Abuja,Abuja,0,
TXN0000307,ACC00006,2024-05-11 16:03:01,74682.38,MRT003,MTN Airtime Top-up,Telecom,ATM,Abuja,Abuja,0,
TXN0004749,ACC00091,2024-02-25 20:59:35,134557.63,MRT004,Netflix Subscription,Streaming,POS,Ibadan,Ibadan,0,
TXN0003224,ACC00060,2024-12-06 07:39:35,57677.38,MRT004,Netflix Subscription,Streaming,Web,Port Harcourt,Port Harcourt,0,
TXN0002657,ACC00051,2024-08-07 08:17:16,84779.03,MRT001,Shoprite Ikeja,Grocery,ATM,Abuja,Abuja,0,
TXN0000933,ACC00019,2024-02-06 23:43:15,99426.13,MRT007,EKEDC Electricity,Utilities,Web,Kano,Kano,0,
TXN0005464,ACC00105,2024-10-11 23:52:26,50331.11,MRT008,ATM Withdrawal UBA,ATM,ATM,Kano,Kano,0,
TXN0003282,ACC00061,2024-03-18 01:48:04,112901.59,MRT010,Konga Electronics,E-commerce,Web,Kano,Kano,0,
TXN0001626,ACC00032,2024-06-26 18:26:52,94987.16,MRT004,Netflix Subscription,Streaming,POS,Port Harcourt,Port Harcourt,0,
TXN0000404,ACC00008,2024-04-22 19:12:53,43500.74,MRT001,Shoprite Ikeja,Grocery,Mobile App,Ibadan,Ibadan,0,
TXN0004662,ACC00088,2024-10-29 07:01:07,127946.0,MRT006,Chicken Republic VI,Food & Dining,POS,Abuja,Abuja,0,
TXN0005565,ACC00107,2024-09-14 13:53:40,93713.61,MRT005,Jumia Online Store,E-commerce,Mobile App,Ibadan,Ibadan,0,
TXN0001249,ACC00025,2024-07-07 11:20:37,84074.21,MRT008,ATM Withdrawal UBA,ATM,USSD,Port Harcourt,Port Harcourt,0,
TXN0005515,ACC00107,2024-07-27 11:33:08,23535.88,MRT008,ATM Withdrawal UBA,ATM,ATM,Ibadan,Ibadan,0,
TXN0000422,ACC00008,2024-07-22 15:00:10,133444.36,MRT008,ATM Withdrawal UBA,ATM,Web,Ibadan,Ibadan,0,
TXN0005391,ACC00104,2024-12-28 11:24:28,86646.68,MRT002,POS Terminal Lekki,POS,ATM,Kano,Kano,0,
TXN0002528,ACC00048,2024-09-15 18:38:59,30162.66,MRT007,EKEDC Electricity,Utilities,Mobile App,Kano,Kano,0,
TXN0000524,ACC00010,2024-07-03 15:59:02,7461.01,MRT005,Jumia Online Store,E-commerce,Mobile App,Ibadan,Ibadan,0,
TXN0002551,ACC00048,2024-10-22 12:55:20,80266.85,MRT004,Netflix Subscription,Streaming,Web,Kano,Kano,0,
TXN0000626,ACC00011,2024-12-15 14:03:19,20770.54,MRT002,POS Terminal Lekki,POS,ATM,Abuja,Abuja,0,
TXN0000858,ACC00017,2024-08-06 01:09:34,91552.99,MRT010,Konga Electronics,E-commerce,POS,Abuja,Abuja,0,
TXN0001715,ACC00033,2024-10-14 07:57:28,34065.77,MRT008,ATM Withdrawal UBA,ATM,Mobile App,Lagos,Lagos,0,
TXN0004171,ACC00079,2024-12-28 07:42:06,49857.73,MRT007,EKEDC Electricity,Utilities,ATM,Kano,Kano,0,
TXN0003012,ACC00057,2024-04-14 23:21:55,88441.9,MRT005,Jumia Online Store,E-commerce,POS,Lagos,Lagos,0,
TXN0002550,ACC00048,2024-07-31 06:29:08,51763.25,MRT010,Konga Electronics,E-commerce,ATM,Kano,Kano,0,
TXN0000367,ACC00007,2024-06-26 13:41:54,32664.09,MRT004,Netflix Subscription,Streaming,POS,Port Harcourt,Port Harcourt,0,
TXN0002158,ACC00040,2024-04-09 12:45:34,63440.55,MRT006,Chicken Republic VI,Food & Dining,USSD,Abuja,Abuja,0,
TXN0002296,ACC00043,2024-11-26 17:03:37,10593.27,MRT008,ATM Withdrawal UBA,ATM,Mobile App,Abuja,Abuja,0,
TXN0002244,ACC00042,2024-05-31 01:40:35,19924.88,MRT004,Netflix Subscription,Streaming,Web,Abuja,Abuja,0,
TXN0005555,ACC00107,2024-07-29 18:40:30,21693.1,MRT002,POS Terminal Lekki,POS,USSD,Ibadan,Ibadan,0,
TXN0001824,ACC00034,2024-07-12 20:54:54,99290.53,MRT004,Netflix Subscription,Streaming,ATM,Abuja,Abuja,0,
TXN0003920,ACC00073,2024-05-30 11:59:50,3378.73,MRT007,EKEDC Electricity,Utilities,POS,Lagos,Lagos,0,
TXN0000767,ACC00016,2024-09-09 02:47:55,26543.3,MRT006,Chicken Republic VI,Food & Dining,USSD,Ibadan,Ibadan,0,
TXN0001041,ACC00020,2024-02-08 20:29:15,93117.61,MRT005,Jumia Online Store,E-commerce,Web,Port Harcourt,Port Harcourt,0,
TXN0002929,ACC00056,2024-03-18 19:24:25,72329.74,MRT008,ATM Withdrawal UBA,ATM,POS,Abuja,Abuja,0,
TXN0000269,ACC00006,2024-12-05 11:21:37,83403.84,MRT006,Chicken Republic VI,Food & Dining,Mobile App,Abuja,Abuja,0,
TXN0005827,ACC00111,2024-08-17 09:14:05,114121.0,MRT009,Bolt Ride Hailing,Transport,Mobile App,Ibadan,Ibadan,0,
TXN0004599,ACC00088,2024-02-21 09:38:59,74614.34,MRT008,ATM Withdrawal UBA,ATM,USSD,Abuja,Abuja,0,
TXN0000350,ACC00007,2024-01-16 23:57:31,12642.82,MRT001,Shoprite Ikeja,Grocery,USSD,Port Harcourt,Port Harcourt,0,
TXN0002788,ACC00054,2024-11-03 03:41:18,53982.81,MRT003,MTN Airtime Top-up,Telecom,Mobile App,Ibadan,Ibadan,0,
TXN0002698,ACC00052,2024-05-04 08:21:20,5182.83,MRT010,Konga Electronics,E-commerce,USSD,Port Harcourt,Port Harcourt,0,
TXN0004412,ACC00084,2024-07-30 03:22:35,36603.46,MRT002,POS Terminal Lekki,POS,USSD,Ibadan,Ibadan,0,
TXN0000821,ACC00016,2024-12-25 04:57:19,84621.22,MRT002,POS Terminal Lekki,POS,Mobile App,Ibadan,Ibadan,0,
TXN0006041,ACC00115,2024-08-02 13:54:16,17104.7,MRT009,Bolt Ride Hailing,Transport,USSD,Port Harcourt,Port Harcourt,0,
TXN0001400,ACC00027,2024-05-08 14:10:44,7830.19,MRT002,POS Terminal Lekki,POS,ATM,Kano,Kano,0,
TXN0000832,ACC00017,2024-10-27 14:29:27,40778.29,MRT006,Chicken Republic VI,Food & Dining,ATM,Abuja,Abuja,0,
TXN0006091,ACC00116,2024-05-19 01:45:44,66510.67,MRT002,POS Terminal Lekki,POS,Mobile App,Ibadan,Ibadan,0,
TXN0003623,ACC00068,2024-09-08 18:28:19,111235.36,MRT006,Chicken Republic VI,Food & Dining,POS,Abuja,Abuja,0,
TXN0003989,ACC00075,2024-11-06 15:56:11,74532.84,MRT002,POS Terminal Lekki,POS,Mobile App,Kano,Kano,0,
TXN0000109,ACC00003,2024-05-27 13:56:39,94206.48,MRT006,Chicken Republic VI,Food & Dining,ATM,Kano,Kano,0,
TXN0003655,ACC00069,2024-11-14 20:59:50,70060.32,MRT004,Netflix Subscription,Streaming,USSD,Abuja,Abuja,0,
TXN0002903,ACC00056,2024-06-30 04:35:06,144236.31,MRT007,EKEDC Electricity,Utilities,ATM,Abuja,Abuja,0,
TXN0002772,ACC00053,2024-07-17 17:48:23,32837.83,MRT003,MTN Airtime Top-up,Telecom,POS,Kano,Kano,0,
TXN0001565,ACC00030,2024-01-28 08:17:25,220988.09,MRT011,Unknown Vendor XJ9,Unknown,Web,New York,Abuja,1,Unknown or unregistered merchant
TXN0001846,ACC00035,2024-05-07 21:10:01,110716.83,MRT010,Konga Electronics,E-commerce,Web,Port Harcourt,Port Harcourt,0,
TXN0005526,ACC00107,2024-09-24 07:58:49,62681.33,MRT009,Bolt Ride Hailing,Transport,USSD,Ibadan,Ibadan,0,
TXN0003390,ACC00064,2024-02-16 23:38:01,97239.86,MRT010,Konga Electronics,E-commerce,USSD,Lagos,Lagos,0,
TXN0005862,ACC00111,2024-10-07 04:19:26,10976.73,MRT003,MTN Airtime Top-up,Telecom,POS,Ibadan,Ibadan,0,
TXN0004502,ACC00086,2024-11-21 11:20:02,88190.28,MRT001,Shoprite Ikeja,Grocery,ATM,Port Harcourt,Port Harcourt,0,
TXN0002687,ACC00052,2024-01-04 02:02:01,128032.44,MRT003,MTN Airtime Top-up,Telecom,POS,Port Harcourt,Port Harcourt,0,
TXN0005474,ACC00106,2024-03-02 04:40:16,5506.08,MRT003,MTN Airtime Top-up,Telecom,Web,Ibadan,Ibadan,0,
TXN0004408,ACC00083,2024-11-28 21:27:27,84229.69,MRT002,POS Terminal Lekki,POS,ATM,Port Harcourt,Port Harcourt,0,
TXN0004525,ACC00087,2024-06-22 18:20:59,51720.09,MRT004,Netflix Subscription,Streaming,Web,Kano,Kano,0,
TXN0002591,ACC00050,2024-02-21 07:59:52,115632.59,MRT004,Netflix Subscription,Streaming,POS,Kano,Kano,0,
TXN0001988,ACC00037,2024-01-19 06:31:53,54138.62,MRT001,Shoprite Ikeja,Grocery,POS,Port Harcourt,Port Harcourt,0,
TXN0000379,ACC00007,2024-01-18 14:15:28,20986.94,MRT001,Shoprite Ikeja,Grocery,POS,Port Harcourt,Port Harcourt,0,
TXN0003721,ACC00070,2024-12-17 05:34:47,99109.33,MRT004,Netflix Subscription,Streaming,POS,Port Harcourt,Port Harcourt,0,
TXN0002489,ACC00047,2024-06-13 15:48:49,139899.99,MRT009,Bolt Ride Hailing,Transport,Web,Abuja,Abuja,0,
TXN0003578,ACC00068,2024-04-25 03:32:49,135193.01,MRT007,EKEDC Electricity,Utilities,ATM,Abuja,Abuja,0,
TXN0004190,ACC00080,2024-12-25 15:25:36,104758.57,MRT002,POS Terminal Lekki,POS,USSD,Abuja,Abuja,0,
TXN0002252,ACC00042,2024-01-16 04:17:47,43542.81,MRT002,POS Terminal Lekki,POS,ATM,Abuja,Abuja,0,
TXN0001835,ACC00035,2024-03-19 10:41:16,41270.44,MRT003,MTN Airtime Top-up,Telecom,Mobile App,Port Harcourt,Port Harcourt,0,
TXN0001893,ACC00035,2024-10-04 04:47:22,1274952.69,MRT011,Unknown Vendor XJ9,Unknown,Mobile App,Port Harcourt,Port Harcourt,1,Large transaction at unusual hour (1am–4am)
TXN0003176,ACC00060,2024-09-25 02:58:10,113378.17,MRT004,Netflix Subscription,Streaming,ATM,Port Harcourt,Port Harcourt,0,
TXN0001180,ACC00023,2024-05-13 15:37:11,62058.26,MRT001,Shoprite Ikeja,Grocery,POS,Abuja,Abuja,0,
TXN0005235,ACC00101,2024-12-02 09:52:24,98774.8,MRT001,Shoprite Ikeja,Grocery,USSD,Kano,Kano,0,
TXN0003941,ACC00074,2024-08-21 17:18:12,138162.43,MRT003,MTN Airtime Top-up,Telecom,ATM,Ibadan,Ibadan,0,
TXN0001798,ACC00034,2024-08-17 07:31:04,19665.61,MRT001,Shoprite Ikeja,Grocery,POS,Abuja,Abuja,0,
TXN0005717,ACC00109,2024-03-30 20:30:22,76826.49,MRT008,ATM Withdrawal UBA,ATM,Mobile App,Port Harcourt,Port Harcourt,0,
TXN0003725,ACC00070,2024-12-08 12:19:16,102219.16,MRT007,EKEDC Electricity,Utilities,POS,Port Harcourt,Port Harcourt,0,
TXN0005249,ACC00101,2024-01-17 02:08:40,75749.05,MRT003,MTN Airtime Top-up,Telecom,ATM,Kano,Kano,0,
TXN0000971,ACC00019,2024-09-02 16:06:12,30532.92,MRT004,Netflix Subscription,Streaming,USSD,Kano,Kano,0,
TXN0000301,ACC00006,2024-01-18 00:18:14,132925.66,MRT004,Netflix Subscription,Streaming,POS,Abuja,Abuja,0,
TXN0003179,ACC00060,2024-08-03 11:10:41,138223.94,MRT002,POS Terminal Lekki,POS,ATM,Port Harcourt,Port Harcourt,0,
TXN0004844,ACC00093,2024-01-07 18:27:20,65546.87,MRT010,Konga Electronics,E-commerce,POS,Ibadan,Ibadan,0,
TXN0005229,ACC00101,2024-05-28 05:53:09,77756.22,MRT009,Bolt Ride Hailing,Transport,Mobile App,Kano,Kano,0,
TXN0004002,ACC00076,2024-06-13 03:51:54,93224.64,MRT010,Konga Electronics,E-commerce,POS,Port Harcourt,Port Harcourt,0,
TXN0000218,ACC00005,2024-06-15 17:13:10,60961.22,MRT010,Konga Electronics,E-commerce,ATM,Kano,Kano,0,
TXN0001097,ACC00021,2024-12-16 07:06:26,81123.25,MRT010,Konga Electronics,E-commerce,Mobile App,Ibadan,Ibadan,0,
TXN0004185,ACC00080,2024-03-28 20:19:35,65364.07,MRT001,Shoprite Ikeja,Grocery,POS,Abuja,Abuja,0,
TXN0000806,ACC00016,2024-03-29 08:34:21,9617.07,MRT009,Bolt Ride Hailing,Transport,ATM,Ibadan,Ibadan,0,
TXN0003171,ACC00060,2024-08-27 10:05:20,78749.15,MRT008,ATM Withdrawal UBA,ATM,USSD,Port Harcourt,Port Harcourt,0,
TXN0004285,ACC00081,2024-03-18 07:52:06,5938.73,MRT001,Shoprite Ikeja,Grocery,Web,Abuja,Abuja,0,
TXN0004860,ACC00093,2024-01-27 09:17:25,113714.44,MRT010,Konga Electronics,E-commerce,POS,Ibadan,Ibadan,0,
TXN0000818,ACC00016,2024-11-01 11:10:59,88342.63,MRT010,Konga Electronics,E-commerce,ATM,Ibadan,Ibadan,0,
TXN0000723,ACC00014,2024-05-19 03:28:51,68061.6,MRT004,Netflix Subscription,Streaming,ATM,Lagos,Lagos,0,
TXN0002734,ACC00052,2024-08-02 05:10:19,17617.92,MRT007,EKEDC Electricity,Utilities,ATM,Port Harcourt,Port Harcourt,0,
TXN0000229,ACC00005,2024-06-29 04:21:21,114101.63,MRT010,Konga Electronics,E-commerce,ATM,Kano,Kano,0,
TXN0000939,ACC00019,2024-04-18 00:36:44,76285.94,MRT001,Shoprite Ikeja,Grocery,USSD,Kano,Kano,0,
TXN0001478,ACC00029,2024-07-30 11:21:30,26376.28,MRT004,Netflix Subscription,Streaming,Mobile App,Port Harcourt,Port Harcourt,0,
TXN0000892,ACC00017,2024-04-25 19:26:47,68660.98,MRT005,Jumia Online Store,E-commerce,USSD,Abuja,Abuja,0,
TXN0003270,ACC00061,2024-03-02 15:39:42,71586.64,MRT007,EKEDC Electricity,Utilities,POS,Kano,Kano,0,
TXN0001949,ACC00036,2024-03-10 17:32:51,126515.02,MRT003,MTN Airtime Top-up,Telecom,Mobile App,Ibadan,Ibadan,0,
TXN0001237,ACC00024,2024-12-01 09:52:22,146004.47,MRT004,Netflix Subscription,Streaming,Web,Lagos,Lagos,0,
TXN0000650,ACC00012,2024-09-21 01:53:54,1888.4,MRT008,ATM Withdrawal UBA,ATM,POS,Kano,Kano,0,
TXN0006204,ACC00119,2024-09-29 07:50:22,133608.26,MRT001,Shoprite Ikeja,Grocery,ATM,Kano,Kano,0,
TXN0003924,ACC00073,2024-01-03 18:39:53,105422.72,MRT006,Chicken Republic VI,Food & Dining,USSD,Lagos,Lagos,0,
TXN0000139,ACC00003,2024-10-16 22:26:14,120732.76,MRT006,Chicken Republic VI,Food & Dining,ATM,Kano,Kano,0,
TXN0001275,ACC00025,2024-09-12 02:31:58,85719.14,MRT004,Netflix Subscription,Streaming,Web,Port Harcourt,Port Harcourt,0,
TXN0000188,ACC00004,2024-06-08 13:00:50,131104.3,MRT006,Chicken Republic VI,Food & Dining,ATM,Ibadan,Ibadan,0,
TXN0004302,ACC00081,2024-04-12 14:31:15,48087.6,MRT006,Chicken Republic VI,Food & Dining,Mobile App,Abuja,Abuja,0,
TXN0001683,ACC00032,2024-04-11 03:10:15,28082.24,MRT006,Chicken Republic VI,Food & Dining,USSD,Port Harcourt,Port Harcourt,0,
TXN0005679,ACC00109,2024-04-27 16:18:52,20163.24,MRT005,Jumia Online Store,E-commerce,USSD,Port Harcourt,Port Harcourt,0,
TXN0003632,ACC00068,2024-04-30 14:19:36,105184.13,MRT009,Bolt Ride Hailing,Transport,USSD,Abuja,Abuja,0,
TXN0004193,ACC00080,2024-03-04 02:06:05,72435.46,MRT010,Konga Electronics,E-commerce,Mobile App,Abuja,Abuja,0,
TXN0005287,ACC00102,2024-11-08 15:07:28,133160.55,MRT004,Netflix Subscription,Streaming,POS,Kano,Kano,0,
TXN0005279,ACC00101,2024-09-11 04:48:40,104466.24,MRT009,Bolt Ride Hailing,Transport,POS,Kano,Kano,0,
TXN0004399,ACC00083,2024-12-15 21:07:32,134896.77,MRT010,Konga Electronics,E-commerce,USSD,Port Harcourt,Port Harcourt,0,
TXN0003318,ACC00062,2024-04-10 03:12:39,77476.99,MRT004,Netflix Subscription,Streaming,USSD,Lagos,Lagos,0,
TXN0001374,ACC00026,2024-03-14 17:32:00,66213.3,MRT005,Jumia Online Store,E-commerce,POS,Ibadan,Ibadan,0,
TXN0003200,ACC00060,2024-04-20 08:49:12,87878.02,MRT007,EKEDC Electricity,Utilities,POS,Port Harcourt,Port Harcourt,0,
TXN0004178,ACC00079,2024-03-04 10:55:06,40193.4,MRT001,Shoprite Ikeja,Grocery,ATM,Kano,Kano,0,
TXN0003028,ACC00058,2024-06-02 05:56:59,92524.31,MRT001,Shoprite Ikeja,Grocery,POS,Lagos,Lagos,0,
TXN0004616,ACC00088,2024-10-31 15:05:13,65970.68,MRT010,Konga Electronics,E-commerce,ATM,Abuja,Abuja,0,
TXN0000476,ACC00009,2024-05-26 04:51:47,113285.21,MRT003,MTN Airtime Top-up,Telecom,ATM,Lagos,Lagos,0,
TXN0004048,ACC00077,2024-12-04 03:13:14,117204.48,MRT006,Chicken Republic VI,Food & Dining,Mobile App,Ibadan,Ibadan,0,
TXN0002625,ACC00050,2024-03-19 22:42:13,54678.57,MRT001,Shoprite Ikeja,Grocery,ATM,Kano,Kano,0,
TXN0000531,ACC00010,2024-11-02 23:58:34,75368.53,MRT002,POS Terminal Lekki,POS,POS,Ibadan,Ibadan,0,
TXN0002890,ACC00055,2024-10-31 23:11:03,99966.24,MRT009,Bolt Ride Hailing,Transport,USSD,Lagos,Lagos,0,
TXN0000544,ACC00010,2024-07-18 00:17:41,15942.29,MRT007,EKEDC Electricity,Utilities,Mobile App,Ibadan,Ibadan,0,
TXN0004213,ACC00080,2024-11-21 00:00:20,11216.65,MRT009,Bolt Ride Hailing,Transport,USSD,Abuja,Abuja,0,
TXN0003792,ACC00071,2024-03-03 01:33:34,24906.88,MRT003,MTN Airtime Top-up,Telecom,Mobile App,Lagos,Lagos,0,
TXN0001722,ACC00033,2024-05-24 22:29:48,110077.11,MRT009,Bolt Ride Hailing,Transport,Mobile App,Lagos,Lagos,0,
TXN0003707,ACC00069,2024-07-09 18:40:59,456.89,MRT008,ATM Withdrawal UBA,ATM,Mobile App,Abuja,Abuja,1,Velocity spike: multiple transactions in short window
TXN0000326,ACC00006,2024-09-30 10:06:28,32578.28,MRT008,ATM Withdrawal UBA,ATM,USSD,Abuja,Abuja,0,
TXN0000635,ACC00011,2024-10-10 20:46:45,95408.66,MRT008,ATM Withdrawal UBA,ATM,POS,Abuja,Abuja,0,
TXN0004300,ACC00081,2024-12-03 16:22:22,139745.84,MRT003,MTN Airtime Top-up,Telecom,USSD,Abuja,Abuja,0,
TXN0001660,ACC00032,2024-07-14 13:34:30,41933.23,MRT007,EKEDC Electricity,Utilities,Mobile App,Port Harcourt,Port Harcourt,0,
TXN0004406,ACC00083,2024-12-05 17:01:31,17744.45,MRT010,Konga Electronics,E-commerce,Web,Port Harcourt,Port Harcourt,0,
TXN0002572,ACC00049,2024-09-02 17:01:54,145846.68,MRT010,Konga Electronics,E-commerce,POS,Lagos,Lagos,0,
TXN0004067,ACC00077,2024-04-28 23:22:00,123947.41,MRT004,Netflix Subscription,Streaming,USSD,Ibadan,Ibadan,0,
TXN0003447,ACC00066,2024-11-15 10:47:35,29442.53,MRT003,MTN Airtime Top-up,Telecom,Mobile App,Lagos,Lagos,0,
TXN0003647,ACC00069,2024-08-11 11:38:48,112145.52,MRT007,EKEDC Electricity,Utilities,POS,Abuja,Abuja,0,
TXN0004890,ACC00094,2024-06-24 06:20:24,78530.97,MRT006,Chicken Republic VI,Food & Dining,Web,Abuja,Abuja,0,
TXN0002126,ACC00039,2024-10-10 01:49:47,29181.81,MRT005,Jumia Online Store,E-commerce,Mobile App,Ibadan,Ibadan,0,
TXN0002646,ACC00050,2024-10-15 14:31:04,60360.16,MRT004,Netflix Subscription,Streaming,Mobile App,Kano,Kano,0,
TXN0003659,ACC00069,2024-12-13 21:50:57,71755.65,MRT006,Chicken Republic VI,Food & Dining,Web,Abuja,Abuja,0,
TXN0003818,ACC00072,2024-10-06 06:39:26,83081.21,MRT005,Jumia Online Store,E-commerce,ATM,Abuja,Abuja,0,
TXN0005769,ACC00110,2024-06-30 18:10:20,7525.61,MRT010,Konga Electronics,E-commerce,POS,Lagos,Lagos,0,
TXN0005936,ACC00112,2024-06-17 18:24:42,133602.63,MRT002,POS Terminal Lekki,POS,Web,Abuja,Abuja,0,
TXN0003671,ACC00069,2024-10-27 11:43:31,125443.04,MRT003,MTN Airtime Top-up,Telecom,Mobile App,Abuja,Abuja,0,
TXN0004563,ACC00087,2024-01-06 19:11:11,72548.4,MRT009,Bolt Ride Hailing,Transport,ATM,Kano,Kano,0,
TXN0002592,ACC00050,2024-02-25 09:27:36,2517.79,MRT010,Konga Electronics,E-commerce,Mobile App,Kano,Kano,0,
TXN0004688,ACC00089,2024-03-19 13:32:47,32881.08,MRT002,POS Terminal Lekki,POS,Web,Ibadan,Ibadan,0,
TXN0000295,ACC00006,2024-05-13 21:47:31,110074.68,MRT004,Netflix Subscription,Streaming,Mobile App,Abuja,Abuja,0,
TXN0005609,ACC00108,2024-12-11 11:04:14,132361.11,MRT004,Netflix Subscription,Streaming,USSD,Kano,Kano,0,
TXN0005887,ACC00111,2024-12-24 10:30:38,70813.55,MRT003,MTN Airtime Top-up,Telecom,Mobile App,Ibadan,Ibadan,0,
TXN0004743,ACC00091,2024-12-25 13:02:04,98481.71,MRT010,Konga Electronics,E-commerce,Web,Ibadan,Ibadan,0,
TXN0001403,ACC00027,2024-03-09 21:40:02,112525.55,MRT008,ATM Withdrawal UBA,ATM,POS,Kano,Kano,0,
TXN0005310,ACC00102,2024-02-23 02:13:08,55507.44,MRT004,Netflix Subscription,Streaming,USSD,Kano,Kano,0,
TXN0000221,ACC00005,2024-02-04 05:25:48,126750.41,MRT007,EKEDC Electricity,Utilities,Web,Kano,Kano,0,
TXN0004118,ACC00079,2024-07-25 04:41:14,126962.43,MRT004,Netflix Subscription,Streaming,ATM,Kano,Kano,0,
TXN0004714,ACC00090,2024-03-21 21:54:22,48934.5,MRT001,Shoprite Ikeja,Grocery,ATM,Abuja,Abuja,0,
TXN0000976,ACC00019,2024-09-18 20:24:17,43246.23,MRT009,Bolt Ride Hailing,Transport,ATM,Kano,Kano,0,
TXN0005498,ACC00106,2024-02-25 03:29:03,91646.04,MRT008,ATM Withdrawal UBA,ATM,POS,Ibadan,Ibadan,0,
TXN0001803,ACC00034,2024-02-02 23:42:51,130406.52,MRT002,POS Terminal Lekki,POS,Mobile App,Abuja,Abuja,0,
TXN0001184,ACC00024,2024-12-11 11:58:31,57470.11,MRT002,POS Terminal Lekki,POS,POS,Lagos,Lagos,0,
TXN0004925,ACC00095,2024-08-15 18:33:25,53983.19,MRT004,Netflix Subscription,Streaming,USSD,Port Harcourt,Port Harcourt,0,
TXN0005782,ACC00110,2024-05-07 10:01:16,119741.36,MRT009,Bolt Ride Hailing,Transport,USSD,Lagos,Lagos,0,
TXN0001930,ACC00036,2024-03-04 06:43:02,117034.14,MRT007,EKEDC Electricity,Utilities,POS,Ibadan,Ibadan,0,
TXN0001252,ACC00025,2024-04-16 22:12:35,137213.86,MRT010,Konga Electronics,E-commerce,USSD,Port Harcourt,Port Harcourt,0,
TXN0003444,ACC00066,2024-12-12 22:47:08,70840.7,MRT009,Bolt Ride Hailing,Transport,Web,Lagos,Lagos,0,
TXN0000192,ACC00004,2024-11-25 01:10:26,52842.04,MRT002,POS Terminal Lekki,POS,USSD,Ibadan,Ibadan,0,
TXN0003395,ACC00064,2024-02-10 05:50:11,127137.02,MRT003,MTN Airtime Top-up,Telecom,USSD,Lagos,Lagos,0,
TXN0002560,ACC00049,2024-03-05 06:44:29,112733.8,MRT008,ATM Withdrawal UBA,ATM,ATM,Lagos,Lagos,0,
TXN0002785,ACC00054,2024-07-17 14:11:27,88236.95,MRT005,Jumia Online Store,E-commerce,POS,Ibadan,Ibadan,0,
TXN0002964,ACC00057,2024-11-17 09:33:53,75377.12,MRT008,ATM Withdrawal UBA,ATM,POS,Lagos,Lagos,0,
TXN0005764,ACC00110,2024-08-12 12:29:23,91658.31,MRT004,Netflix Subscription,Streaming,ATM,Lagos,Lagos,0,
TXN0005440,ACC00105,2024-10-16 10:58:12,46455.04,MRT004,Netflix Subscription,Streaming,POS,Kano,Kano,0,
TXN0002416,ACC00045,2024-06-01 22:13:31,20069.65,MRT002,POS Terminal Lekki,POS,USSD,Lagos,Lagos,0,
TXN0005334,ACC00102,2024-01-25 10:06:03,139171.95,MRT001,Shoprite Ikeja,Grocery,POS,Kano,Kano,0,
TXN0004102,ACC00078,2024-11-26 08:02:22,112728.78,MRT010,Konga Electronics,E-commerce,Mobile App,Abuja,Abuja,0,
TXN0005267,ACC00101,2024-05-28 19:21:14,105213.72,MRT004,Netflix Subscription,Streaming,Web,Kano,Kano,0,
TXN0004869,ACC00093,2024-10-18 05:38:15,15757.29,MRT005,Jumia Online Store,E-commerce,ATM,Ibadan,Ibadan,0,
TXN0000740,ACC00014,2024-12-18 18:00:32,41609.77,MRT003,MTN Airtime Top-up,Telecom,ATM,Lagos,Lagos,0,
TXN0004339,ACC00082,2024-07-09 06:19:23,142396.88,MRT008,ATM Withdrawal UBA,ATM,ATM,Abuja,Abuja,0,
TXN0000756,ACC00015,2024-09-30 04:39:21,142160.03,MRT006,Chicken Republic VI,Food & Dining,USSD,Abuja,Abuja,0,
TXN0003044,ACC00058,2024-02-12 09:28:38,76287.22,MRT002,POS Terminal Lekki,POS,Mobile App,Lagos,Lagos,0,
TXN0006250,ACC00120,2024-10-13 08:21:22,86450.66,MRT002,POS Terminal Lekki,POS,Web,Ibadan,Ibadan,0,
TXN0001751,ACC00033,2024-11-24 12:00:02,142344.34,MRT005,Jumia Online Store,E-commerce,POS,Lagos,Lagos,0,
TXN0001490,ACC00029,2024-02-04 16:13:08,1713.83,MRT010,Konga Electronics,E-commerce,USSD,Port Harcourt,Port Harcourt,0,
TXN0003301,ACC00062,2024-07-13 03:52:07,7115.06,MRT004,Netflix Subscription,Streaming,POS,Lagos,Lagos,0,
TXN0003146,ACC00059,2024-12-19 15:54:30,50059.57,MRT006,Chicken Republic VI,Food & Dining,Web,Lagos,Lagos,0,
TXN0000021,ACC00001,2024-10-01 16:35:39,65605.33,MRT003,MTN Airtime Top-up,Telecom,USSD,Lagos,Lagos,0,
TXN0001577,ACC00031,2024-12-14 03:37:09,94777.25,MRT002,POS Terminal Lekki,POS,POS,Ibadan,Ibadan,0,
TXN0003633,ACC00068,2024-04-25 00:49:06,80969.03,MRT009,Bolt Ride Hailing,Transport,ATM,Abuja,Abuja,0,
TXN0000809,ACC00016,2024-07-03 23:05:10,12303.78,MRT005,Jumia Online Store,E-commerce,Mobile App,Ibadan,Ibadan,0,
TXN0004557,ACC00087,2024-12-10 14:04:27,147248.91,MRT002,POS Terminal Lekki,POS,USSD,Kano,Kano,0,
TXN0004897,ACC00094,2024-02-05 12:52:34,140155.23,MRT002,POS Terminal Lekki,POS,USSD,Abuja,Abuja,0,
TXN0002397,ACC00044,2024-11-27 09:36:53,143133.26,MRT006,Chicken Republic VI,Food & Dining,USSD,Kano,Kano,0,
TXN0003937,ACC00074,2024-08-08 03:23:35,32912.51,MRT005,Jumia Online Store,E-commerce,Mobile App,Ibadan,Ibadan,0,
TXN0005211,ACC00100,2024-11-30 06:20:25,13615.16,MRT003,MTN Airtime Top-up,Telecom,USSD,Abuja,Abuja,0,
TXN0003763,ACC00070,2024-06-25 09:40:01,131976.92,MRT009,Bolt Ride Hailing,Transport,Web,Port Harcourt,Port Harcourt,0,
TXN0001358,ACC00026,2024-03-30 16:15:33,54209.57,MRT001,Shoprite Ikeja,Grocery,ATM,Ibadan,Ibadan,0,
TXN0002294,ACC00043,2024-05-05 23:12:03,101846.13,MRT007,EKEDC Electricity,Utilities,Web,Abuja,Abuja,0,
TXN0005721,ACC00109,2024-12-22 16:31:12,147070.25,MRT010,Konga Electronics,E-commerce,ATM,Port Harcourt,Port Harcourt,0,
TXN0002954,ACC00057,2024-12-24 16:07:04,48513.3,MRT003,MTN Airtime Top-up,Telecom,ATM,Lagos,Lagos,0,
TXN0000256,ACC00005,2024-03-01 04:11:37,44720.92,MRT002,POS Terminal Lekki,POS,Mobile App,Kano,Kano,0,
TXN0003518,ACC00067,2024-01-03 19:37:37,120610.05,MRT007,EKEDC Electricity,Utilities,ATM,Lagos,Lagos,0,
TXN0006229,ACC00120,2024-03-07 17:15:25,105070.88,MRT006,Chicken Republic VI,Food & Dining,ATM,Ibadan,Ibadan,0,
TXN0001801,ACC00034,2024-06-08 23:27:43,8939.16,MRT006,Chicken Republic VI,Food & Dining,Web,Abuja,Abuja,0,
TXN0002005,ACC00037,2024-03-07 12:16:32,40269.34,MRT002,POS Terminal Lekki,POS,ATM,Port Harcourt,Port Harcourt,0,
TXN0001304,ACC00026,2024-09-27 23:40:30,23403.02,MRT004,Netflix Subscription,Streaming,ATM,Ibadan,Ibadan,0,
TXN0004808,ACC00092,2024-10-28 12:13:39,34715.05,MRT002,POS Terminal Lekki,POS,ATM,Ibadan,Ibadan,0,
TXN0000869,ACC00017,2024-11-22 11:19:13,27579.81,MRT009,Bolt Ride Hailing,Transport,Mobile App,Abuja,Abuja,0,
TXN0005681,ACC00109,2024-09-15 08:43:14,143226.48,MRT006,Chicken Republic VI,Food & Dining,USSD,Port Harcourt,Port Harcourt,0,
TXN0004214,ACC00080,2024-04-20 11:13:05,10208.91,MRT003,MTN Airtime Top-up,Telecom,USSD,Abuja,Abuja,0,
TXN0003248,ACC00061,2024-08-07 21:15:59,13680.21,MRT008,ATM Withdrawal UBA,ATM,Mobile App,Kano,Kano,0,
TXN0004260,ACC00081,2024-04-21 16:13:36,128357.47,MRT002,POS Terminal Lekki,POS,ATM,Abuja,Abuja,0,
TXN0002622,ACC00050,2024-05-29 08:59:09,87354.11,MRT002,POS Terminal Lekki,POS,ATM,Kano,Kano,0,
TXN0001058,ACC00021,2024-07-17 05:23:04,59819.38,MRT002,POS Terminal Lekki,POS,USSD,Ibadan,Ibadan,0,
TXN0004277,ACC00081,2024-02-26 15:04:30,24470.8,MRT006,Chicken Republic VI,Food & Dining,USSD,Abuja,Abuja,0,
TXN0006185,ACC00119,2024-01-03 19:30:16,4484.52,MRT009,Bolt Ride Hailing,Transport,USSD,Kano,Kano,0,
TXN0006113,ACC00117,2024-06-01 18:36:27,102073.81,MRT010,Konga Electronics,E-commerce,Web,Kano,Kano,0,
TXN0001651,ACC00032,2024-11-01 21:49:12,93258.05,MRT002,POS Terminal Lekki,POS,POS,Port Harcourt,Port Harcourt,0,
TXN0001303,ACC00026,2024-07-28 16:30:35,22862.21,MRT010,Konga Electronics,E-commerce,USSD,Ibadan,Ibadan,0,
TXN0004282,ACC00081,2024-10-27 09:12:04,112286.28,MRT010,Konga Electronics,E-commerce,Mobile App,Abuja,Abuja,0,
TXN0004787,ACC00092,2024-02-15 20:34:40,61811.67,MRT008,ATM Withdrawal UBA,ATM,Web,Ibadan,Ibadan,0,
TXN0003485,ACC00066,2024-01-24 09:54:34,56334.42,MRT009,Bolt Ride Hailing,Transport,USSD,Lagos,Lagos,0,
TXN0004207,ACC00080,2024-09-20 14:18:45,100075.71,MRT006,Chicken Republic VI,Food & Dining,Mobile App,Abuja,Abuja,0,
TXN0000547,ACC00010,2024-04-23 08:12:52,58476.03,MRT007,EKEDC Electricity,Utilities,Mobile App,Ibadan,Ibadan,0,
TXN0002530,ACC00048,2024-11-27 23:59:01,94521.73,MRT010,Konga Electronics,E-commerce,Web,Kano,Kano,0,
TXN0000932,ACC00019,2024-07-20 14:21:34,103392.13,MRT009,Bolt Ride Hailing,Transport,USSD,Kano,Kano,0,
TXN0002993,ACC00057,2024-04-02 11:54:26,14252.63,MRT004,Netflix Subscription,Streaming,Mobile App,Lagos,Lagos,0,
TXN0004556,ACC00087,2024-11-17 13:38:46,134638.99,MRT001,Shoprite Ikeja,Grocery,ATM,Kano,Kano,0,
TXN0004994,ACC00096,2024-11-03 18:53:57,127984.9,MRT005,Jumia Online Store,E-commerce,ATM,Port Harcourt,Port Harcourt,0,
TXN0003579,ACC00068,2024-12-13 02:18:08,70466.62,MRT008,ATM Withdrawal UBA,ATM,Web,Abuja,Abuja,0,
TXN0004363,ACC00082,2024-09-17 03:19:35,84999.74,MRT010,Konga Electronics,E-commerce,POS,Abuja,Abuja,0,
TXN0002341,ACC00044,2024-09-07 06:13:08,59951.2,MRT007,EKEDC Electricity,Utilities,USSD,Kano,Kano,0,
TXN0003860,ACC00073,2024-06-17 16:43:36,23080.28,MRT003,MTN Airtime Top-up,Telecom,Web,Lagos,Lagos,0,
TXN0003767,ACC00070,2024-06-08 08:56:20,715863.52,MRT013,Wire Transfer INT,Wire Transfer,Web,Dubai,Port Harcourt,1,Foreign transaction: cross-border anomaly
TXN0005022,ACC00097,2024-01-14 21:20:37,77447.98,MRT002,POS Terminal Lekki,POS,ATM,Kano,Kano,0,
TXN0000790,ACC00016,2024-05-08 14:01:30,146172.56,MRT004,Netflix Subscription,Streaming,ATM,Ibadan,Ibadan,0,
TXN0001863,ACC00035,2024-12-25 19:34:47,107749.21,MRT006,Chicken Republic VI,Food & Dining,Mobile App,Port Harcourt,Port Harcourt,0,
TXN0000335,ACC00007,2024-02-20 09:33:19,132694.84,MRT010,Konga Electronics,E-commerce,Mobile App,Port Harcourt,Port Harcourt,0,
TXN0001259,ACC00025,2024-07-22 12:41:03,114977.25,MRT008,ATM Withdrawal UBA,ATM,Web,Port Harcourt,Port Harcourt,0,
TXN0002558,ACC00049,2024-01-24 14:38:07,111236.92,MRT004,Netflix Subscription,Streaming,ATM,Lagos,Lagos,0,
TXN0001567,ACC00030,2024-09-15 03:09:31,1460099.36,MRT014,FX Bureau Lagos,FX,Mobile App,Abuja,Abuja,1,Large transaction at unusual hour (1am–4am)
TXN0004965,ACC00095,2024-05-25 15:40:10,117934.81,MRT005,Jumia Online Store,E-commerce,USSD,Port Harcourt,Port Harcourt,0,
TXN0000144,ACC00003,2024-09-18 07:12:54,87891.73,MRT005,Jumia Online Store,E-commerce,POS,Kano,Kano,0,
TXN0002297,ACC00043,2024-08-24 07:56:29,67612.28,MRT010,Konga Electronics,E-commerce,USSD,Abuja,Abuja,0,
TXN0004265,ACC00081,2024-03-03 20:39:29,31011.95,MRT007,EKEDC Electricity,Utilities,Web,Abuja,Abuja,0,
TXN0002721,ACC00052,2024-11-12 00:58:23,2920.59,MRT006,Chicken Republic VI,Food & Dining,POS,Port Harcourt,Port Harcourt,0,
TXN0001147,ACC00022,2024-04-06 09:55:43,14404.91,MRT005,Jumia Online Store,E-commerce,POS,Abuja,Abuja,0,
TXN0005906,ACC00112,2024-10-13 05:07:26,140026.85,MRT009,Bolt Ride Hailing,Transport,Web,Abuja,Abuja,0,
TXN0002899,ACC00055,2024-04-26 22:06:13,13296.89,MRT005,Jumia Online Store,E-commerce,USSD,Lagos,Lagos,0,
TXN0005737,ACC00109,2024-08-11 12:54:14,1000000,MRT015,Sports Betting GG,Gambling,Mobile App,Port Harcourt,Port Harcourt,1,Suspicious round amount: possible structuring
TXN0001911,ACC00036,2024-02-15 01:25:20,6598.36,MRT008,ATM Withdrawal UBA,ATM,POS,Ibadan,Ibadan,0,
TXN0000363,ACC00007,2024-11-11 22:09:47,140095.85,MRT006,Chicken Republic VI,Food & Dining,POS,Port Harcourt,Port Harcourt,0,
TXN0001206,ACC00024,2024-11-08 12:25:12,66558.12,MRT002,POS Terminal Lekki,POS,POS,Lagos,Lagos,0,
TXN0004554,ACC00087,2024-12-18 13:52:07,97703.34,MRT006,Chicken Republic VI,Food & Dining,USSD,Kano,Kano,0,
TXN0002056,ACC00038,2024-01-01 19:26:26,82356.83,MRT002,POS Terminal Lekki,POS,Mobile App,Abuja,Abuja,0,
TXN0006239,ACC00120,2024-06-08 16:33:38,88552.87,MRT004,Netflix Subscription,Streaming,POS,Ibadan,Ibadan,0,
TXN0000009,ACC00001,2024-03-25 15:34:36,105070.01,MRT008,ATM Withdrawal UBA,ATM,POS,Lagos,Lagos,0,
TXN0003541,ACC00067,2024-12-15 08:24:15,19665.69,MRT005,Jumia Online Store,E-commerce,USSD,Lagos,Lagos,0,
TXN0001150,ACC00022,2024-04-14 11:58:05,142094.16,MRT003,MTN Airtime Top-up,Telecom,Web,Abuja,Abuja,0,
TXN0000370,ACC00007,2024-11-25 00:13:07,64923.7,MRT002,POS Terminal Lekki,POS,POS,Port Harcourt,Port Harcourt,0,
TXN0004494,ACC00086,2024-04-12 11:36:23,123544.62,MRT005,Jumia Online Store,E-commerce,USSD,Port Harcourt,Port Harcourt,0,
TXN0002759,ACC00053,2024-06-27 07:22:49,18841.31,MRT010,Konga Electronics,E-commerce,Web,Kano,Kano,0,
TXN0000155,ACC00003,2024-01-13 16:56:16,32981.82,MRT006,Chicken Republic VI,Food & Dining,ATM,Kano,Kano,0,
TXN0002058,ACC00038,2024-04-30 06:37:50,68129.98,MRT010,Konga Electronics,E-commerce,POS,Abuja,Abuja,0,
TXN0001825,ACC00034,2024-04-14 01:20:38,121435.56,MRT009,Bolt Ride Hailing,Transport,ATM,Abuja,Abuja,0,
TXN0004082,ACC00078,2024-06-18 18:44:25,47314.73,MRT007,EKEDC Electricity,Utilities,Web,Abuja,Abuja,0,
TXN0002637,ACC00050,2024-10-17 12:51:49,104935.31,MRT009,Bolt Ride Hailing,Transport,POS,Kano,Kano,0,
TXN0004768,ACC00092,2024-12-30 22:53:21,78034.29,MRT008,ATM Withdrawal UBA,ATM,USSD,Ibadan,Ibadan,0,
TXN0004174,ACC00079,2024-03-26 12:45:45,7080.01,MRT001,Shoprite Ikeja,Grocery,Mobile App,Kano,Kano,0,
TXN0005823,ACC00111,2024-02-17 21:06:27,40249.37,MRT008,ATM Withdrawal UBA,ATM,Web,Ibadan,Ibadan,0,
TXN0004032,ACC00077,2024-05-24 23:33:55,39819.5,MRT009,Bolt Ride Hailing,Transport,Mobile App,Ibadan,Ibadan,0,
TXN0003094,ACC00059,2024-06-16 04:54:06,42099.31,MRT009,Bolt Ride Hailing,Transport,USSD,Lagos,Lagos,0,
TXN0002900,ACC00056,2024-07-30 23:30:38,56706.91,MRT003,MTN Airtime Top-up,Telecom,ATM,Abuja,Abuja,0,
TXN0001677,ACC00032,2024-03-07 16:42:21,34403.9,MRT005,Jumia Online Store,E-commerce,POS,Port Harcourt,Port Harcourt,0,
TXN0005612,ACC00108,2024-07-15 09:04:33,95432.46,MRT006,Chicken Republic VI,Food & Dining,USSD,Kano,Kano,0,
TXN0000347,ACC00007,2024-07-26 04:22:32,75634.69,MRT002,POS Terminal Lekki,POS,Web,Port Harcourt,Port Harcourt,0,
TXN0002604,ACC00050,2024-03-28 04:42:03,143491.74,MRT002,POS Terminal Lekki,POS,POS,Kano,Kano,0,
TXN0004843,ACC00093,2024-03-08 22:56:15,105757.68,MRT002,POS Terminal Lekki,POS,Mobile App,Ibadan,Ibadan,0,
TXN0000108,ACC00003,2024-11-26 19:01:40,127925.03,MRT006,Chicken Republic VI,Food & Dining,USSD,Kano,Kano,0,
TXN0004315,ACC00082,2024-09-29 02:58:25,94810.41,MRT002,POS Terminal Lekki,POS,Mobile App,Abuja,Abuja,0,
TXN0002215,ACC00041,2024-03-17 08:52:35,37878.53,MRT006,Chicken Republic VI,Food & Dining,POS,Ibadan,Ibadan,0,
TXN0003189,ACC00060,2024-09-23 00:53:07,120520.65,MRT004,Netflix Subscription,Streaming,POS,Port Harcourt,Port Harcourt,0,
TXN0002971,ACC00057,2024-05-31 15:02:16,10658.95,MRT006,Chicken Republic VI,Food & Dining,Web,Lagos,Lagos,0,
TXN0001719,ACC00033,2024-07-10 11:33:40,90034.25,MRT002,POS Terminal Lekki,POS,POS,Lagos,Lagos,0,
TXN0000898,ACC00018,2024-05-25 17:02:48,115801.82,MRT005,Jumia Online Store,E-commerce,USSD,Abuja,Abuja,0,
TXN0006188,ACC00119,2024-10-19 07:17:11,14024.65,MRT005,Jumia Online Store,E-commerce,USSD,Kano,Kano,0,
TXN0004549,ACC00087,2024-07-02 16:28:13,60000.07,MRT003,MTN Airtime Top-up,Telecom,Mobile App,Kano,Kano,0,
TXN0005482,ACC00106,2024-01-20 11:10:50,132975.09,MRT003,MTN Airtime Top-up,Telecom,Mobile App,Ibadan,Ibadan,0,
TXN0002758,ACC00053,2024-09-04 22:11:38,130107.39,MRT010,Konga Electronics,E-commerce,Mobile App,Kano,Kano,0,
TXN0002235,ACC00042,2024-05-07 17:01:25,144309.75,MRT010,Konga Electronics,E-commerce,POS,Abuja,Abuja,0,
TXN0005654,ACC00108,2024-03-05 17:25:59,121027.43,MRT009,Bolt Ride Hailing,Transport,Mobile App,Kano,Kano,0,
TXN0003990,ACC00075,2024-09-26 21:17:09,36654.09,MRT005,Jumia Online Store,E-commerce,ATM,Kano,Kano,0,
TXN0003972,ACC00075,2024-09-19 10:04:48,61469.95,MRT009,Bolt Ride Hailing,Transport,ATM,Kano,Kano,0,
TXN0003897,ACC00073,2024-01-31 13:37:38,70008.45,MRT006,Chicken Republic VI,Food & Dining,Web,Lagos,Lagos,0,
TXN0000543,ACC00010,2024-03-13 18:37:04,67602.13,MRT007,EKEDC Electricity,Utilities,USSD,Ibadan,Ibadan,0,
TXN0003550,ACC00067,2024-07-19 17:53:52,148152.62,MRT010,Konga Electronics,E-commerce,POS,Lagos,Lagos,0,
TXN0006190,ACC00119,2024-06-01 13:21:52,136197.19,MRT006,Chicken Republic VI,Food & Dining,USSD,Kano,Kano,0,
TXN0002205,ACC00041,2024-04-24 14:02:48,78063.7,MRT008,ATM Withdrawal UBA,ATM,Web,Ibadan,Ibadan,0,
TXN0001742,ACC00033,2024-09-24 05:03:51,46460.53,MRT004,Netflix Subscription,Streaming,Web,Lagos,Lagos,0,
TXN0000567,ACC00010,2024-09-18 08:36:22,21307.28,MRT008,ATM Withdrawal UBA,ATM,POS,Ibadan,Ibadan,0,
TXN0002278,ACC00042,2024-10-26 23:22:48,115183.58,MRT007,EKEDC Electricity,Utilities,Web,Abuja,Abuja,0,
TXN0005055,ACC00097,2024-02-02 11:18:53,28807.95,MRT005,Jumia Online Store,E-commerce,ATM,Kano,Kano,0,
TXN0001830,ACC00035,2024-11-15 21:32:24,97083.38,MRT005,Jumia Online Store,E-commerce,POS,Port Harcourt,Port Harcourt,0,
TXN0004381,ACC00083,2024-02-08 20:56:22,75803.22,MRT002,POS Terminal Lekki,POS,Web,Port Harcourt,Port Harcourt,0,
TXN0004429,ACC00084,2024-03-02 20:32:43,82093.4,MRT002,POS Terminal Lekki,POS,Web,Ibadan,Ibadan,0,
TXN0000398,ACC00008,2024-08-24 22:19:33,29243.49,MRT008,ATM Withdrawal UBA,ATM,Web,Ibadan,Ibadan,0,
TXN0002727,ACC00052,2024-06-18 06:39:37,43111.68,MRT007,EKEDC Electricity,Utilities,ATM,Port Harcourt,Port Harcourt,0,
TXN0000371,ACC00007,2024-10-09 12:51:59,114696.59,MRT006,Chicken Republic VI,Food & Dining,POS,Port Harcourt,Port Harcourt,0,
TXN0001421,ACC00028,2024-11-02 21:09:21,46512.0,MRT002,POS Terminal Lekki,POS,USSD,Ibadan,Ibadan,0,
TXN0000498,ACC00009,2024-04-24 15:23:29,29830.67,MRT003,MTN Airtime Top-up,Telecom,Web,Lagos,Lagos,0,
TXN0003369,ACC00064,2024-03-01 23:02:45,60308.13,MRT003,MTN Airtime Top-up,Telecom,Mobile App,Lagos,Lagos,0,
TXN0005901,ACC00112,2024-01-10 04:17:59,112505.61,MRT009,Bolt Ride Hailing,Transport,ATM,Abuja,Abuja,0,
TXN0006144,ACC00118,2024-12-10 22:21:55,102945.01,MRT006,Chicken Republic VI,Food & Dining,Mobile App,Port Harcourt,Port Harcourt,0,
TXN0004619,ACC00088,2024-07-30 01:53:48,61559.56,MRT006,Chicken Republic VI,Food & Dining,POS,Abuja,Abuja,0,
TXN0002194,ACC00041,2024-08-14 20:02:27,31781.02,MRT008,ATM Withdrawal UBA,ATM,Mobile App,Ibadan,Ibadan,0,
TXN0005425,ACC00105,2024-05-02 05:32:24,70803.84,MRT004,Netflix Subscription,Streaming,Mobile App,Kano,Kano,0,
TXN0000374,ACC00007,2024-05-30 01:01:55,67827.98,MRT009,Bolt Ride Hailing,Transport,USSD,Port Harcourt,Port Harcourt,0,
TXN0001590,ACC00031,2024-11-14 17:50:38,68699.6,MRT002,POS Terminal Lekki,POS,Web,Ibadan,Ibadan,0,
TXN0003345,ACC00063,2024-08-20 15:49:30,15023.58,MRT006,Chicken Republic VI,Food & Dining,Web,Lagos,Lagos,0,
TXN0002009,ACC00037,2024-11-04 14:16:38,141589.17,MRT006,Chicken Republic VI,Food & Dining,ATM,Port Harcourt,Port Harcourt,0,
TXN0000163,ACC00003,2024-05-07 14:23:49,118402.24,MRT003,MTN Airtime Top-up,Telecom,USSD,Kano,Kano,0,
TXN0003708,ACC00070,2024-05-30 23:57:33,74893.38,MRT005,Jumia Online Store,E-commerce,POS,Port Harcourt,Port Harcourt,0,
TXN0005215,ACC00100,2024-06-26 16:53:26,53381.61,MRT006,Chicken Republic VI,Food & Dining,Web,Abuja,Abuja,0,
TXN0000344,ACC00007,2024-05-14 09:10:07,134291.42,MRT009,Bolt Ride Hailing,Transport,Mobile App,Port Harcourt,Port Harcourt,0,
TXN0003850,ACC00072,2024-08-09 01:20:20,109208.76,MRT005,Jumia Online Store,E-commerce,POS,Abuja,Abuja,0,
TXN0005896,ACC00112,2024-10-11 11:27:30,120448.9,MRT010,Konga Electronics,E-commerce,ATM,Abuja,Abuja,0,
TXN0005961,ACC00112,2024-02-24 04:08:01,105332.32,MRT009,Bolt Ride Hailing,Transport,Mobile App,Abuja,Abuja,0,
TXN0004199,ACC00080,2024-08-16 12:30:07,61095.0,MRT004,Netflix Subscription,Streaming,Web,Abuja,Abuja,0,
TXN0000140,ACC00003,2024-01-30 05:50:27,113245.65,MRT003,MTN Airtime Top-up,Telecom,Web,Kano,Kano,0,
TXN0003489,ACC00066,2024-02-05 18:50:23,117197.94,MRT009,Bolt Ride Hailing,Transport,USSD,Lagos,Lagos,0,
TXN0004378,ACC00083,2024-01-18 03:41:57,103505.01,MRT008,ATM Withdrawal UBA,ATM,USSD,Port Harcourt,Port Harcourt,0,
TXN0003331,ACC00062,2024-09-24 13:52:13,36993.06,MRT010,Konga Electronics,E-commerce,USSD,Lagos,Lagos,0,
TXN0004336,ACC00082,2024-05-27 01:58:10,102207.02,MRT009,Bolt Ride Hailing,Transport,ATM,Abuja,Abuja,0,
TXN0001652,ACC00032,2024-10-12 17:47:15,77453.1,MRT001,Shoprite Ikeja,Grocery,POS,Port Harcourt,Port Harcourt,0,
TXN0004870,ACC00093,2024-02-08 16:07:21,32834.4,MRT003,MTN Airtime Top-up,Telecom,POS,Ibadan,Ibadan,0,
TXN0001178,ACC00023,2024-06-23 16:57:02,39335.48,MRT006,Chicken Republic VI,Food & Dining,POS,Abuja,Abuja,0,
TXN0000041,ACC00001,2024-08-19 18:29:34,147086.34,MRT005,Jumia Online Store,E-commerce,Web,Lagos,Lagos,0,
TXN0002426,ACC00045,2024-06-17 11:30:31,94232.4,MRT003,MTN Airtime Top-up,Telecom,ATM,Lagos,Lagos,0,
TXN0003870,ACC00073,2024-04-29 14:50:22,51117.79,MRT003,MTN Airtime Top-up,Telecom,POS,Lagos,Lagos,0,
TXN0004197,ACC00080,2024-12-30 03:00:34,18174.85,MRT006,Chicken Republic VI,Food & Dining,Web,Abuja,Abuja,0,
TXN0000563,ACC00010,2024-03-18 14:16:17,149591.11,MRT010,Konga Electronics,E-commerce,Web,Ibadan,Ibadan,0,
TXN0002131,ACC00039,2024-06-30 04:54:12,54540.04,MRT008,ATM Withdrawal UBA,ATM,Mobile App,Ibadan,Ibadan,0,
TXN0002479,ACC00046,2024-09-23 16:07:10,107126.79,MRT009,Bolt Ride Hailing,Transport,Web,Abuja,Abuja,0,
TXN0002103,ACC00039,2024-03-22 21:15:57,75970.63,MRT010,Konga Electronics,E-commerce,POS,Ibadan,Ibadan,0,
TXN0001435,ACC00028,2024-02-15 09:04:15,105937.29,MRT005,Jumia Online Store,E-commerce,POS,Ibadan,Ibadan,0,
TXN0005966,ACC00112,2024-03-08 03:28:47,8779.52,MRT004,Netflix Subscription,Streaming,ATM,Abuja,Abuja,0,
TXN0000873,ACC00017,2024-10-16 00:32:21,63360.65,MRT005,Jumia Online Store,E-commerce,POS,Abuja,Abuja,0,
TXN0002664,ACC00051,2024-01-10 04:45:47,119512.36,MRT010,Konga Electronics,E-commerce,ATM,Abuja,Abuja,0,
TXN0002092,ACC00038,2024-11-24 15:52:52,30916.81,MRT009,Bolt Ride Hailing,Transport,Web,Abuja,Abuja,0,
TXN0002891,ACC00055,2024-03-01 05:02:58,107122.97,MRT002,POS Terminal Lekki,POS,Web,Lagos,Lagos,0,
TXN0005327,ACC00102,2024-09-25 13:15:22,61932.86,MRT009,Bolt Ride Hailing,Transport,POS,Kano,Kano,0,
TXN0006031,ACC00114,2024-10-18 18:12:43,108402.9,MRT001,Shoprite Ikeja,Grocery,POS,Lagos,Lagos,0,
TXN0005497,ACC00106,2024-12-28 06:27:46,65912.17,MRT001,Shoprite Ikeja,Grocery,ATM,Ibadan,Ibadan,0,
TXN0002928,ACC00056,2024-03-07 07:44:34,111378.88,MRT009,Bolt Ride Hailing,Transport,USSD,Abuja,Abuja,0,
TXN0000471,ACC00009,2024-04-16 20:37:13,83729.36,MRT001,Shoprite Ikeja,Grocery,USSD,Lagos,Lagos,0,
TXN0002386,ACC00044,2024-02-10 23:02:55,149007.54,MRT007,EKEDC Electricity,Utilities,Mobile App,Kano,Kano,0,
TXN0001088,ACC00021,2024-08-21 08:13:21,119295.1,MRT003,MTN Airtime Top-up,Telecom,Web,Ibadan,Ibadan,0,
TXN0005899,ACC00112,2024-05-27 07:58:37,136224.26,MRT001,Shoprite Ikeja,Grocery,USSD,Abuja,Abuja,0,
TXN0003400,ACC00064,2024-10-19 05:49:53,113668.6,MRT004,Netflix Subscription,Streaming,POS,Lagos,Lagos,0,
TXN0004269,ACC00081,2024-04-03 00:46:51,116910.4,MRT002,POS Terminal Lekki,POS,POS,Abuja,Abuja,0,
TXN0002766,ACC00053,2024-04-26 00:35:53,135593.91,MRT001,Shoprite Ikeja,Grocery,USSD,Kano,Kano,0,
TXN0003657,ACC00069,2024-07-12 01:36:53,65709.55,MRT010,Konga Electronics,E-commerce,Web,Abuja,Abuja,0,
TXN0004291,ACC00081,2024-08-02 05:19:38,18403.08,MRT006,Chicken Republic VI,Food & Dining,Mobile App,Abuja,Abuja,0,
TXN0005884,ACC00111,2024-11-05 20:22:23,132553.64,MRT008,ATM Withdrawal UBA,ATM,ATM,Ibadan,Ibadan,0,
TXN0004835,ACC00092,2024-07-19 12:04:39,81883.71,MRT001,Shoprite Ikeja,Grocery,USSD,Ibadan,Ibadan,0,
TXN0004967,ACC00095,2024-01-20 10:03:20,118482.1,MRT006,Chicken Republic VI,Food & Dining,POS,Port Harcourt,Port Harcourt,0,
TXN0000047,ACC00001,2024-05-12 07:36:34,144841.9,MRT003,MTN Airtime Top-up,Telecom,POS,Lagos,Lagos,0,
TXN0002250,ACC00042,2024-11-09 15:03:32,79115.55,MRT004,Netflix Subscription,Streaming,USSD,Abuja,Abuja,0,
TXN0003531,ACC00067,2024-04-28 20:43:51,93984.22,MRT007,EKEDC Electricity,Utilities,POS,Lagos,Lagos,0,
TXN0003853,ACC00072,2024-05-01 17:47:44,149865.07,MRT009,Bolt Ride Hailing,Transport,Web,Abuja,Abuja,0,
TXN0005601,ACC00108,2024-05-06 20:28:54,40887.84,MRT003,MTN Airtime Top-up,Telecom,USSD,Kano,Kano,0,
TXN0001411,ACC00027,2024-10-08 04:51:36,140116.81,MRT010,Konga Electronics,E-commerce,POS,Kano,Kano,0,
TXN0000819,ACC00016,2024-02-13 16:45:05,22871.53,MRT007,EKEDC Electricity,Utilities,USSD,Ibadan,Ibadan,0,
TXN0002885,ACC00055,2024-04-27 22:10:55,43594.86,MRT008,ATM Withdrawal UBA,ATM,POS,Lagos,Lagos,0,
TXN0004044,ACC00077,2024-07-04 12:22:42,148485.11,MRT009,Bolt Ride Hailing,Transport,Mobile App,Ibadan,Ibadan,0,
TXN0002937,ACC00056,2024-04-17 12:55:57,147272.18,MRT001,Shoprite Ikeja,Grocery,POS,Abuja,Abuja,0,
TXN0006257,ACC00120,2024-06-04 10:26:40,138558.6,MRT002,POS Terminal Lekki,POS,ATM,Ibadan,Ibadan,0,
TXN0002642,ACC00050,2024-09-21 01:09:37,83346.31,MRT008,ATM Withdrawal UBA,ATM,POS,Kano,Kano,0,
TXN0003266,ACC00061,2024-07-03 13:16:35,70353.41,MRT003,MTN Airtime Top-up,Telecom,POS,Kano,Kano,0,
TXN0004782,ACC00092,2024-11-15 17:14:18,136792.34,MRT004,Netflix Subscription,Streaming,USSD,Ibadan,Ibadan,0,
TXN0004090,ACC00078,2024-10-18 22:35:57,139213.81,MRT005,Jumia Online Store,E-commerce,POS,Abuja,Abuja,0,
TXN0002708,ACC00052,2024-07-06 01:04:21,80558.19,MRT008,ATM Withdrawal UBA,ATM,Web,Port Harcourt,Port Harcourt,0,
TXN0004776,ACC00092,2024-01-26 18:58:17,125360.02,MRT006,Chicken Republic VI,Food & Dining,Web,Ibadan,Ibadan,0,
TXN0003329,ACC00062,2024-02-18 22:54:51,95121.54,MRT003,MTN Airtime Top-up,Telecom,ATM,Lagos,Lagos,0,
TXN0004150,ACC00079,2024-03-24 17:15:43,116373.27,MRT007,EKEDC Electricity,Utilities,Web,Kano,Kano,0,
TXN0005921,ACC00112,2024-01-02 21:00:42,77665.62,MRT001,Shoprite Ikeja,Grocery,USSD,Abuja,Abuja,0,
TXN0002611,ACC00050,2024-09-13 23:47:11,139965.83,MRT006,Chicken Republic VI,Food & Dining,Mobile App,Kano,Kano,0,
TXN0002920,ACC00056,2024-12-07 17:15:13,78213.47,MRT002,POS Terminal Lekki,POS,Web,Abuja,Abuja,0,
TXN0006016,ACC00114,2024-02-01 22:44:05,37446.62,MRT003,MTN Airtime Top-up,Telecom,Mobile App,Lagos,Lagos,0,
TXN0005965,ACC00112,2024-02-14 10:29:33,9594.42,MRT001,Shoprite Ikeja,Grocery,USSD,Abuja,Abuja,0,
TXN0000811,ACC00016,2024-09-20 03:04:58,22543.42,MRT010,Konga Electronics,E-commerce,ATM,Ibadan,Ibadan,0,
TXN0000061,ACC00002,2024-09-13 18:40:21,64058.28,MRT004,Netflix Subscription,Streaming,USSD,Lagos,Lagos,0,
TXN0005547,ACC00107,2024-08-25 16:58:30,28825.24,MRT006,Chicken Republic VI,Food & Dining,ATM,Ibadan,Ibadan,0,
TXN0004697,ACC00089,2024-10-21 06:52:47,1505.62,MRT008,ATM Withdrawal UBA,ATM,POS,Ibadan,Ibadan,0,
TXN0003148,ACC00059,2024-11-24 08:27:47,113390.71,MRT001,Shoprite Ikeja,Grocery,USSD,Lagos,Lagos,0,
TXN0000686,ACC00013,2024-07-22 02:45:47,117556.57,MRT009,Bolt Ride Hailing,Transport,POS,Port Harcourt,Port Harcourt,0,
TXN0003418,ACC00065,2024-10-29 03:37:09,97674.5,MRT002,POS Terminal Lekki,POS,POS,Port Harcourt,Port Harcourt,0,
TXN0005587,ACC00107,2024-01-07 15:27:20,100000,MRT013,Wire Transfer INT,Wire Transfer,Mobile App,Ibadan,Ibadan,1,Suspicious round amount: possible structuring
TXN0000487,ACC00009,2024-04-27 17:55:01,32165.26,MRT001,Shoprite Ikeja,Grocery,Web,Lagos,Lagos,0,
TXN0004449,ACC00085,2024-04-08 04:24:27,19077.54,MRT009,Bolt Ride Hailing,Transport,USSD,Lagos,Lagos,0,
TXN0000416,ACC00008,2024-07-26 19:58:50,137027.84,MRT001,Shoprite Ikeja,Grocery,Web,Ibadan,Ibadan,0,
TXN0005243,ACC00101,2024-06-12 16:17:36,86802.51,MRT006,Chicken Republic VI,Food & Dining,Web,Kano,Kano,0,
TXN0003236,ACC00061,2024-01-22 18:24:18,95802.98,MRT008,ATM Withdrawal UBA,ATM,Mobile App,Kano,Kano,0,
TXN0001650,ACC00032,2024-09-28 02:20:38,81594.05,MRT010,Konga Electronics,E-commerce,Web,Port Harcourt,Port Harcourt,0,
TXN0001263,ACC00025,2024-03-19 11:30:47,73062.86,MRT002,POS Terminal Lekki,POS,Mobile App,Port Harcourt,Port Harcourt,0,
TXN0005314,ACC00102,2024-11-03 19:55:35,141173.32,MRT003,MTN Airtime Top-up,Telecom,Mobile App,Kano,Kano,0,
TXN0004865,ACC00093,2024-10-31 05:07:34,79613.59,MRT010,Konga Electronics,E-commerce,ATM,Ibadan,Ibadan,0,
TXN0001978,ACC00037,2024-01-09 01:56:04,43557.61,MRT003,MTN Airtime Top-up,Telecom,Web,Port Harcourt,Port Harcourt,0,
TXN0004437,ACC00084,2024-05-14 02:54:55,13758.94,MRT006,Chicken Republic VI,Food & Dining,USSD,Ibadan,Ibadan,0,
TXN0001580,ACC00031,2024-01-10 20:24:54,36153.53,MRT010,Konga Electronics,E-commerce,ATM,Ibadan,Ibadan,0,
TXN0003169,ACC00060,2024-02-07 01:05:24,25803.73,MRT009,Bolt Ride Hailing,Transport,ATM,Port Harcourt,Port Harcourt,0,
TXN0004648,ACC00088,2024-01-11 04:22:06,68074.96,MRT010,Konga Electronics,E-commerce,ATM,Abuja,Abuja,0,
TXN0005768,ACC00110,2024-09-01 18:35:21,125092.48,MRT003,MTN Airtime Top-up,Telecom,ATM,Lagos,Lagos,0,
TXN0005216,ACC00100,2024-01-31 04:34:03,69560.59,MRT005,Jumia Online Store,E-commerce,ATM,Abuja,Abuja,0,
TXN0006088,ACC00116,2024-01-08 07:47:42,44697.55,MRT003,MTN Airtime Top-up,Telecom,POS,Ibadan,Ibadan,0,
TXN0004222,ACC00080,2024-02-27 18:10:45,6001.25,MRT003,MTN Airtime Top-up,Telecom,Mobile App,Abuja,Abuja,0,
TXN0002659,ACC00051,2024-01-04 07:01:38,112876.07,MRT006,Chicken Republic VI,Food & Dining,ATM,Abuja,Abuja,0,
TXN0000201,ACC00004,2024-06-25 04:17:06,24032.69,MRT006,Chicken Republic VI,Food & Dining,POS,Ibadan,Ibadan,0,
TXN0003207,ACC00060,2024-08-22 20:54:48,145015.5,MRT005,Jumia Online Store,E-commerce,USSD,Port Harcourt,Port Harcourt,0,
TXN0005880,ACC00111,2024-02-06 01:21:33,2801.81,MRT007,EKEDC Electricity,Utilities,POS,Ibadan,Ibadan,0,
TXN0004395,ACC00083,2024-02-12 03:31:15,114780.43,MRT002,POS Terminal Lekki,POS,Web,Port Harcourt,Port Harcourt,0,
TXN0005722,ACC00109,2024-12-29 15:18:46,77190.49,MRT001,Shoprite Ikeja,Grocery,USSD,Port Harcourt,Port Harcourt,0,
TXN0002507,ACC00047,2024-06-05 03:32:46,1825.13,MRT006,Chicken Republic VI,Food & Dining,ATM,Abuja,Abuja,0,
TXN0003284,ACC00061,2024-02-05 02:34:35,119033.08,MRT005,Jumia Online Store,E-commerce,Web,Kano,Kano,0,
TXN0005504,ACC00106,2024-04-01 06:14:42,32909.33,MRT001,Shoprite Ikeja,Grocery,Web,Ibadan,Ibadan,0,
TXN0002093,ACC00038,2024-05-24 23:27:24,147803.65,MRT009,Bolt Ride Hailing,Transport,Web,Abuja,Abuja,0,
TXN0001638,ACC00032,2024-01-16 13:22:26,110154.71,MRT008,ATM Withdrawal UBA,ATM,USSD,Port Harcourt,Port Harcourt,0,
TXN0000632,ACC00011,2024-09-03 01:50:19,60726.19,MRT002,POS Terminal Lekki,POS,POS,Abuja,Abuja,0,
TXN0003150,ACC00059,2024-01-17 10:07:34,42821.91,MRT003,MTN Airtime Top-up,Telecom,Mobile App,Lagos,Lagos,0,
TXN0005668,ACC00109,2024-10-06 16:47:11,114085.96,MRT007,EKEDC Electricity,Utilities,ATM,Port Harcourt,Port Harcourt,0,
TXN0004278,ACC00081,2024-03-16 09:47:58,148671.47,MRT008,ATM Withdrawal UBA,ATM,POS,Abuja,Abuja,0,
TXN0003178,ACC00060,2024-05-04 23:44:49,106475.79,MRT008,ATM Withdrawal UBA,ATM,USSD,Port Harcourt,Port Harcourt,0,
TXN0000553,ACC00010,2024-05-20 05:55:41,141661.23,MRT005,Jumia Online Store,E-commerce,ATM,Ibadan,Ibadan,0,
TXN0006092,ACC00116,2024-06-27 21:57:57,9641.35,MRT004,Netflix Subscription,Streaming,USSD,Ibadan,Ibadan,0,
TXN0004479,ACC00086,2024-07-23 08:38:45,108327.13,MRT008,ATM Withdrawal UBA,ATM,Mobile App,Port Harcourt,Port Harcourt,0,
TXN0002702,ACC00052,2024-04-14 19:10:00,95535.25,MRT005,Jumia Online Store,E-commerce,Mobile App,Port Harcourt,Port Harcourt,0,
TXN0000474,ACC00009,2024-09-06 20:08:25,117977.79,MRT007,EKEDC Electricity,Utilities,POS,Lagos,Lagos,0,
TXN0006072,ACC00116,2024-10-23 13:44:24,148379.68,MRT009,Bolt Ride Hailing,Transport,POS,Ibadan,Ibadan,0,
TXN0004474,ACC00086,2024-11-27 06:12:49,36203.16,MRT005,Jumia Online Store,E-commerce,Web,Port Harcourt,Port Harcourt,0,
TXN0004308,ACC00082,2024-05-01 03:02:45,14398.64,MRT007,EKEDC Electricity,Utilities,POS,Abuja,Abuja,0,
TXN0003689,ACC00069,2024-03-09 17:05:28,106101.95,MRT008,ATM Withdrawal UBA,ATM,Web,Abuja,Abuja,0,
TXN0001680,ACC00032,2024-10-03 10:34:13,43144.36,MRT009,Bolt Ride Hailing,Transport,Web,Port Harcourt,Port Harcourt,0,
TXN0005408,ACC00104,2024-06-12 06:00:26,35966.1,MRT006,Chicken Republic VI,Food & Dining,Web,Kano,Kano,0,
TXN0001158,ACC00022,2024-03-12 00:29:21,42399.86,MRT009,Bolt Ride Hailing,Transport,Web,Abuja,Abuja,0,
TXN0004312,ACC00082,2024-07-29 11:28:28,40010.2,MRT002,POS Terminal Lekki,POS,USSD,Abuja,Abuja,0,
TXN0004106,ACC00079,2024-08-23 13:29:32,56257.68,MRT004,Netflix Subscription,Streaming,Mobile App,Kano,Kano,0,
TXN0004206,ACC00080,2024-02-21 20:09:16,147563.31,MRT005,Jumia Online Store,E-commerce,POS,Abuja,Abuja,0,
TXN0000527,ACC00010,2024-01-07 01:56:38,88261.9,MRT004,Netflix Subscription,Streaming,ATM,Ibadan,Ibadan,0,
TXN0004028,ACC00076,2024-01-26 23:54:45,269.71,MRT006,Chicken Republic VI,Food & Dining,Mobile App,Port Harcourt,Port Harcourt,1,Velocity spike: multiple transactions in short window
TXN0005041,ACC00097,2024-12-17 07:05:48,124830.41,MRT004,Netflix Subscription,Streaming,Web,Kano,Kano,0,
TXN0003778,ACC00071,2024-09-13 04:23:50,140599.74,MRT007,EKEDC Electricity,Utilities,ATM,Lagos,Lagos,0,
TXN0003258,ACC00061,2024-05-17 22:16:00,54860.17,MRT010,Konga Electronics,E-commerce,USSD,Kano,Kano,0,
TXN0002794,ACC00054,2024-07-23 18:26:29,15886.57,MRT004,Netflix Subscription,Streaming,POS,Ibadan,Ibadan,0,
TXN0001324,ACC00026,2024-03-22 04:06:36,32175.36,MRT009,Bolt Ride Hailing,Transport,USSD,Ibadan,Ibadan,0,
TXN0005599,ACC00108,2024-07-28 10:05:37,29412.07,MRT006,Chicken Republic VI,Food & Dining,ATM,Kano,Kano,0,
TXN0002460,ACC00046,2024-07-27 02:59:25,11048.43,MRT004,Netflix Subscription,Streaming,POS,Abuja,Abuja,0,
TXN0004078,ACC00077,2024-02-18 07:45:53,122060.62,MRT007,EKEDC Electricity,Utilities,ATM,Ibadan,Ibadan,0,
TXN0002492,ACC00047,2024-03-14 20:38:36,107266.93,MRT001,Shoprite Ikeja,Grocery,USSD,Abuja,Abuja,0,
TXN0004351,ACC00082,2024-07-16 22:43:37,16918.75,MRT003,MTN Airtime Top-up,Telecom,POS,Abuja,Abuja,0,
TXN0001582,ACC00031,2024-07-26 08:40:54,145002.83,MRT008,ATM Withdrawal UBA,ATM,Mobile App,Ibadan,Ibadan,0,
TXN0001127,ACC00022,2024-07-17 06:39:03,104918.24,MRT009,Bolt Ride Hailing,Transport,USSD,Abuja,Abuja,0,
TXN0005471,ACC00106,2024-02-02 20:55:16,33811.93,MRT002,POS Terminal Lekki,POS,USSD,Ibadan,Ibadan,0,
TXN0003580,ACC00068,2024-10-07 05:18:41,552.87,MRT005,Jumia Online Store,E-commerce,POS,Abuja,Abuja,0,
TXN0003690,ACC00069,2024-07-16 00:38:47,122247.04,MRT003,MTN Airtime Top-up,Telecom,ATM,Abuja,Abuja,0,
TXN0001495,ACC00029,2024-06-16 15:52:48,59443.11,MRT010,Konga Electronics,E-commerce,POS,Port Harcourt,Port Harcourt,0,
TXN0000600,ACC00011,2024-05-01 15:06:09,36166.62,MRT002,POS Terminal Lekki,POS,Mobile App,Abuja,Abuja,0,
TXN0000034,ACC00001,2024-06-06 01:17:30,46277.8,MRT004,Netflix Subscription,Streaming,USSD,Lagos,Lagos,0,
TXN0005092,ACC00098,2024-07-29 10:02:29,22125.69,MRT009,Bolt Ride Hailing,Transport,Mobile App,Ibadan,Ibadan,0,
TXN0005596,ACC00108,2024-12-05 21:18:01,63626.13,MRT007,EKEDC Electricity,Utilities,Mobile App,Kano,Kano,0,
TXN0004899,ACC00094,2024-04-15 00:27:39,90185.31,MRT003,MTN Airtime Top-up,Telecom,ATM,Abuja,Abuja,0,
TXN0002781,ACC00054,2024-06-17 08:14:55,63848.73,MRT008,ATM Withdrawal UBA,ATM,POS,Ibadan,Ibadan,0,
TXN0004608,ACC00088,2024-11-19 02:48:21,60054.76,MRT002,POS Terminal Lekki,POS,USSD,Abuja,Abuja,0,
TXN0002362,ACC00044,2024-09-15 09:15:11,118486.47,MRT010,Konga Electronics,E-commerce,Mobile App,Kano,Kano,0,
TXN0005531,ACC00107,2024-04-07 19:07:28,27141.32,MRT006,Chicken Republic VI,Food & Dining,POS,Ibadan,Ibadan,0,
TXN0000855,ACC00017,2024-04-07 20:47:53,70271.35,MRT004,Netflix Subscription,Streaming,USSD,Abuja,Abuja,0,
TXN0000612,ACC00011,2024-03-28 07:41:33,43656.21,MRT009,Bolt Ride Hailing,Transport,ATM,Abuja,Abuja,0,
TXN0006164,ACC00119,2024-08-30 02:46:35,56358.39,MRT010,Konga Electronics,E-commerce,ATM,Kano,Kano,0,
TXN0005089,ACC00098,2024-06-27 20:49:46,68809.26,MRT008,ATM Withdrawal UBA,ATM,Mobile App,Ibadan,Ibadan,0,
TXN0006248,ACC00120,2024-01-26 22:11:09,125475.1,MRT008,ATM Withdrawal UBA,ATM,Mobile App,Ibadan,Ibadan,0,
TXN0000827,ACC00017,2024-09-25 04:03:16,7869.0,MRT004,Netflix Subscription,Streaming,ATM,Abuja,Abuja,0,
TXN0001072,ACC00021,2024-07-19 12:56:01,53258.25,MRT007,EKEDC Electricity,Utilities,POS,Ibadan,Ibadan,0,
TXN0000831,ACC00017,2024-02-22 04:33:49,146145.8,MRT005,Jumia Online Store,E-commerce,ATM,Abuja,Abuja,0,
TXN0003122,ACC00059,2024-04-01 03:42:34,72892.84,MRT006,Chicken Republic VI,Food & Dining,Web,Lagos,Lagos,0,
TXN0002108,ACC00039,2024-09-08 01:17:17,91513.62,MRT001,Shoprite Ikeja,Grocery,Mobile App,Ibadan,Ibadan,0,
TXN0001823,ACC00034,2024-08-31 19:55:46,129475.12,MRT009,Bolt Ride Hailing,Transport,USSD,Abuja,Abuja,0,
TXN0001080,ACC00021,2024-03-03 14:55:26,3855.68,MRT007,EKEDC Electricity,Utilities,Mobile App,Ibadan,Ibadan,0,
TXN0001045,ACC00020,2024-06-15 08:06:51,1222.37,MRT003,MTN Airtime Top-up,Telecom,Web,Port Harcourt,Port Harcourt,0,
TXN0001774,ACC00034,2024-02-17 16:13:34,125797.32,MRT004,Netflix Subscription,Streaming,ATM,Abuja,Abuja,0,
TXN0002430,ACC00045,2024-10-29 00:58:35,129801.92,MRT008,ATM Withdrawal UBA,ATM,ATM,Lagos,Lagos,0,
TXN0004873,ACC00093,2024-06-18 16:08:40,32034.85,MRT003,MTN Airtime Top-up,Telecom,USSD,Ibadan,Ibadan,0,
TXN0005639,ACC00108,2024-08-12 23:45:41,3859.98,MRT010,Konga Electronics,E-commerce,POS,Kano,Kano,0,
TXN0001171,ACC00023,2024-08-03 16:08:39,128518.16,MRT007,EKEDC Electricity,Utilities,Web,Abuja,Abuja,0,
TXN0001701,ACC00033,2024-05-23 13:12:03,56238.26,MRT007,EKEDC Electricity,Utilities,POS,Lagos,Lagos,0,
TXN0002311,ACC00043,2024-01-26 02:16:22,10962.75,MRT008,ATM Withdrawal UBA,ATM,Web,Abuja,Abuja,0,
TXN0000117,ACC00003,2024-03-07 00:21:44,12305.77,MRT003,MTN Airtime Top-up,Telecom,ATM,Kano,Kano,0,
TXN0005233,ACC00101,2024-07-16 11:45:10,72198.98,MRT010,Konga Electronics,E-commerce,Web,Kano,Kano,0,
TXN0004786,ACC00092,2024-10-11 04:27:17,17776.16,MRT003,MTN Airtime Top-up,Telecom,Web,Ibadan,Ibadan,0,
TXN0000282,ACC00006,2024-08-01 03:13:34,79401.84,MRT010,Konga Electronics,E-commerce,Mobile App,Abuja,Abuja,0,
TXN0006160,ACC00119,2024-02-18 17:10:22,107919.68,MRT007,EKEDC Electricity,Utilities,ATM,Kano,Kano,0,
TXN0004146,ACC00079,2024-02-19 00:38:26,31430.51,MRT001,Shoprite Ikeja,Grocery,USSD,Kano,Kano,0,
TXN0005473,ACC00106,2024-04-25 04:43:49,28978.81,MRT003,MTN Airtime Top-up,Telecom,ATM,Ibadan,Ibadan,0,
TXN0000634,ACC00011,2024-05-07 02:33:25,869.73,MRT010,Konga Electronics,E-commerce,Mobile App,Abuja,Abuja,0,
TXN0002276,ACC00042,2024-09-05 22:39:59,58897.45,MRT002,POS Terminal Lekki,POS,POS,Abuja,Abuja,0,
TXN0004438,ACC00084,2024-04-16 19:55:30,22918.81,MRT009,Bolt Ride Hailing,Transport,ATM,Ibadan,Ibadan,0,
TXN0004705,ACC00090,2024-10-11 15:00:33,63583.71,MRT010,Konga Electronics,E-commerce,POS,Abuja,Abuja,0,
TXN0005519,ACC00107,2024-05-29 15:02:43,113858.29,MRT007,EKEDC Electricity,Utilities,POS,Ibadan,Ibadan,0,
TXN0004676,ACC00089,2024-05-23 09:29:10,4336.06,MRT006,Chicken Republic VI,Food & Dining,ATM,Ibadan,Ibadan,0,
TXN0001783,ACC00034,2024-10-22 05:18:41,99331.55,MRT002,POS Terminal Lekki,POS,USSD,Abuja,Abuja,0,
TXN0004283,ACC00081,2024-10-16 04:39:10,125259.42,MRT004,Netflix Subscription,Streaming,ATM,Abuja,Abuja,0,
TXN0000856,ACC00017,2024-11-16 03:08:01,59874.3,MRT010,Konga Electronics,E-commerce,Mobile App,Abuja,Abuja,0,
TXN0001712,ACC00033,2024-03-18 09:12:54,124926.42,MRT003,MTN Airtime Top-up,Telecom,POS,Lagos,Lagos,0,
TXN0003979,ACC00075,2024-11-16 06:37:33,12720.64,MRT007,EKEDC Electricity,Utilities,ATM,Kano,Kano,0,
TXN0002581,ACC00050,2024-10-10 10:20:23,55611.68,MRT007,EKEDC Electricity,Utilities,ATM,Kano,Kano,0,
TXN0006232,ACC00120,2024-02-18 16:09:13,116948.34,MRT010,Konga Electronics,E-commerce,POS,Ibadan,Ibadan,0,
TXN0003669,ACC00069,2024-08-26 09:30:03,79700.91,MRT002,POS Terminal Lekki,POS,Web,Abuja,Abuja,0,
TXN0004700,ACC00089,2024-12-29 04:27:11,83832.28,MRT006,Chicken Republic VI,Food & Dining,ATM,Ibadan,Ibadan,0,
TXN0002317,ACC00043,2024-04-20 19:40:54,67516.54,MRT010,Konga Electronics,E-commerce,Web,Abuja,Abuja,0,
TXN0005038,ACC00097,2024-04-08 13:31:23,35266.4,MRT007,EKEDC Electricity,Utilities,Mobile App,Kano,Kano,0,
TXN0003373,ACC00064,2024-08-28 08:20:31,21216.52,MRT004,Netflix Subscription,Streaming,USSD,Lagos,Lagos,0,
TXN0005952,ACC00112,2024-06-22 11:54:11,138405.15,MRT010,Konga Electronics,E-commerce,POS,Abuja,Abuja,0,
TXN0003306,ACC00062,2024-11-19 23:36:37,70005.94,MRT002,POS Terminal Lekki,POS,Mobile App,Lagos,Lagos,0,
TXN0002924,ACC00056,2024-11-14 13:28:46,126337.26,MRT004,Netflix Subscription,Streaming,USSD,Abuja,Abuja,0,
TXN0004165,ACC00079,2024-01-10 08:59:58,60810.1,MRT008,ATM Withdrawal UBA,ATM,USSD,Kano,Kano,0,
TXN0001564,ACC00030,2024-10-04 20:00:51,100000,MRT013,Wire Transfer INT,Wire Transfer,Web,Abuja,Abuja,1,Suspicious round amount: possible structuring
TXN0004936,ACC00095,2024-06-10 17:02:39,126846.63,MRT007,EKEDC Electricity,Utilities,ATM,Port Harcourt,Port Harcourt,0,
TXN0002008,ACC00037,2024-06-09 13:15:18,134760.76,MRT007,EKEDC Electricity,Utilities,USSD,Port Harcourt,Port Harcourt,0,
TXN0004933,ACC00095,2024-02-26 04:11:06,19123.12,MRT005,Jumia Online Store,E-commerce,Mobile App,Port Harcourt,Port Harcourt,0,
TXN0000113,ACC00003,2024-06-21 07:23:01,104253.17,MRT003,MTN Airtime Top-up,Telecom,Mobile App,Kano,Kano,0,
TXN0001310,ACC00026,2024-10-22 22:39:41,72397.91,MRT003,MTN Airtime Top-up,Telecom,Web,Ibadan,Ibadan,0,
TXN0003521,ACC00067,2024-03-30 01:46:45,97739.68,MRT002,POS Terminal Lekki,POS,ATM,Lagos,Lagos,0,
TXN0000020,ACC00001,2024-06-17 08:43:51,95519.97,MRT006,Chicken Republic VI,Food & Dining,ATM,Lagos,Lagos,0,
TXN0005635,ACC00108,2024-08-27 12:27:29,89179.9,MRT009,Bolt Ride Hailing,Transport,Web,Kano,Kano,0,
TXN0003042,ACC00058,2024-04-09 23:33:43,101918.98,MRT001,Shoprite Ikeja,Grocery,POS,Lagos,Lagos,0,
TXN0001129,ACC00022,2024-03-02 03:29:29,149524.16,MRT002,POS Terminal Lekki,POS,ATM,Abuja,Abuja,0,
TXN0003443,ACC00066,2024-02-13 06:58:34,73393.28,MRT003,MTN Airtime Top-up,Telecom,POS,Lagos,Lagos,0,
TXN0003715,ACC00070,2024-11-25 19:18:41,76557.46,MRT003,MTN Airtime Top-up,Telecom,Mobile App,Port Harcourt,Port Harcourt,0,
TXN0003507,ACC00067,2024-02-23 07:50:31,18904.96,MRT008,ATM Withdrawal UBA,ATM,ATM,Lagos,Lagos,0,
TXN0001369,ACC00026,2024-08-25 11:38:18,89273.97,MRT010,Konga Electronics,E-commerce,USSD,Ibadan,Ibadan,0,
TXN0004847,ACC00093,2024-01-12 12:40:31,18514.21,MRT004,Netflix Subscription,Streaming,Mobile App,Ibadan,Ibadan,0,
TXN0003006,ACC00057,2024-09-30 23:45:07,73188.05,MRT010,Konga Electronics,E-commerce,Mobile App,Lagos,Lagos,0,
TXN0003877,ACC00073,2024-09-03 04:06:35,118127.52,MRT008,ATM Withdrawal UBA,ATM,USSD,Lagos,Lagos,0,
TXN0003559,ACC00067,2024-02-15 18:09:13,98491.35,MRT005,Jumia Online Store,E-commerce,USSD,Lagos,Lagos,0,
TXN0000152,ACC00003,2024-06-11 18:32:40,111469.22,MRT010,Konga Electronics,E-commerce,Web,Kano,Kano,0,
TXN0002214,ACC00041,2024-05-19 21:39:04,82130.9,MRT001,Shoprite Ikeja,Grocery,POS,Ibadan,Ibadan,0,
TXN0004064,ACC00077,2024-09-01 07:50:10,140157.05,MRT005,Jumia Online Store,E-commerce,POS,Ibadan,Ibadan,0,
TXN0005201,ACC00100,2024-01-28 02:03:40,110715.7,MRT001,Shoprite Ikeja,Grocery,Mobile App,Abuja,Abuja,0,
TXN0000440,ACC00009,2024-12-05 02:12:30,79063.25,MRT002,POS Terminal Lekki,POS,USSD,Lagos,Lagos,0,
TXN0005577,ACC00107,2024-07-27 15:22:52,58724.78,MRT001,Shoprite Ikeja,Grocery,POS,Ibadan,Ibadan,0,
TXN0003875,ACC00073,2024-01-07 21:04:01,55816.27,MRT008,ATM Withdrawal UBA,ATM,Web,Lagos,Lagos,0,
TXN0000308,ACC00006,2024-05-22 15:55:17,40374.74,MRT009,Bolt Ride Hailing,Transport,Mobile App,Abuja,Abuja,0,
TXN0000695,ACC00013,2024-04-04 23:23:05,71028.81,MRT001,Shoprite Ikeja,Grocery,ATM,Port Harcourt,Port Harcourt,0,
TXN0002357,ACC00044,2024-06-20 03:54:19,16824.72,MRT010,Konga Electronics,E-commerce,Web,Kano,Kano,0,
TXN0005139,ACC00099,2024-10-05 17:53:39,133703.86,MRT005,Jumia Online Store,E-commerce,USSD,Port Harcourt,Port Harcourt,0,
TXN0002493,ACC00047,2024-10-18 03:24:42,37011.82,MRT006,Chicken Republic VI,Food & Dining,USSD,Abuja,Abuja,0,
TXN0004125,ACC00079,2024-08-29 03:37:25,86105.05,MRT001,Shoprite Ikeja,Grocery,Web,Kano,Kano,0,
TXN0001389,ACC00027,2024-10-10 13:36:02,43672.69,MRT008,ATM Withdrawal UBA,ATM,Web,Kano,Kano,0,
TXN0002566,ACC00049,2024-10-02 01:24:44,83046.56,MRT005,Jumia Online Store,E-commerce,Web,Lagos,Lagos,0,
TXN0002745,ACC00053,2024-10-09 18:30:08,60766.29,MRT003,MTN Airtime Top-up,Telecom,POS,Kano,Kano,0,
TXN0000284,ACC00006,2024-01-19 13:03:25,63263.92,MRT004,Netflix Subscription,Streaming,USSD,Abuja,Abuja,0,
TXN0006208,ACC00119,2024-12-05 15:29:21,40937.08,MRT003,MTN Airtime Top-up,Telecom,Web,Kano,Kano,0,
TXN0001951,ACC00036,2024-05-01 22:11:31,108752.16,MRT010,Konga Electronics,E-commerce,ATM,Ibadan,Ibadan,0,
TXN0005068,ACC00097,2024-06-12 22:05:15,14258.12,MRT005,Jumia Online Store,E-commerce,Mobile App,Kano,Kano,0,
TXN0002962,ACC00057,2024-05-12 07:39:34,102513.0,MRT003,MTN Airtime Top-up,Telecom,USSD,Lagos,Lagos,0,
TXN0004576,ACC00087,2024-08-25 16:53:01,12475.61,MRT005,Jumia Online Store,E-commerce,USSD,Kano,Kano,0,
TXN0001699,ACC00032,2024-07-17 18:12:19,29570.28,MRT007,EKEDC Electricity,Utilities,POS,Port Harcourt,Port Harcourt,0,
TXN0000029,ACC00001,2024-05-12 04:11:16,132107.84,MRT005,Jumia Online Store,E-commerce,POS,Lagos,Lagos,0,
TXN0003629,ACC00068,2024-04-12 19:00:00,52913.79,MRT008,ATM Withdrawal UBA,ATM,ATM,Abuja,Abuja,0,
TXN0000232,ACC00005,2024-07-01 02:39:40,94892.08,MRT008,ATM Withdrawal UBA,ATM,POS,Kano,Kano,0,
TXN0003917,ACC00073,2024-09-07 09:35:07,4121.67,MRT009,Bolt Ride Hailing,Transport,Web,Lagos,Lagos,0,
TXN0002448,ACC00045,2024-07-30 10:25:43,63746.17,MRT003,MTN Airtime Top-up,Telecom,Mobile App,Lagos,Lagos,0,
TXN0003292,ACC00062,2024-12-20 12:13:14,100431.31,MRT008,ATM Withdrawal UBA,ATM,ATM,Lagos,Lagos,0,
TXN0005356,ACC00103,2024-08-02 01:48:31,7311.47,MRT008,ATM Withdrawal UBA,ATM,Web,Lagos,Lagos,0,
TXN0005564,ACC00107,2024-01-17 14:24:57,56858.99,MRT007,EKEDC Electricity,Utilities,POS,Ibadan,Ibadan,0,
TXN0004148,ACC00079,2024-05-28 13:49:55,45277.94,MRT007,EKEDC Electricity,Utilities,Mobile App,Kano,Kano,0,
TXN0006131,ACC00117,2024-07-10 00:05:34,63728.69,MRT002,POS Terminal Lekki,POS,Mobile App,Kano,Kano,0,
TXN0005892,ACC00111,2024-01-15 09:22:52,16312.42,MRT003,MTN Airtime Top-up,Telecom,USSD,Ibadan,Ibadan,0,
TXN0001670,ACC00032,2024-12-27 20:16:24,71348.79,MRT003,MTN Airtime Top-up,Telecom,ATM,Port Harcourt,Port Harcourt,0,
TXN0005767,ACC00110,2024-10-13 13:37:09,98675.33,MRT010,Konga Electronics,E-commerce,USSD,Lagos,Lagos,0,
TXN0003825,ACC00072,2024-12-01 10:10:40,1941.96,MRT002,POS Terminal Lekki,POS,Mobile App,Abuja,Abuja,0,
TXN0005129,ACC00099,2024-03-19 12:29:48,121735.05,MRT005,Jumia Online Store,E-commerce,Mobile App,Port Harcourt,Port Harcourt,0,
TXN0003682,ACC00069,2024-08-04 08:48:46,102565.16,MRT001,Shoprite Ikeja,Grocery,Mobile App,Abuja,Abuja,0,
TXN0004037,ACC00077,2024-02-13 18:55:48,100053.72,MRT009,Bolt Ride Hailing,Transport,USSD,Ibadan,Ibadan,0,
TXN0001051,ACC00020,2024-11-29 11:47:28,133748.91,MRT003,MTN Airtime Top-up,Telecom,Web,Port Harcourt,Port Harcourt,0,
TXN0001234,ACC00024,2024-12-29 14:09:30,24212.41,MRT006,Chicken Republic VI,Food & Dining,Mobile App,Lagos,Lagos,0,
TXN0003544,ACC00067,2024-03-17 05:31:42,33287.01,MRT003,MTN Airtime Top-up,Telecom,Web,Lagos,Lagos,0,
TXN0001510,ACC00029,2024-08-08 15:32:16,105879.94,MRT008,ATM Withdrawal UBA,ATM,Mobile App,Port Harcourt,Port Harcourt,0,
TXN0005585,ACC00107,2024-04-25 00:43:51,17213.06,MRT003,MTN Airtime Top-up,Telecom,Web,Ibadan,Ibadan,0,
TXN0001749,ACC00033,2024-03-20 18:28:40,135225.64,MRT010,Konga Electronics,E-commerce,Web,Lagos,Lagos,0,
TXN0002015,ACC00037,2024-04-24 20:21:05,60599.42,MRT007,EKEDC Electricity,Utilities,USSD,Port Harcourt,Port Harcourt,0,
TXN0002330,ACC00043,2024-10-15 05:44:57,57913.59,MRT006,Chicken Republic VI,Food & Dining,POS,Abuja,Abuja,0,
TXN0005171,ACC00100,2024-01-19 16:44:21,147393.79,MRT001,Shoprite Ikeja,Grocery,POS,Abuja,Abuja,0,
TXN0000031,ACC00001,2024-02-03 05:58:14,108151.16,MRT004,Netflix Subscription,Streaming,ATM,Lagos,Lagos,0,
TXN0000242,ACC00005,2024-01-16 04:49:51,106289.44,MRT004,Netflix Subscription,Streaming,ATM,Kano,Kano,0,
TXN0005094,ACC00098,2024-06-18 05:24:50,26965.41,MRT005,Jumia Online Store,E-commerce,Web,Ibadan,Ibadan,0,
TXN0001812,ACC00034,2024-03-19 08:31:36,95498.91,MRT008,ATM Withdrawal UBA,ATM,Mobile App,Abuja,Abuja,0,
TXN0004515,ACC00087,2024-02-04 07:45:32,58249.48,MRT001,Shoprite Ikeja,Grocery,ATM,Kano,Kano,0,
TXN0001653,ACC00032,2024-12-10 20:33:14,17089.5,MRT001,Shoprite Ikeja,Grocery,POS,Port Harcourt,Port Harcourt,0,
TXN0000569,ACC00010,2024-11-02 10:43:42,11557.79,MRT007,EKEDC Electricity,Utilities,USSD,Ibadan,Ibadan,0,
TXN0005130,ACC00099,2024-03-23 19:19:48,5810.49,MRT002,POS Terminal Lekki,POS,POS,Port Harcourt,Port Harcourt,0,
TXN0003576,ACC00068,2024-07-29 00:49:20,63890.35,MRT010,Konga Electronics,E-commerce,Web,Abuja,Abuja,0,
TXN0002651,ACC00051,2024-04-14 19:49:57,16107.81,MRT002,POS Terminal Lekki,POS,POS,Abuja,Abuja,0,
TXN0003626,ACC00068,2024-05-02 22:18:43,15644.08,MRT005,Jumia Online Store,E-commerce,Mobile App,Abuja,Abuja,0,
TXN0000472,ACC00009,2024-12-07 15:31:39,94085.97,MRT003,MTN Airtime Top-up,Telecom,ATM,Lagos,Lagos,0,
TXN0003187,ACC00060,2024-07-21 21:52:03,92457.52,MRT006,Chicken Republic VI,Food & Dining,POS,Port Harcourt,Port Harcourt,0,
TXN0001040,ACC00020,2024-07-08 04:56:37,53892.18,MRT006,Chicken Republic VI,Food & Dining,Web,Port Harcourt,Port Harcourt,0,
TXN0002803,ACC00054,2024-01-15 08:56:28,137746.16,MRT009,Bolt Ride Hailing,Transport,Mobile App,Ibadan,Ibadan,0,
TXN0002202,ACC00041,2024-06-02 18:03:18,46246.86,MRT004,Netflix Subscription,Streaming,ATM,Ibadan,Ibadan,0,
TXN0002690,ACC00052,2024-05-15 12:20:15,70539.06,MRT008,ATM Withdrawal UBA,ATM,USSD,Port Harcourt,Port Harcourt,0,
TXN0000689,ACC00013,2024-05-10 02:31:44,41161.1,MRT007,EKEDC Electricity,Utilities,Mobile App,Port Harcourt,Port Harcourt,0,
TXN0002631,ACC00050,2024-05-26 14:11:22,104570.32,MRT001,Shoprite Ikeja,Grocery,ATM,Kano,Kano,0,
TXN0002715,ACC00052,2024-04-12 01:29:55,108481.76,MRT009,Bolt Ride Hailing,Transport,ATM,Port Harcourt,Port Harcourt,0,
TXN0003959,ACC00074,2024-12-14 12:26:59,98663.2,MRT001,Shoprite Ikeja,Grocery,POS,Ibadan,Ibadan,0,
TXN0000075,ACC00002,2024-05-04 16:28:47,128731.1,MRT002,POS Terminal Lekki,POS,POS,Lagos,Lagos,0,
TXN0005362,ACC00103,2024-09-20 05:16:57,95001.94,MRT009,Bolt Ride Hailing,Transport,Web,Lagos,Lagos,0,
TXN0004304,ACC00081,2024-04-30 23:17:00,228903.78,MRT011,Unknown Vendor XJ9,Unknown,Web,Abuja,Abuja,1,Unknown or unregistered merchant
TXN0004842,ACC00093,2024-04-17 00:17:29,45385.37,MRT008,ATM Withdrawal UBA,ATM,ATM,Ibadan,Ibadan,0,
TXN0000579,ACC00011,2024-10-26 22:45:04,103720.38,MRT010,Konga Electronics,E-commerce,Web,Abuja,Abuja,0,
TXN0004053,ACC00077,2024-04-03 17:27:26,78428.14,MRT010,Konga Electronics,E-commerce,ATM,Ibadan,Ibadan,0,
TXN0006120,ACC00117,2024-10-28 13:36:47,47483.46,MRT001,Shoprite Ikeja,Grocery,POS,Kano,Kano,0,
TXN0001741,ACC00033,2024-01-12 04:03:29,33742.5,MRT002,POS Terminal Lekki,POS,Web,Lagos,Lagos,0,
TXN0001133,ACC00022,2024-12-21 08:30:06,52540.24,MRT010,Konga Electronics,E-commerce,POS,Abuja,Abuja,0,
TXN0006213,ACC00119,2024-04-02 08:06:35,77855.0,MRT001,Shoprite Ikeja,Grocery,ATM,Kano,Kano,0,
TXN0002285,ACC00042,2024-08-30 14:22:39,140181.94,MRT004,Netflix Subscription,Streaming,ATM,Abuja,Abuja,0,
TXN0005815,ACC00111,2024-01-09 09:23:55,62058.34,MRT010,Konga Electronics,E-commerce,Mobile App,Ibadan,Ibadan,0,
TXN0005774,ACC00110,2024-10-17 21:12:25,115435.93,MRT001,Shoprite Ikeja,Grocery,POS,Lagos,Lagos,0,
TXN0001868,ACC00035,2024-09-01 17:28:58,118757.39,MRT008,ATM Withdrawal UBA,ATM,Web,Port Harcourt,Port Harcourt,0,
TXN0001548,ACC00030,2024-06-08 17:06:58,79027.01,MRT002,POS Terminal Lekki,POS,ATM,Abuja,Abuja,0,
TXN0005026,ACC00097,2024-04-11 14:46:49,64410.87,MRT005,Jumia Online Store,E-commerce,USSD,Kano,Kano,0,
TXN0000535,ACC00010,2024-10-31 07:11:52,73845.22,MRT008,ATM Withdrawal UBA,ATM,POS,Ibadan,Ibadan,0,
TXN0000002,ACC00001,2024-05-27 05:30:14,32143.21,MRT006,Chicken Republic VI,Food & Dining,POS,Lagos,Lagos,0,
TXN0002060,ACC00038,2024-02-21 13:52:30,75962.2,MRT003,MTN Airtime Top-up,Telecom,ATM,Abuja,Abuja,0,
TXN0005028,ACC00097,2024-07-03 12:21:34,93121.39,MRT010,Konga Electronics,E-commerce,ATM,Kano,Kano,0,
TXN0004713,ACC00090,2024-11-06 10:07:43,130338.52,MRT006,Chicken Republic VI,Food & Dining,Mobile App,Abuja,Abuja,0,
TXN0000178,ACC00004,2024-07-15 08:04:39,64814.8,MRT010,Konga Electronics,E-commerce,Mobile App,Ibadan,Ibadan,0,
TXN0001494,ACC00029,2024-02-12 14:27:44,129919.11,MRT005,Jumia Online Store,E-commerce,Web,Port Harcourt,Port Harcourt,0,
TXN0001953,ACC00036,2024-03-22 23:17:59,12193.97,MRT003,MTN Airtime Top-up,Telecom,USSD,Ibadan,Ibadan,0,
TXN0001120,ACC00022,2024-12-25 13:39:26,65588.93,MRT010,Konga Electronics,E-commerce,Mobile App,Abuja,Abuja,0,
TXN0006036,ACC00114,2024-07-24 20:58:31,106072.24,MRT003,MTN Airtime Top-up,Telecom,Mobile App,Lagos,Lagos,0,
TXN0001153,ACC00022,2024-11-20 06:12:33,125532.04,MRT004,Netflix Subscription,Streaming,POS,Abuja,Abuja,0,
TXN0002771,ACC00053,2024-08-23 09:21:42,80625.15,MRT001,Shoprite Ikeja,Grocery,USSD,Kano,Kano,0,
TXN0004383,ACC00083,2024-09-27 10:43:24,140230.9,MRT006,Chicken Republic VI,Food & Dining,ATM,Port Harcourt,Port Harcourt,0,
TXN0001834,ACC00035,2024-06-18 09:03:12,97214.85,MRT007,EKEDC Electricity,Utilities,Mobile App,Port Harcourt,Port Harcourt,0,
TXN0001307,ACC00026,2024-02-27 11:34:32,50757.14,MRT003,MTN Airtime Top-up,Telecom,ATM,Ibadan,Ibadan,0,
TXN0005297,ACC00102,2024-10-07 07:09:26,142074.92,MRT006,Chicken Republic VI,Food & Dining,POS,Kano,Kano,0,
TXN0003879,ACC00073,2024-12-16 05:54:19,144838.35,MRT003,MTN Airtime Top-up,Telecom,USSD,Lagos,Lagos,0,
TXN0003599,ACC00068,2024-02-04 09:33:35,143980.3,MRT010,Konga Electronics,E-commerce,POS,Abuja,Abuja,0,
TXN0001355,ACC00026,2024-02-29 00:20:32,16462.33,MRT004,Netflix Subscription,Streaming,Web,Ibadan,Ibadan,0,
TXN0002116,ACC00039,2024-10-15 14:36:29,113883.94,MRT001,Shoprite Ikeja,Grocery,POS,Ibadan,Ibadan,0,
TXN0005989,ACC00113,2024-12-25 20:31:03,131958.5,MRT010,Konga Electronics,E-commerce,ATM,Kano,Kano,0,
TXN0004864,ACC00093,2024-04-25 14:06:07,123345.89,MRT010,Konga Electronics,E-commerce,ATM,Ibadan,Ibadan,0,
TXN0003081,ACC00058,2024-08-17 16:58:28,92686.12,MRT010,Konga Electronics,E-commerce,Mobile App,Lagos,Lagos,0,
TXN0003770,ACC00070,2024-06-29 00:17:34,500000,MRT014,FX Bureau Lagos,FX,Mobile App,Port Harcourt,Port Harcourt,1,Suspicious round amount: possible structuring
TXN0003235,ACC00061,2024-12-04 05:29:58,12882.28,MRT003,MTN Airtime Top-up,Telecom,Mobile App,Kano,Kano,0,
TXN0001343,ACC00026,2024-09-12 03:02:52,13625.36,MRT003,MTN Airtime Top-up,Telecom,ATM,Ibadan,Ibadan,0,
TXN0005780,ACC00110,2024-05-15 18:09:05,36880.72,MRT002,POS Terminal Lekki,POS,ATM,Lagos,Lagos,0,
TXN0002640,ACC00050,2024-01-24 07:14:52,90823.95,MRT001,Shoprite Ikeja,Grocery,Web,Kano,Kano,0,
TXN0001093,ACC00021,2024-09-22 18:46:13,124063.87,MRT007,EKEDC Electricity,Utilities,USSD,Ibadan,Ibadan,0,
TXN0004594,ACC00088,2024-02-12 05:16:52,81930.47,MRT008,ATM Withdrawal UBA,ATM,Mobile App,Abuja,Abuja,0,
TXN0001525,ACC00029,2024-02-02 01:03:01,76086.62,MRT003,MTN Airtime Top-up,Telecom,POS,Port Harcourt,Port Harcourt,0,
TXN0000328,ACC00006,2024-11-27 04:55:01,68080.38,MRT002,POS Terminal Lekki,POS,ATM,Abuja,Abuja,0,
TXN0002123,ACC00039,2024-09-18 01:07:48,84988.46,MRT010,Konga Electronics,E-commerce,Mobile App,Ibadan,Ibadan,0,
TXN0002369,ACC00044,2024-12-05 01:40:17,121037.4,MRT006,Chicken Republic VI,Food & Dining,Mobile App,Kano,Kano,0,
TXN0003317,ACC00062,2024-02-28 09:42:37,50898.8,MRT001,Shoprite Ikeja,Grocery,USSD,Lagos,Lagos,0,
TXN0004633,ACC00088,2024-10-20 04:45:55,143256.24,MRT010,Konga Electronics,E-commerce,USSD,Abuja,Abuja,0,
TXN0001724,ACC00033,2024-02-26 18:05:48,69426.07,MRT006,Chicken Republic VI,Food & Dining,Web,Lagos,Lagos,0,
TXN0001092,ACC00021,2024-01-07 10:22:29,78645.35,MRT004,Netflix Subscription,Streaming,USSD,Ibadan,Ibadan,0,
TXN0001743,ACC00033,2024-02-20 13:43:19,64008.36,MRT002,POS Terminal Lekki,POS,Mobile App,Lagos,Lagos,0,
TXN0003925,ACC00073,2024-12-08 09:32:42,76617.72,MRT006,Chicken Republic VI,Food & Dining,Web,Lagos,Lagos,0,
TXN0001177,ACC00023,2024-03-24 16:18:03,71742.64,MRT005,Jumia Online Store,E-commerce,Mobile App,Abuja,Abuja,0,
TXN0005588,ACC00107,2024-03-04 08:09:25,83351.34,MRT011,Unknown Vendor XJ9,Unknown,Web,Kano,Ibadan,1,Unknown or unregistered merchant
TXN0001778,ACC00034,2024-02-11 22:58:29,37978.13,MRT002,POS Terminal Lekki,POS,ATM,Abuja,Abuja,0,
TXN0001982,ACC00037,2024-02-20 22:29:11,108587.75,MRT005,Jumia Online Store,E-commerce,ATM,Port Harcourt,Port Harcourt,0,
TXN0004005,ACC00076,2024-07-03 10:07:33,81788.38,MRT005,Jumia Online Store,E-commerce,Mobile App,Port Harcourt,Port Harcourt,0,
TXN0003543,ACC00067,2024-07-04 13:19:26,112433.48,MRT008,ATM Withdrawal UBA,ATM,USSD,Lagos,Lagos,0,
TXN0002949,ACC00057,2024-12-22 05:33:35,16262.06,MRT004,Netflix Subscription,Streaming,Web,Lagos,Lagos,0,
TXN0006170,ACC00119,2024-08-19 02:00:20,25302.64,MRT001,Shoprite Ikeja,Grocery,Mobile App,Kano,Kano,0,
TXN0000210,ACC00004,2024-03-26 15:22:50,147674.63,MRT007,EKEDC Electricity,Utilities,Mobile App,Ibadan,Ibadan,0,
TXN0001344,ACC00026,2024-07-21 05:26:31,130968.87,MRT010,Konga Electronics,E-commerce,Web,Ibadan,Ibadan,0,
TXN0001521,ACC00029,2024-10-18 01:08:59,109182.27,MRT005,Jumia Online Store,E-commerce,USSD,Port Harcourt,Port Harcourt,0,
TXN0005644,ACC00108,2024-10-30 15:20:27,68864.01,MRT010,Konga Electronics,E-commerce,ATM,Kano,Kano,0,
TXN0005257,ACC00101,2024-07-01 09:42:06,57028.96,MRT005,Jumia Online Store,E-commerce,USSD,Kano,Kano,0,
TXN0005179,ACC00100,2024-12-07 22:51:21,92681.62,MRT010,Konga Electronics,E-commerce,Web,Abuja,Abuja,0,
TXN0002002,ACC00037,2024-05-09 22:46:05,18886.03,MRT003,MTN Airtime Top-up,Telecom,Web,Port Harcourt,Port Harcourt,0,
TXN0005006,ACC00096,2024-12-03 19:46:44,126903.74,MRT004,Netflix Subscription,Streaming,Mobile App,Port Harcourt,Port Harcourt,0,
TXN0004441,ACC00084,2024-05-23 12:36:27,55248.49,MRT001,Shoprite Ikeja,Grocery,Web,Ibadan,Ibadan,0,
TXN0000727,ACC00014,2024-06-02 21:15:57,7818.12,MRT009,Bolt Ride Hailing,Transport,POS,Lagos,Lagos,0,
TXN0003884,ACC00073,2024-07-24 12:49:58,69672.04,MRT008,ATM Withdrawal UBA,ATM,POS,Lagos,Lagos,0,
TXN0003918,ACC00073,2024-07-04 21:44:39,6805.29,MRT001,Shoprite Ikeja,Grocery,Web,Lagos,Lagos,0,
TXN0001990,ACC00037,2024-01-13 09:58:55,50991.35,MRT002,POS Terminal Lekki,POS,Mobile App,Port Harcourt,Port Harcourt,0,
TXN0001522,ACC00029,2024-04-11 03:30:21,94580.36,MRT001,Shoprite Ikeja,Grocery,USSD,Port Harcourt,Port Harcourt,0,
TXN0000403,ACC00008,2024-05-27 11:00:22,122847.43,MRT007,EKEDC Electricity,Utilities,Web,Ibadan,Ibadan,0,
TXN0003840,ACC00072,2024-03-14 02:08:14,127368.14,MRT003,MTN Airtime Top-up,Telecom,Web,Abuja,Abuja,0,
TXN0003066,ACC00058,2024-01-30 16:30:27,98172.82,MRT006,Chicken Republic VI,Food & Dining,USSD,Lagos,Lagos,0,
TXN0000057,ACC00002,2024-08-02 08:56:26,23901.63,MRT002,POS Terminal Lekki,POS,ATM,Lagos,Lagos,0,
TXN0004481,ACC00086,2024-04-03 15:10:50,14167.09,MRT010,Konga Electronics,E-commerce,Web,Port Harcourt,Port Harcourt,0,
TXN0003244,ACC00061,2024-01-18 06:50:55,91475.09,MRT005,Jumia Online Store,E-commerce,USSD,Kano,Kano,0,
TXN0005132,ACC00099,2024-09-14 20:48:54,60790.61,MRT010,Konga Electronics,E-commerce,Web,Port Harcourt,Port Harcourt,0,
TXN0004584,ACC00087,2024-12-09 20:51:25,109040.17,MRT003,MTN Airtime Top-up,Telecom,ATM,Kano,Kano,0,
TXN0002162,ACC00040,2024-10-28 04:08:36,22537.65,MRT003,MTN Airtime Top-up,Telecom,POS,Abuja,Abuja,0,
TXN0004055,ACC00077,2024-06-11 01:40:16,84472.16,MRT002,POS Terminal Lekki,POS,Web,Ibadan,Ibadan,0,
TXN0002641,ACC00050,2024-07-14 11:03:12,2124.7,MRT003,MTN Airtime Top-up,Telecom,ATM,Kano,Kano,0,
TXN0001596,ACC00031,2024-10-23 19:07:12,89166.25,MRT001,Shoprite Ikeja,Grocery,POS,Ibadan,Ibadan,0,
TXN0001926,ACC00036,2024-11-07 07:03:42,48814.04,MRT005,Jumia Online Store,E-commerce,Mobile App,Ibadan,Ibadan,0,
TXN0004537,ACC00087,2024-11-09 19:45:31,130502.21,MRT007,EKEDC Electricity,Utilities,POS,Kano,Kano,0,
TXN0004993,ACC00096,2024-12-27 13:24:45,67194.25,MRT005,Jumia Online Store,E-commerce,ATM,Port Harcourt,Port Harcourt,0,
TXN0003182,ACC00060,2024-03-17 15:35:58,130527.5,MRT008,ATM Withdrawal UBA,ATM,Mobile App,Port Harcourt,Port Harcourt,0,
TXN0005080,ACC00097,2024-01-12 21:32:15,5000000,MRT014,FX Bureau Lagos,FX,Web,Kano,Kano,1,Suspicious round amount: possible structuring
TXN0003520,ACC00067,2024-11-20 21:04:04,65405.26,MRT002,POS Terminal Lekki,POS,POS,Lagos,Lagos,0,
TXN0001760,ACC00034,2024-10-22 16:51:01,18980.5,MRT006,Chicken Republic VI,Food & Dining,Mobile App,Abuja,Abuja,0,
TXN0004758,ACC00091,2024-03-11 02:00:48,90739.31,MRT008,ATM Withdrawal UBA,ATM,USSD,Ibadan,Ibadan,0,
TXN0006066,ACC00116,2024-02-23 04:29:58,81503.48,MRT005,Jumia Online Store,E-commerce,POS,Ibadan,Ibadan,0,
TXN0002461,ACC00046,2024-09-02 21:06:16,107309.52,MRT004,Netflix Subscription,Streaming,USSD,Abuja,Abuja,0,
TXN0005542,ACC00107,2024-04-28 08:19:11,126172.36,MRT009,Bolt Ride Hailing,Transport,ATM,Ibadan,Ibadan,0,
TXN0003260,ACC00061,2024-05-29 18:48:16,80923.34,MRT003,MTN Airtime Top-up,Telecom,Web,Kano,Kano,0,
TXN0004355,ACC00082,2024-04-03 16:23:13,38188.77,MRT005,Jumia Online Store,E-commerce,Web,Abuja,Abuja,0,
TXN0005444,ACC00105,2024-11-19 19:25:28,41730.3,MRT005,Jumia Online Store,E-commerce,ATM,Kano,Kano,0,
TXN0004299,ACC00081,2024-04-20 17:50:21,28124.03,MRT006,Chicken Republic VI,Food & Dining,Mobile App,Abuja,Abuja,0,
TXN0006195,ACC00119,2024-01-26 11:07:27,57897.65,MRT001,Shoprite Ikeja,Grocery,USSD,Kano,Kano,0,
TXN0006032,ACC00114,2024-02-08 06:17:35,97378.12,MRT010,Konga Electronics,E-commerce,ATM,Lagos,Lagos,0,
TXN0001009,ACC00020,2024-01-10 14:16:26,123405.31,MRT009,Bolt Ride Hailing,Transport,POS,Port Harcourt,Port Harcourt,0,
TXN0003771,ACC00071,2024-10-07 21:42:59,31284.3,MRT009,Bolt Ride Hailing,Transport,Web,Lagos,Lagos,0,
TXN0002616,ACC00050,2024-02-26 04:24:06,48796.49,MRT002,POS Terminal Lekki,POS,Web,Kano,Kano,0,
TXN0005853,ACC00111,2024-04-22 11:23:06,40119.7,MRT001,Shoprite Ikeja,Grocery,Web,Ibadan,Ibadan,0,
TXN0004781,ACC00092,2024-09-10 21:26:07,29331.27,MRT009,Bolt Ride Hailing,Transport,USSD,Ibadan,Ibadan,0,
TXN0006200,ACC00119,2024-03-31 03:30:25,19652.27,MRT007,EKEDC Electricity,Utilities,ATM,Kano,Kano,0,
TXN0002621,ACC00050,2024-07-26 07:06:10,80104.93,MRT008,ATM Withdrawal UBA,ATM,Web,Kano,Kano,0,
TXN0000796,ACC00016,2024-07-05 12:59:06,14999.54,MRT004,Netflix Subscription,Streaming,Web,Ibadan,Ibadan,0,
TXN0001752,ACC00034,2024-07-13 10:15:03,36652.47,MRT010,Konga Electronics,E-commerce,USSD,Abuja,Abuja,0,
TXN0002994,ACC00057,2024-03-29 04:58:00,112247.62,MRT007,EKEDC Electricity,Utilities,USSD,Lagos,Lagos,0,
TXN0002165,ACC00040,2024-01-23 06:14:21,76312.63,MRT004,Netflix Subscription,Streaming,USSD,Abuja,Abuja,0,
TXN0006098,ACC00117,2024-11-22 10:22:09,75736.6,MRT005,Jumia Online Store,E-commerce,POS,Kano,Kano,0,
TXN0000464,ACC00009,2024-01-14 00:57:12,89868.84,MRT008,ATM Withdrawal UBA,ATM,Mobile App,Lagos,Lagos,0,
TXN0002174,ACC00040,2024-04-02 19:49:08,110320.63,MRT008,ATM Withdrawal UBA,ATM,POS,Abuja,Abuja,0,
TXN0004647,ACC00088,2024-07-04 11:34:04,81120.88,MRT004,Netflix Subscription,Streaming,Web,Abuja,Abuja,0,
TXN0003624,ACC00068,2024-10-30 07:09:05,126785.62,MRT003,MTN Airtime Top-up,Telecom,Mobile App,Abuja,Abuja,0,
TXN0002520,ACC00048,2024-11-03 20:37:13,19355.47,MRT001,Shoprite Ikeja,Grocery,POS,Kano,Kano,0,
TXN0002674,ACC00051,2024-02-07 19:53:24,21822.07,MRT001,Shoprite Ikeja,Grocery,POS,Abuja,Abuja,0,
TXN0005443,ACC00105,2024-08-16 18:42:02,113070.73,MRT004,Netflix Subscription,Streaming,Web,Kano,Kano,0,
TXN0005898,ACC00112,2024-09-18 22:27:53,19471.81,MRT007,EKEDC Electricity,Utilities,ATM,Abuja,Abuja,0,
TXN0001714,ACC00033,2024-11-20 02:53:52,45935.2,MRT010,Konga Electronics,E-commerce,USSD,Lagos,Lagos,0,
TXN0000615,ACC00011,2024-11-15 17:33:06,81535.49,MRT006,Chicken Republic VI,Food & Dining,Mobile App,Abuja,Abuja,0,
TXN0002476,ACC00046,2024-03-11 03:59:22,121009.71,MRT006,Chicken Republic VI,Food & Dining,USSD,Abuja,Abuja,0,
TXN0002095,ACC00038,2024-06-24 10:32:26,649.66,MRT001,Shoprite Ikeja,Grocery,ATM,Abuja,Abuja,0,
TXN0001469,ACC00028,2024-01-26 09:14:52,17376.62,MRT008,ATM Withdrawal UBA,ATM,ATM,Ibadan,Ibadan,0,
TXN0001057,ACC00021,2024-10-11 18:10:09,20515.25,MRT005,Jumia Online Store,E-commerce,USSD,Ibadan,Ibadan,0,
TXN0003060,ACC00058,2024-07-02 10:25:36,78290.23,MRT009,Bolt Ride Hailing,Transport,POS,Lagos,Lagos,0,
TXN0000507,ACC00010,2024-01-04 13:12:16,76107.07,MRT004,Netflix Subscription,Streaming,POS,Ibadan,Ibadan,0,
TXN0004687,ACC00089,2024-04-24 01:00:58,16574.63,MRT008,ATM Withdrawal UBA,ATM,POS,Ibadan,Ibadan,0,
TXN0006070,ACC00116,2024-11-29 06:33:11,7504.18,MRT004,Netflix Subscription,Streaming,Mobile App,Ibadan,Ibadan,0,
TXN0005822,ACC00111,2024-07-27 19:08:43,20799.82,MRT008,ATM Withdrawal UBA,ATM,ATM,Ibadan,Ibadan,0,
TXN0002842,ACC00055,2024-01-20 01:57:56,109934.24,MRT007,EKEDC Electricity,Utilities,ATM,Lagos,Lagos,0,
TXN0000443,ACC00009,2024-03-19 12:14:15,80730.69,MRT010,Konga Electronics,E-commerce,Web,Lagos,Lagos,0,
TXN0003468,ACC00066,2024-10-30 09:34:19,103326.24,MRT007,EKEDC Electricity,Utilities,ATM,Lagos,Lagos,0,
TXN0002589,ACC00050,2024-08-22 07:06:11,56992.33,MRT002,POS Terminal Lekki,POS,Mobile App,Kano,Kano,0,
TXN0000770,ACC00016,2024-04-29 03:47:59,19538.58,MRT005,Jumia Online Store,E-commerce,Mobile App,Ibadan,Ibadan,0,
TXN0004072,ACC00077,2024-11-05 22:11:04,87471.48,MRT008,ATM Withdrawal UBA,ATM,Web,Ibadan,Ibadan,0,
TXN0003467,ACC00066,2024-10-07 02:40:03,70745.83,MRT010,Konga Electronics,E-commerce,Mobile App,Lagos,Lagos,0,
TXN0000739,ACC00014,2024-09-22 08:00:21,26334.68,MRT007,EKEDC Electricity,Utilities,Web,Lagos,Lagos,0,
TXN0001888,ACC00035,2024-10-09 05:24:36,63040.48,MRT004,Netflix Subscription,Streaming,ATM,Port Harcourt,Port Harcourt,0,
TXN0003615,ACC00068,2024-11-11 19:12:24,100525.72,MRT007,EKEDC Electricity,Utilities,Mobile App,Abuja,Abuja,0,
TXN0000556,ACC00010,2024-05-09 00:29:19,57293.55,MRT010,Konga Electronics,E-commerce,POS,Ibadan,Ibadan,0,
TXN0005539,ACC00107,2024-11-26 02:32:59,136361.36,MRT004,Netflix Subscription,Streaming,Mobile App,Ibadan,Ibadan,0,
TXN0001631,ACC00032,2024-12-17 16:35:58,86929.16,MRT003,MTN Airtime Top-up,Telecom,USSD,Port Harcourt,Port Harcourt,0,
TXN0003068,ACC00058,2024-08-09 02:39:15,138894.68,MRT003,MTN Airtime Top-up,Telecom,Web,Lagos,Lagos,0,
TXN0005435,ACC00105,2024-11-27 09:34:08,92305.19,MRT006,Chicken Republic VI,Food & Dining,USSD,Kano,Kano,0,
TXN0000223,ACC00005,2024-06-02 16:48:46,111997.82,MRT005,Jumia Online Store,E-commerce,Web,Kano,Kano,0,
TXN0002992,ACC00057,2024-05-16 14:54:43,51797.28,MRT004,Netflix Subscription,Streaming,Mobile App,Lagos,Lagos,0,
TXN0004129,ACC00079,2024-04-14 11:40:22,80326.02,MRT003,MTN Airtime Top-up,Telecom,ATM,Kano,Kano,0,
TXN0002999,ACC00057,2024-04-23 13:29:02,91115.51,MRT003,MTN Airtime Top-up,Telecom,ATM,Lagos,Lagos,0,
TXN0000516,ACC00010,2024-11-04 17:20:37,12313.38,MRT007,EKEDC Electricity,Utilities,ATM,Ibadan,Ibadan,0,
TXN0002895,ACC00055,2024-12-12 19:40:36,138069.02,MRT005,Jumia Online Store,E-commerce,USSD,Lagos,Lagos,0,
TXN0005218,ACC00101,2024-02-14 11:32:18,120272.39,MRT002,POS Terminal Lekki,POS,Web,Kano,Kano,0,
TXN0001074,ACC00021,2024-07-13 21:27:34,66264.86,MRT003,MTN Airtime Top-up,Telecom,Web,Ibadan,Ibadan,0,
TXN0006169,ACC00119,2024-01-04 23:20:47,84974.19,MRT002,POS Terminal Lekki,POS,Web,Kano,Kano,0,
TXN0003327,ACC00062,2024-10-11 05:50:33,79924.65,MRT001,Shoprite Ikeja,Grocery,ATM,Lagos,Lagos,0,
TXN0003454,ACC00066,2024-07-02 23:54:17,118417.92,MRT010,Konga Electronics,E-commerce,POS,Lagos,Lagos,0,
TXN0001264,ACC00025,2024-01-13 08:33:26,96441.87,MRT010,Konga Electronics,E-commerce,ATM,Port Harcourt,Port Harcourt,0,
TXN0005719,ACC00109,2024-06-12 14:39:48,131140.12,MRT002,POS Terminal Lekki,POS,Mobile App,Port Harcourt,Port Harcourt,0,
TXN0005223,ACC00101,2024-10-07 16:53:07,103116.12,MRT001,Shoprite Ikeja,Grocery,USSD,Kano,Kano,0,
TXN0000086,ACC00002,2024-08-01 22:11:30,83061.59,MRT001,Shoprite Ikeja,Grocery,Mobile App,Lagos,Lagos,0,
TXN0003668,ACC00069,2024-10-03 13:22:51,88323.43,MRT006,Chicken Republic VI,Food & Dining,Mobile App,Abuja,Abuja,0,
TXN0000250,ACC00005,2024-09-11 18:52:23,19778.27,MRT007,EKEDC Electricity,Utilities,Mobile App,Kano,Kano,0,
TXN0005798,ACC00110,2024-01-17 12:56:33,125828.71,MRT003,MTN Airtime Top-up,Telecom,Web,Lagos,Lagos,0,
TXN0004439,ACC00084,2024-08-06 15:33:15,35752.37,MRT002,POS Terminal Lekki,POS,Web,Ibadan,Ibadan,0,
TXN0005477,ACC00106,2024-01-08 06:27:03,35182.61,MRT005,Jumia Online Store,E-commerce,ATM,Ibadan,Ibadan,0,
TXN0001144,ACC00022,2024-09-03 02:09:21,101698.49,MRT004,Netflix Subscription,Streaming,Web,Abuja,Abuja,0,
TXN0003441,ACC00066,2024-04-12 14:31:17,37728.79,MRT009,Bolt Ride Hailing,Transport,POS,Lagos,Lagos,0,
TXN0000841,ACC00017,2024-09-30 15:39:51,41459.64,MRT004,Netflix Subscription,Streaming,ATM,Abuja,Abuja,0,
TXN0003346,ACC00063,2024-01-08 00:27:06,33548.13,MRT006,Chicken Republic VI,Food & Dining,USSD,Lagos,Lagos,0,
TXN0001923,ACC00036,2024-08-18 18:23:06,49749.32,MRT001,Shoprite Ikeja,Grocery,Mobile App,Ibadan,Ibadan,0,
TXN0000099,ACC00003,2024-08-10 01:32:25,35417.59,MRT007,EKEDC Electricity,Utilities,ATM,Kano,Kano,0,
TXN0003113,ACC00059,2024-05-03 07:34:04,126293.94,MRT004,Netflix Subscription,Streaming,Mobile App,Lagos,Lagos,0,
TXN0005200,ACC00100,2024-03-25 23:41:28,46503.43,MRT004,Netflix Subscription,Streaming,Mobile App,Abuja,Abuja,0,
TXN0006018,ACC00114,2024-10-15 22:20:30,63870.65,MRT009,Bolt Ride Hailing,Transport,Web,Lagos,Lagos,0,
TXN0000429,ACC00008,2024-06-04 16:02:11,28124.79,MRT002,POS Terminal Lekki,POS,Web,Ibadan,Ibadan,0,
TXN0004056,ACC00077,2024-10-27 04:07:06,55743.41,MRT001,Shoprite Ikeja,Grocery,ATM,Ibadan,Ibadan,0,
TXN0005051,ACC00097,2024-05-29 21:13:11,65378.59,MRT008,ATM Withdrawal UBA,ATM,Mobile App,Kano,Kano,0,
TXN0005414,ACC00104,2024-02-17 00:16:50,10853.34,MRT010,Konga Electronics,E-commerce,Mobile App,Kano,Kano,0,
TXN0001011,ACC00020,2024-04-25 02:57:53,48386.76,MRT004,Netflix Subscription,Streaming,Mobile App,Port Harcourt,Port Harcourt,0,
TXN0001224,ACC00024,2024-10-09 09:07:44,35305.17,MRT001,Shoprite Ikeja,Grocery,Web,Lagos,Lagos,0,
TXN0005131,ACC00099,2024-01-18 15:11:43,53093.35,MRT003,MTN Airtime Top-up,Telecom,USSD,Port Harcourt,Port Harcourt,0,
TXN0004892,ACC00094,2024-06-18 23:21:35,81095.41,MRT001,Shoprite Ikeja,Grocery,Mobile App,Abuja,Abuja,0,
TXN0001376,ACC00027,2024-12-22 22:00:24,103647.97,MRT001,Shoprite Ikeja,Grocery,Web,Kano,Kano,0,
TXN0001286,ACC00025,2024-06-22 19:00:01,529.25,MRT007,EKEDC Electricity,Utilities,Mobile App,Port Harcourt,Port Harcourt,0,
TXN0005789,ACC00110,2024-10-06 20:42:25,60441.01,MRT010,Konga Electronics,E-commerce,Web,Lagos,Lagos,0,
TXN0006201,ACC00119,2024-11-28 00:54:22,71281.16,MRT005,Jumia Online Store,E-commerce,Web,Kano,Kano,0,
TXN0002705,ACC00052,2024-03-24 03:36:08,28019.7,MRT005,Jumia Online Store,E-commerce,Mobile App,Port Harcourt,Port Harcourt,0,
TXN0002319,ACC00043,2024-06-03 15:54:27,25581.02,MRT007,EKEDC Electricity,Utilities,ATM,Abuja,Abuja,0,
TXN0002322,ACC00043,2024-01-08 16:39:09,64395.89,MRT007,EKEDC Electricity,Utilities,Mobile App,Abuja,Abuja,0,
TXN0001732,ACC00033,2024-04-19 07:00:13,116931.77,MRT006,Chicken Republic VI,Food & Dining,ATM,Lagos,Lagos,0,
TXN0004337,ACC00082,2024-09-14 12:43:26,128734.56,MRT004,Netflix Subscription,Streaming,Web,Abuja,Abuja,0,
TXN0002871,ACC00055,2024-10-09 19:27:38,22611.11,MRT001,Shoprite Ikeja,Grocery,ATM,Lagos,Lagos,0,
TXN0002850,ACC00055,2024-06-01 04:50:53,15644.99,MRT007,EKEDC Electricity,Utilities,POS,Lagos,Lagos,0,
TXN0003190,ACC00060,2024-07-20 16:58:13,38060.28,MRT010,Konga Electronics,E-commerce,ATM,Port Harcourt,Port Harcourt,0,
TXN0004877,ACC00093,2024-03-05 03:14:30,127294.17,MRT007,EKEDC Electricity,Utilities,Web,Ibadan,Ibadan,0,
TXN0006062,ACC00116,2024-03-25 12:02:41,54914.81,MRT004,Netflix Subscription,Streaming,USSD,Ibadan,Ibadan,0,
TXN0000990,ACC00019,2024-03-17 07:13:28,44479.57,MRT004,Netflix Subscription,Streaming,Web,Kano,Kano,0,
TXN0004597,ACC00088,2024-01-01 04:19:44,17336.69,MRT007,EKEDC Electricity,Utilities,ATM,Abuja,Abuja,0,
TXN0005696,ACC00109,2024-02-09 11:14:09,105376.76,MRT003,MTN Airtime Top-up,Telecom,USSD,Port Harcourt,Port Harcourt,0,
TXN0006194,ACC00119,2024-04-29 23:59:44,56068.44,MRT010,Konga Electronics,E-commerce,Web,Kano,Kano,0,
TXN0001019,ACC00020,2024-08-04 17:43:18,86456.86,MRT002,POS Terminal Lekki,POS,Web,Port Harcourt,Port Harcourt,0,
TXN0005304,ACC00102,2024-08-10 09:49:31,138831.31,MRT006,Chicken Republic VI,Food & Dining,USSD,Kano,Kano,0,
TXN0004210,ACC00080,2024-01-16 08:17:40,531.86,MRT010,Konga Electronics,E-commerce,Web,Abuja,Abuja,0,
TXN0001845,ACC00035,2024-08-20 22:44:23,116092.04,MRT002,POS Terminal Lekki,POS,POS,Port Harcourt,Port Harcourt,0,
TXN0002699,ACC00052,2024-10-27 16:07:06,9828.84,MRT007,EKEDC Electricity,Utilities,POS,Port Harcourt,Port Harcourt,0,
TXN0002338,ACC00044,2024-09-27 20:54:17,39568.94,MRT003,MTN Airtime Top-up,Telecom,ATM,Kano,Kano,0,
TXN0002307,ACC00043,2024-11-24 22:00:17,51737.9,MRT006,Chicken Republic VI,Food & Dining,Web,Abuja,Abuja,0,
TXN0005290,ACC00102,2024-04-11 06:17:31,142429.9,MRT004,Netflix Subscription,Streaming,Mobile App,Kano,Kano,0,
TXN0004562,ACC00087,2024-05-13 20:59:57,94737.75,MRT007,EKEDC Electricity,Utilities,Web,Kano,Kano,0,
TXN0002342,ACC00044,2024-12-15 21:53:17,78021.29,MRT002,POS Terminal Lekki,POS,Web,Kano,Kano,0,
TXN0002614,ACC00050,2024-06-22 11:30:10,122290.14,MRT008,ATM Withdrawal UBA,ATM,Mobile App,Kano,Kano,0,
TXN0000360,ACC00007,2024-02-17 13:59:13,67714.6,MRT005,Jumia Online Store,E-commerce,Web,Port Harcourt,Port Harcourt,0,
TXN0001123,ACC00022,2024-08-26 10:34:26,43327.15,MRT009,Bolt Ride Hailing,Transport,USSD,Abuja,Abuja,0,
TXN0004838,ACC00092,2024-05-13 02:22:21,69786.57,MRT001,Shoprite Ikeja,Grocery,Web,Ibadan,Ibadan,0,
TXN0002240,ACC00042,2024-04-23 01:18:00,10961.93,MRT009,Bolt Ride Hailing,Transport,Mobile App,Abuja,Abuja,0,
TXN0002112,ACC00039,2024-09-18 01:47:09,53272.71,MRT002,POS Terminal Lekki,POS,ATM,Ibadan,Ibadan,0,
TXN0006003,ACC00114,2024-11-07 02:08:21,96601.3,MRT005,Jumia Online Store,E-commerce,Mobile App,Lagos,Lagos,0,
TXN0005238,ACC00101,2024-03-24 00:18:28,44534.56,MRT010,Konga Electronics,E-commerce,Web,Kano,Kano,0,
TXN0004039,ACC00077,2024-05-04 02:13:40,129157.56,MRT004,Netflix Subscription,Streaming,Web,Ibadan,Ibadan,0,
TXN0002858,ACC00055,2024-05-09 17:36:37,27038.5,MRT001,Shoprite Ikeja,Grocery,POS,Lagos,Lagos,0,
TXN0003797,ACC00071,2024-02-22 15:52:18,71185.56,MRT007,EKEDC Electricity,Utilities,ATM,Lagos,Lagos,0,
TXN0005712,ACC00109,2024-09-05 00:26:59,53814.99,MRT004,Netflix Subscription,Streaming,Web,Port Harcourt,Port Harcourt,0,
TXN0000353,ACC00007,2024-04-22 11:56:07,72700.25,MRT005,Jumia Online Store,E-commerce,ATM,Port Harcourt,Port Harcourt,0,
TXN0003526,ACC00067,2024-01-24 18:15:09,120455.85,MRT010,Konga Electronics,E-commerce,POS,Lagos,Lagos,0,
TXN0004370,ACC00082,2024-06-30 09:31:40,80479.62,MRT007,EKEDC Electricity,Utilities,Mobile App,Abuja,Abuja,0,
TXN0005106,ACC00098,2024-04-18 03:18:21,148785.98,MRT008,ATM Withdrawal UBA,ATM,USSD,Ibadan,Ibadan,0,
TXN0000406,ACC00008,2024-03-24 02:30:05,124278.78,MRT004,Netflix Subscription,Streaming,POS,Ibadan,Ibadan,0,
TXN0000342,ACC00007,2024-11-18 21:07:26,77956.27,MRT002,POS Terminal Lekki,POS,POS,Port Harcourt,Port Harcourt,0,
TXN0005361,ACC00103,2024-09-07 10:01:44,33728.08,MRT009,Bolt Ride Hailing,Transport,USSD,Lagos,Lagos,0,
TXN0001530,ACC00029,2024-04-11 11:03:02,72995.32,MRT004,Netflix Subscription,Streaming,USSD,Port Harcourt,Port Harcourt,0,
TXN0004707,ACC00090,2024-04-21 20:39:31,75553.66,MRT003,MTN Airtime Top-up,Telecom,POS,Abuja,Abuja,0,
TXN0000919,ACC00018,2024-09-14 14:55:01,49634.79,MRT003,MTN Airtime Top-up,Telecom,ATM,Abuja,Abuja,0,
TXN0001895,ACC00035,2024-12-27 14:09:04,261919.59,MRT013,Wire Transfer INT,Wire Transfer,Web,Nairobi,Port Harcourt,1,Geographic anomaly: transaction far from home city
TXN0003004,ACC00057,2024-07-23 14:32:37,48169.41,MRT005,Jumia Online Store,E-commerce,USSD,Lagos,Lagos,0,
TXN0004895,ACC00094,2024-11-17 21:04:30,126396.76,MRT003,MTN Airtime Top-up,Telecom,ATM,Abuja,Abuja,0,
TXN0003830,ACC00072,2024-03-18 11:40:24,28243.43,MRT002,POS Terminal Lekki,POS,Mobile App,Abuja,Abuja,0,
TXN0005508,ACC00106,2024-12-08 04:15:40,100000,MRT014,FX Bureau Lagos,FX,Mobile App,Ibadan,Ibadan,1,Suspicious round amount: possible structuring
TXN0003040,ACC00058,2024-11-30 05:05:46,87193.66,MRT008,ATM Withdrawal UBA,ATM,Mobile App,Lagos,Lagos,0,
TXN0003769,ACC00070,2024-12-09 04:46:07,1014161.26,MRT014,FX Bureau Lagos,FX,Mobile App,Port Harcourt,Port Harcourt,1,Large transaction at unusual hour (1am–4am)
TXN0001639,ACC00032,2024-01-14 01:21:58,79902.7,MRT007,EKEDC Electricity,Utilities,ATM,Port Harcourt,Port Harcourt,0,
TXN0001295,ACC00025,2024-08-09 00:04:10,110272.76,MRT004,Netflix Subscription,Streaming,POS,Port Harcourt,Port Harcourt,0,
TXN0005209,ACC00100,2024-12-24 15:55:11,50445.41,MRT008,ATM Withdrawal UBA,ATM,USSD,Abuja,Abuja,0,
TXN0002149,ACC00040,2024-01-21 06:34:06,127564.43,MRT005,Jumia Online Store,E-commerce,ATM,Abuja,Abuja,0,
TXN0005399,ACC00104,2024-08-09 23:27:08,112908.72,MRT004,Netflix Subscription,Streaming,ATM,Kano,Kano,0,
TXN0000191,ACC00004,2024-03-23 14:52:09,98682.08,MRT003,MTN Airtime Top-up,Telecom,Web,Ibadan,Ibadan,0,
TXN0001109,ACC00021,2024-09-10 01:07:40,38418.09,MRT010,Konga Electronics,E-commerce,USSD,Ibadan,Ibadan,0,
TXN0002989,ACC00057,2024-05-30 08:15:52,104468.36,MRT007,EKEDC Electricity,Utilities,ATM,Lagos,Lagos,0,
TXN0001173,ACC00023,2024-03-09 14:05:56,75189.88,MRT007,EKEDC Electricity,Utilities,USSD,Abuja,Abuja,0,
TXN0000237,ACC00005,2024-08-13 09:03:43,143157.61,MRT009,Bolt Ride Hailing,Transport,Mobile App,Kano,Kano,0,
TXN0001944,ACC00036,2024-06-15 02:44:57,85496.09,MRT005,Jumia Online Store,E-commerce,USSD,Ibadan,Ibadan,0,
TXN0006005,ACC00114,2024-07-10 11:37:48,82231.95,MRT004,Netflix Subscription,Streaming,Mobile App,Lagos,Lagos,0,
TXN0001351,ACC00026,2024-12-22 04:06:16,47965.68,MRT003,MTN Airtime Top-up,Telecom,USSD,Ibadan,Ibadan,0,
TXN0005558,ACC00107,2024-02-15 10:45:28,48725.76,MRT002,POS Terminal Lekki,POS,ATM,Ibadan,Ibadan,0,
TXN0005797,ACC00110,2024-04-05 13:48:43,143499.56,MRT007,EKEDC Electricity,Utilities,USSD,Lagos,Lagos,0,
TXN0000359,ACC00007,2024-08-06 02:58:07,48207.83,MRT002,POS Terminal Lekki,POS,ATM,Port Harcourt,Port Harcourt,0,
TXN0004806,ACC00092,2024-10-04 22:33:32,89632.31,MRT010,Konga Electronics,E-commerce,Web,Ibadan,Ibadan,0,
TXN0001773,ACC00034,2024-03-18 18:35:27,126682.41,MRT010,Konga Electronics,E-commerce,ATM,Abuja,Abuja,0,
TXN0005751,ACC00110,2024-10-15 02:59:01,126466.76,MRT002,POS Terminal Lekki,POS,Mobile App,Lagos,Lagos,0,
TXN0000989,ACC00019,2024-10-20 06:06:50,82218.96,MRT010,Konga Electronics,E-commerce,USSD,Kano,Kano,0,
TXN0004815,ACC00092,2024-08-26 13:14:08,72156.92,MRT003,MTN Airtime Top-up,Telecom,USSD,Ibadan,Ibadan,0,
TXN0004465,ACC00085,2024-05-12 00:23:02,102635.92,MRT009,Bolt Ride Hailing,Transport,POS,Lagos,Lagos,0,
TXN0005111,ACC00098,2024-06-11 23:45:01,58728.17,MRT002,POS Terminal Lekki,POS,USSD,Ibadan,Ibadan,0,
TXN0000066,ACC00002,2024-04-15 17:31:06,81227.24,MRT009,Bolt Ride Hailing,Transport,ATM,Lagos,Lagos,0,
TXN0002179,ACC00041,2024-01-18 01:13:21,30268.87,MRT001,Shoprite Ikeja,Grocery,POS,Ibadan,Ibadan,0,
TXN0003514,ACC00067,2024-10-14 15:17:01,54079.36,MRT010,Konga Electronics,E-commerce,POS,Lagos,Lagos,0,
TXN0000719,ACC00014,2024-05-03 12:30:46,41157.4,MRT008,ATM Withdrawal UBA,ATM,Mobile App,Lagos,Lagos,0,
TXN0004350,ACC00082,2024-09-07 13:53:22,57994.96,MRT008,ATM Withdrawal UBA,ATM,USSD,Abuja,Abuja,0,
TXN0001059,ACC00021,2024-01-05 02:43:17,127273.29,MRT004,Netflix Subscription,Streaming,USSD,Ibadan,Ibadan,0,
TXN0000361,ACC00007,2024-02-07 14:21:00,43886.69,MRT001,Shoprite Ikeja,Grocery,ATM,Port Harcourt,Port Harcourt,0,
TXN0003039,ACC00058,2024-02-14 10:43:09,28046.2,MRT001,Shoprite Ikeja,Grocery,USSD,Lagos,Lagos,0,
TXN0000069,ACC00002,2024-02-05 11:13:41,144305.71,MRT004,Netflix Subscription,Streaming,USSD,Lagos,Lagos,0,
TXN0003556,ACC00067,2024-01-05 13:10:06,72376.07,MRT010,Konga Electronics,E-commerce,POS,Lagos,Lagos,0,
TXN0001956,ACC00036,2024-09-11 16:30:29,69294.37,MRT008,ATM Withdrawal UBA,ATM,ATM,Ibadan,Ibadan,0,
TXN0003243,ACC00061,2024-02-27 06:55:46,13053.32,MRT005,Jumia Online Store,E-commerce,ATM,Kano,Kano,0,
TXN0006141,ACC00118,2024-06-23 23:40:53,132588.94,MRT008,ATM Withdrawal UBA,ATM,Mobile App,Port Harcourt,Port Harcourt,0,
TXN0000341,ACC00007,2024-10-25 04:14:36,65176.43,MRT003,MTN Airtime Top-up,Telecom,Mobile App,Port Harcourt,Port Harcourt,0,
TXN0001938,ACC00036,2024-09-01 22:25:19,14395.65,MRT007,EKEDC Electricity,Utilities,USSD,Ibadan,Ibadan,0,
TXN0003223,ACC00060,2024-10-09 22:01:58,32460.1,MRT007,EKEDC Electricity,Utilities,USSD,Port Harcourt,Port Harcourt,0,
TXN0005458,ACC00105,2024-02-21 05:30:21,6075.21,MRT003,MTN Airtime Top-up,Telecom,Mobile App,Kano,Kano,0,
TXN0002709,ACC00052,2024-09-27 13:37:20,53526.51,MRT007,EKEDC Electricity,Utilities,USSD,Port Harcourt,Port Harcourt,0,
TXN0000397,ACC00008,2024-07-31 03:38:07,101542.35,MRT006,Chicken Republic VI,Food & Dining,POS,Ibadan,Ibadan,0,
TXN0003288,ACC00061,2024-03-12 16:32:15,128735.45,MRT004,Netflix Subscription,Streaming,ATM,Kano,Kano,0,
TXN0004235,ACC00081,2024-04-07 07:45:53,14435.84,MRT007,EKEDC Electricity,Utilities,POS,Abuja,Abuja,0,
TXN0003181,ACC00060,2024-03-03 22:49:02,112348.24,MRT009,Bolt Ride Hailing,Transport,Web,Port Harcourt,Port Harcourt,0,
TXN0001771,ACC00034,2024-06-04 14:05:20,146646.84,MRT010,Konga Electronics,E-commerce,Web,Abuja,Abuja,0,
TXN0005754,ACC00110,2024-11-14 10:58:10,45236.34,MRT003,MTN Airtime Top-up,Telecom,USSD,Lagos,Lagos,0,
TXN0003674,ACC00069,2024-09-29 05:07:41,120834.64,MRT007,EKEDC Electricity,Utilities,ATM,Abuja,Abuja,0,
TXN0004551,ACC00087,2024-09-06 07:16:36,26500.24,MRT008,ATM Withdrawal UBA,ATM,Web,Kano,Kano,0,
TXN0003983,ACC00075,2024-10-14 06:36:31,102759.6,MRT004,Netflix Subscription,Streaming,POS,Kano,Kano,0,
TXN0005743,ACC00110,2024-07-28 19:59:06,61735.01,MRT010,Konga Electronics,E-commerce,USSD,Lagos,Lagos,0,
TXN0001063,ACC00021,2024-12-30 17:44:52,6542.76,MRT006,Chicken Republic VI,Food & Dining,ATM,Ibadan,Ibadan,0,
TXN0000135,ACC00003,2024-05-06 21:14:34,26758.19,MRT007,EKEDC Electricity,Utilities,Web,Kano,Kano,0,
TXN0002468,ACC00046,2024-10-29 04:08:48,22376.28,MRT005,Jumia Online Store,E-commerce,Web,Abuja,Abuja,0,
TXN0004380,ACC00083,2024-11-13 07:36:05,119460.48,MRT004,Netflix Subscription,Streaming,POS,Port Harcourt,Port Harcourt,0,
TXN0005663,ACC00108,2024-08-28 08:08:26,223699.07,MRT011,Unknown Vendor XJ9,Unknown,Web,Ibadan,Kano,1,Unknown or unregistered merchant
TXN0003149,ACC00059,2024-02-09 19:33:44,59991.64,MRT009,Bolt Ride Hailing,Transport,ATM,Lagos,Lagos,0,
TXN0001130,ACC00022,2024-05-17 03:23:18,61114.92,MRT007,EKEDC Electricity,Utilities,Web,Abuja,Abuja,0,
TXN0000112,ACC00003,2024-06-17 12:54:26,114175.27,MRT002,POS Terminal Lekki,POS,Mobile App,Kano,Kano,0,
TXN0005522,ACC00107,2024-06-24 07:04:07,115528.44,MRT010,Konga Electronics,E-commerce,Mobile App,Ibadan,Ibadan,0,
TXN0005225,ACC00101,2024-07-14 09:32:18,32109.68,MRT007,EKEDC Electricity,Utilities,POS,Kano,Kano,0,
TXN0005351,ACC00103,2024-08-22 08:00:00,26558.8,MRT010,Konga Electronics,E-commerce,POS,Lagos,Lagos,0,
TXN0003080,ACC00058,2024-04-03 18:20:11,18294.93,MRT005,Jumia Online Store,E-commerce,POS,Lagos,Lagos,0,
TXN0004721,ACC00090,2024-10-06 08:55:42,96650.27,MRT005,Jumia Online Store,E-commerce,Web,Abuja,Abuja,0,
TXN0002677,ACC00051,2024-01-27 11:18:51,86688.49,MRT005,Jumia Online Store,E-commerce,POS,Abuja,Abuja,0,
TXN0002034,ACC00038,2024-11-23 23:16:15,35458.77,MRT010,Konga Electronics,E-commerce,POS,Abuja,Abuja,0,
TXN0001473,ACC00029,2024-11-03 17:59:30,80145.46,MRT005,Jumia Online Store,E-commerce,ATM,Port Harcourt,Port Harcourt,0,
TXN0003338,ACC00063,2024-07-18 15:11:45,128209.43,MRT009,Bolt Ride Hailing,Transport,Web,Lagos,Lagos,0,
TXN0001084,ACC00021,2024-07-19 15:26:24,90103.95,MRT007,EKEDC Electricity,Utilities,USSD,Ibadan,Ibadan,0,
TXN0005633,ACC00108,2024-08-25 12:51:23,86424.55,MRT006,Chicken Republic VI,Food & Dining,Mobile App,Kano,Kano,0,
TXN0003175,ACC00060,2024-08-20 12:34:08,130778.47,MRT007,EKEDC Electricity,Utilities,POS,Port Harcourt,Port Harcourt,0,
TXN0003981,ACC00075,2024-01-17 07:16:02,16020.39,MRT009,Bolt Ride Hailing,Transport,Mobile App,Kano,Kano,0,
TXN0003451,ACC00066,2024-08-09 18:11:03,48902.93,MRT003,MTN Airtime Top-up,Telecom,Web,Lagos,Lagos,0,
TXN0002231,ACC00042,2024-05-08 06:09:28,94660.98,MRT010,Konga Electronics,E-commerce,USSD,Abuja,Abuja,0,
TXN0004724,ACC00090,2024-03-22 05:25:36,79111.24,MRT002,POS Terminal Lekki,POS,Web,Abuja,Abuja,0,
TXN0001998,ACC00037,2024-11-15 20:36:13,6774.43,MRT009,Bolt Ride Hailing,Transport,Mobile App,Port Harcourt,Port Harcourt,0,
TXN0005811,ACC00110,2024-03-21 23:38:46,20580.98,MRT007,EKEDC Electricity,Utilities,USSD,Lagos,Lagos,0,
TXN0004689,ACC00089,2024-05-22 04:23:37,132971.78,MRT010,Konga Electronics,E-commerce,ATM,Ibadan,Ibadan,0,
TXN0005060,ACC00097,2024-04-17 07:53:43,117564.24,MRT007,EKEDC Electricity,Utilities,USSD,Kano,Kano,0,
TXN0005376,ACC00104,2024-01-26 21:24:03,79970.11,MRT002,POS Terminal Lekki,POS,POS,Kano,Kano,0,
TXN0003199,ACC00060,2024-09-01 05:02:36,139217.99,MRT001,Shoprite Ikeja,Grocery,POS,Port Harcourt,Port Harcourt,0,
TXN0002370,ACC00044,2024-06-26 10:47:46,108920.42,MRT007,EKEDC Electricity,Utilities,Web,Kano,Kano,0,
TXN0005916,ACC00112,2024-12-02 09:45:17,54212.3,MRT001,Shoprite Ikeja,Grocery,POS,Abuja,Abuja,0,
TXN0003636,ACC00068,2024-11-26 23:09:42,22291.93,MRT005,Jumia Online Store,E-commerce,POS,Abuja,Abuja,0,
TXN0000655,ACC00012,2024-02-23 06:08:15,116132.34,MRT007,EKEDC Electricity,Utilities,Web,Kano,Kano,0,
TXN0001612,ACC00031,2024-04-17 08:28:57,29460.99,MRT001,Shoprite Ikeja,Grocery,Web,Ibadan,Ibadan,0,
TXN0001128,ACC00022,2024-03-06 19:41:42,54281.13,MRT001,Shoprite Ikeja,Grocery,Mobile App,Abuja,Abuja,0,
TXN0004357,ACC00082,2024-11-06 07:10:11,138313.21,MRT009,Bolt Ride Hailing,Transport,ATM,Abuja,Abuja,0,
TXN0000465,ACC00009,2024-04-05 01:05:15,60638.67,MRT001,Shoprite Ikeja,Grocery,Web,Lagos,Lagos,0,
TXN0005483,ACC00106,2024-09-08 03:03:28,66004.05,MRT008,ATM Withdrawal UBA,ATM,POS,Ibadan,Ibadan,0,
TXN0002428,ACC00045,2024-07-08 18:19:24,103353.62,MRT005,Jumia Online Store,E-commerce,Web,Lagos,Lagos,0,
TXN0006174,ACC00119,2024-08-15 02:33:33,26416.23,MRT004,Netflix Subscription,Streaming,Web,Kano,Kano,0,
TXN0006090,ACC00116,2024-10-27 06:24:42,70550.29,MRT008,ATM Withdrawal UBA,ATM,Mobile App,Ibadan,Ibadan,0,
TXN0002234,ACC00042,2024-07-26 13:48:47,28656.63,MRT007,EKEDC Electricity,Utilities,Mobile App,Abuja,Abuja,0,
TXN0003911,ACC00073,2024-05-18 16:14:11,12633.23,MRT006,Chicken Republic VI,Food & Dining,POS,Lagos,Lagos,0,
TXN0005854,ACC00111,2024-03-07 22:48:13,15401.98,MRT007,EKEDC Electricity,Utilities,USSD,Ibadan,Ibadan,0,
TXN0000058,ACC00002,2024-06-23 22:59:55,70751.92,MRT010,Konga Electronics,E-commerce,Mobile App,Lagos,Lagos,0,
TXN0005403,ACC00104,2024-06-14 13:59:09,134032.86,MRT008,ATM Withdrawal UBA,ATM,Web,Kano,Kano,0,
TXN0005829,ACC00111,2024-06-21 02:48:23,144289.19,MRT006,Chicken Republic VI,Food & Dining,Web,Ibadan,Ibadan,0,
TXN0001851,ACC00035,2024-05-02 21:54:00,63855.31,MRT009,Bolt Ride Hailing,Transport,Web,Port Harcourt,Port Harcourt,0,
TXN0002569,ACC00049,2024-12-26 02:34:38,40930.01,MRT003,MTN Airtime Top-up,Telecom,Mobile App,Lagos,Lagos,0,
TXN0000149,ACC00003,2024-02-24 06:48:58,141966.1,MRT001,Shoprite Ikeja,Grocery,POS,Kano,Kano,0,
TXN0005571,ACC00107,2024-02-06 15:30:36,117425.59,MRT003,MTN Airtime Top-up,Telecom,POS,Ibadan,Ibadan,0,
TXN0001302,ACC00026,2024-01-22 00:30:32,78895.31,MRT005,Jumia Online Store,E-commerce,POS,Ibadan,Ibadan,0,
TXN0003726,ACC00070,2024-03-20 13:35:07,61675.91,MRT005,Jumia Online Store,E-commerce,Mobile App,Port Harcourt,Port Harcourt,0,
TXN0005750,ACC00110,2024-05-15 08:31:48,19399.55,MRT009,Bolt Ride Hailing,Transport,USSD,Lagos,Lagos,0,
TXN0000265,ACC00005,2024-05-22 20:31:34,147673.75,MRT010,Konga Electronics,E-commerce,ATM,Kano,Kano,0,
TXN0005671,ACC00109,2024-05-30 10:51:13,15015.16,MRT005,Jumia Online Store,E-commerce,POS,Port Harcourt,Port Harcourt,0,
TXN0004867,ACC00093,2024-06-28 21:46:55,66133.09,MRT010,Konga Electronics,E-commerce,Mobile App,Ibadan,Ibadan,0,
TXN0000913,ACC00018,2024-02-27 22:07:38,117039.17,MRT002,POS Terminal Lekki,POS,Mobile App,Abuja,Abuja,0,
TXN0000978,ACC00019,2024-05-27 21:58:07,8433.22,MRT003,MTN Airtime Top-up,Telecom,Mobile App,Kano,Kano,0,
TXN0001528,ACC00029,2024-08-22 12:01:28,136564.66,MRT003,MTN Airtime Top-up,Telecom,Web,Port Harcourt,Port Harcourt,0,
TXN0001975,ACC00036,2024-08-11 20:28:07,83211.72,MRT006,Chicken Republic VI,Food & Dining,POS,Ibadan,Ibadan,0,
TXN0005318,ACC00102,2024-01-12 15:30:19,97019.68,MRT009,Bolt Ride Hailing,Transport,Mobile App,Kano,Kano,0,
TXN0001336,ACC00026,2024-12-25 18:12:27,6442.98,MRT001,Shoprite Ikeja,Grocery,USSD,Ibadan,Ibadan,0,
TXN0002810,ACC00054,2024-02-09 21:38:23,33990.15,MRT001,Shoprite Ikeja,Grocery,Mobile App,Ibadan,Ibadan,0,
TXN0000386,ACC00007,2024-05-08 15:22:36,146994.76,MRT002,POS Terminal Lekki,POS,USSD,Port Harcourt,Port Harcourt,0,
TXN0004595,ACC00088,2024-06-29 07:10:14,31135.1,MRT001,Shoprite Ikeja,Grocery,Web,Abuja,Abuja,0,
TXN0002774,ACC00053,2024-03-26 08:19:19,109297.71,MRT002,POS Terminal Lekki,POS,Web,Kano,Kano,0,
TXN0004535,ACC00087,2024-10-20 16:28:09,106071.16,MRT010,Konga Electronics,E-commerce,USSD,Kano,Kano,0,
TXN0002259,ACC00042,2024-12-18 22:02:16,61986.08,MRT008,ATM Withdrawal UBA,ATM,USSD,Abuja,Abuja,0,
TXN0004401,ACC00083,2024-07-25 22:30:04,32730.34,MRT010,Konga Electronics,E-commerce,ATM,Port Harcourt,Port Harcourt,0,
TXN0006224,ACC00120,2024-12-04 21:17:14,141442.03,MRT010,Konga Electronics,E-commerce,Web,Ibadan,Ibadan,0,
TXN0000789,ACC00016,2024-08-23 20:36:37,23987.01,MRT007,EKEDC Electricity,Utilities,Mobile App,Ibadan,Ibadan,0,
TXN0000822,ACC00017,2024-07-27 00:27:57,131745.09,MRT006,Chicken Republic VI,Food & Dining,POS,Abuja,Abuja,0,
TXN0003102,ACC00059,2024-01-03 14:07:23,124959.42,MRT008,ATM Withdrawal UBA,ATM,Mobile App,Lagos,Lagos,0,
TXN0003194,ACC00060,2024-07-01 17:19:00,148999.89,MRT002,POS Terminal Lekki,POS,Mobile App,Port Harcourt,Port Harcourt,0,
TXN0001190,ACC00024,2024-10-30 07:12:20,112310.38,MRT006,Chicken Republic VI,Food & Dining,USSD,Lagos,Lagos,0,
TXN0001636,ACC00032,2024-12-12 08:23:21,141964.73,MRT010,Konga Electronics,E-commerce,USSD,Port Harcourt,Port Harcourt,0,
TXN0000753,ACC00015,2024-10-23 17:27:34,86565.97,MRT004,Netflix Subscription,Streaming,ATM,Abuja,Abuja,0,
TXN0000647,ACC00012,2024-10-08 22:42:07,64670.03,MRT004,Netflix Subscription,Streaming,Mobile App,Kano,Kano,0,
TXN0005706,ACC00109,2024-02-09 09:08:45,17790.6,MRT007,EKEDC Electricity,Utilities,USSD,Port Harcourt,Port Harcourt,0,
TXN0002312,ACC00043,2024-01-21 05:40:16,140772.04,MRT003,MTN Airtime Top-up,Telecom,Web,Abuja,Abuja,0,
TXN0005155,ACC00100,2024-03-06 07:38:42,61215.37,MRT001,Shoprite Ikeja,Grocery,USSD,Abuja,Abuja,0,
TXN0004431,ACC00084,2024-07-09 17:44:56,136582.91,MRT009,Bolt Ride Hailing,Transport,Mobile App,Ibadan,Ibadan,0,
TXN0000760,ACC00015,2024-01-08 17:44:32,71959.35,MRT009,Bolt Ride Hailing,Transport,POS,Abuja,Abuja,0,
TXN0005040,ACC00097,2024-10-02 22:05:04,26666.92,MRT005,Jumia Online Store,E-commerce,Web,Kano,Kano,0,
TXN0004911,ACC00094,2024-11-20 07:34:16,56759.03,MRT010,Konga Electronics,E-commerce,USSD,Abuja,Abuja,0,
TXN0000963,ACC00019,2024-09-25 16:12:30,26460.72,MRT010,Konga Electronics,E-commerce,Web,Kano,Kano,0,
TXN0000337,ACC00007,2024-07-23 03:50:19,115490.1,MRT007,EKEDC Electricity,Utilities,USSD,Port Harcourt,Port Harcourt,0,
TXN0001378,ACC00027,2024-02-13 22:50:08,116920.31,MRT003,MTN Airtime Top-up,Telecom,USSD,Kano,Kano,0,
TXN0005740,ACC00109,2024-08-19 07:11:00,108682.46,MRT011,Unknown Vendor XJ9,Unknown,Web,Kano,Port Harcourt,1,Unknown or unregistered merchant
TXN0005541,ACC00107,2024-04-22 14:02:01,45655.27,MRT005,Jumia Online Store,E-commerce,Mobile App,Ibadan,Ibadan,0,
TXN0003957,ACC00074,2024-01-12 14:40:14,74864.8,MRT001,Shoprite Ikeja,Grocery,ATM,Ibadan,Ibadan,0,
TXN0004575,ACC00087,2024-01-19 14:36:39,56591.12,MRT002,POS Terminal Lekki,POS,Mobile App,Kano,Kano,0,
TXN0004958,ACC00095,2024-11-09 14:28:54,31467.66,MRT007,EKEDC Electricity,Utilities,POS,Port Harcourt,Port Harcourt,0,
TXN0004142,ACC00079,2024-08-01 17:18:52,109072.12,MRT009,Bolt Ride Hailing,Transport,USSD,Kano,Kano,0,
TXN0005847,ACC00111,2024-02-26 00:01:34,81825.93,MRT005,Jumia Online Store,E-commerce,ATM,Ibadan,Ibadan,0,
TXN0003993,ACC00076,2024-03-21 10:11:40,124234.66,MRT003,MTN Airtime Top-up,Telecom,Mobile App,Port Harcourt,Port Harcourt,0,
TXN0003539,ACC00067,2024-11-28 11:48:25,66342.17,MRT009,Bolt Ride Hailing,Transport,USSD,Lagos,Lagos,0,
TXN0000438,ACC00009,2024-12-20 11:53:01,113723.9,MRT008,ATM Withdrawal UBA,ATM,Web,Lagos,Lagos,0,
TXN0004156,ACC00079,2024-01-20 22:34:54,142184.95,MRT004,Netflix Subscription,Streaming,Mobile App,Kano,Kano,0,
TXN0004122,ACC00079,2024-06-24 23:12:21,44326.35,MRT003,MTN Airtime Top-up,Telecom,ATM,Kano,Kano,0,
TXN0000170,ACC00003,2024-06-23 02:13:40,77229.07,MRT006,Chicken Republic VI,Food & Dining,Mobile App,Kano,Kano,0,
TXN0002160,ACC00040,2024-01-24 11:49:07,47094.2,MRT003,MTN Airtime Top-up,Telecom,ATM,Abuja,Abuja,0,
TXN0002458,ACC00046,2024-06-04 08:49:25,12946.48,MRT008,ATM Withdrawal UBA,ATM,POS,Abuja,Abuja,0,
TXN0003838,ACC00072,2024-04-12 05:46:33,131787.41,MRT003,MTN Airtime Top-up,Telecom,USSD,Abuja,Abuja,0,
TXN0004956,ACC00095,2024-07-03 06:28:54,63661.08,MRT002,POS Terminal Lekki,POS,Mobile App,Port Harcourt,Port Harcourt,0,
TXN0005426,ACC00105,2024-08-16 16:36:13,146270.2,MRT007,EKEDC Electricity,Utilities,USSD,Kano,Kano,0,
TXN0000455,ACC00009,2024-05-25 21:16:12,102568.19,MRT002,POS Terminal Lekki,POS,USSD,Lagos,Lagos,0,
TXN0005591,ACC00108,2024-02-04 23:18:16,129473.78,MRT008,ATM Withdrawal UBA,ATM,ATM,Kano,Kano,0,
TXN0001083,ACC00021,2024-02-27 00:52:55,25368.03,MRT001,Shoprite Ikeja,Grocery,Web,Ibadan,Ibadan,0,
TXN0003421,ACC00065,2024-05-21 04:37:40,60074.44,MRT001,Shoprite Ikeja,Grocery,Mobile App,Port Harcourt,Port Harcourt,0,
TXN0002807,ACC00054,2024-10-27 19:55:13,74325.88,MRT006,Chicken Republic VI,Food & Dining,Mobile App,Ibadan,Ibadan,0,
TXN0001940,ACC00036,2024-12-27 10:27:03,79328.17,MRT008,ATM Withdrawal UBA,ATM,USSD,Ibadan,Ibadan,0,
TXN0001669,ACC00032,2024-08-31 14:38:16,44328.83,MRT001,Shoprite Ikeja,Grocery,USSD,Port Harcourt,Port Harcourt,0,
TXN0001693,ACC00032,2024-02-24 03:31:09,17972.98,MRT009,Bolt Ride Hailing,Transport,Mobile App,Port Harcourt,Port Harcourt,0,
TXN0004918,ACC00095,2024-11-02 13:13:14,40254.77,MRT004,Netflix Subscription,Streaming,ATM,Port Harcourt,Port Harcourt,0,
TXN0003583,ACC00068,2024-01-23 23:59:28,21475.34,MRT007,EKEDC Electricity,Utilities,ATM,Abuja,Abuja,0,
TXN0002315,ACC00043,2024-04-30 23:02:43,108390.23,MRT003,MTN Airtime Top-up,Telecom,Web,Abuja,Abuja,0,
TXN0003131,ACC00059,2024-11-22 06:29:37,90358.29,MRT008,ATM Withdrawal UBA,ATM,Web,Lagos,Lagos,0,
TXN0000742,ACC00015,2024-07-12 18:00:24,132475.4,MRT007,EKEDC Electricity,Utilities,ATM,Abuja,Abuja,0,
TXN0002769,ACC00053,2024-08-21 00:20:19,1249.68,MRT009,Bolt Ride Hailing,Transport,USSD,Kano,Kano,0,
TXN0004982,ACC00096,2024-09-26 12:04:45,46937.13,MRT008,ATM Withdrawal UBA,ATM,Web,Port Harcourt,Port Harcourt,0,
TXN0001290,ACC00025,2024-12-22 22:44:43,76935.09,MRT009,Bolt Ride Hailing,Transport,USSD,Port Harcourt,Port Harcourt,0,
TXN0002636,ACC00050,2024-02-28 03:27:56,70729.83,MRT003,MTN Airtime Top-up,Telecom,Web,Kano,Kano,0,
TXN0003210,ACC00060,2024-12-27 00:00:25,22400.5,MRT010,Konga Electronics,E-commerce,Web,Port Harcourt,Port Harcourt,0,
TXN0001242,ACC00024,2024-05-24 05:41:11,37683.98,MRT002,POS Terminal Lekki,POS,ATM,Lagos,Lagos,0,
TXN0005605,ACC00108,2024-03-07 09:03:12,115212.3,MRT010,Konga Electronics,E-commerce,Mobile App,Kano,Kano,0,
TXN0004428,ACC00084,2024-09-07 17:29:37,113003.14,MRT005,Jumia Online Store,E-commerce,POS,Ibadan,Ibadan,0,
TXN0004376,ACC00083,2024-08-25 14:08:50,14479.77,MRT002,POS Terminal Lekki,POS,POS,Port Harcourt,Port Harcourt,0,
TXN0003644,ACC00068,2024-11-29 00:46:17,72749.36,MRT010,Konga Electronics,E-commerce,ATM,Abuja,Abuja,0,
TXN0000173,ACC00003,2024-01-24 14:56:01,127171.13,MRT008,ATM Withdrawal UBA,ATM,ATM,Kano,Kano,0,
TXN0005148,ACC00099,2024-08-18 17:06:08,81355.9,MRT001,Shoprite Ikeja,Grocery,POS,Port Harcourt,Port Harcourt,0,
TXN0002284,ACC00042,2024-02-11 19:41:09,48740.6,MRT006,Chicken Republic VI,Food & Dining,Web,Abuja,Abuja,0,
TXN0003272,ACC00061,2024-04-28 22:41:44,70292.76,MRT003,MTN Airtime Top-up,Telecom,Web,Kano,Kano,0,
TXN0004544,ACC00087,2024-08-09 03:57:09,118948.63,MRT010,Konga Electronics,E-commerce,Web,Kano,Kano,0,
TXN0004457,ACC00085,2024-08-09 22:01:27,61442.36,MRT005,Jumia Online Store,E-commerce,Web,Lagos,Lagos,0,
TXN0003046,ACC00058,2024-08-09 12:11:43,124456.11,MRT006,Chicken Republic VI,Food & Dining,ATM,Lagos,Lagos,0,
TXN0004209,ACC00080,2024-02-08 19:48:00,149449.17,MRT001,Shoprite Ikeja,Grocery,Mobile App,Abuja,Abuja,0,
TXN0001955,ACC00036,2024-01-03 06:29:55,17943.4,MRT007,EKEDC Electricity,Utilities,Web,Ibadan,Ibadan,0,
TXN0000327,ACC00006,2024-04-20 21:46:09,30426.66,MRT008,ATM Withdrawal UBA,ATM,Web,Abuja,Abuja,0,
TXN0001314,ACC00026,2024-05-05 14:24:53,13894.4,MRT010,Konga Electronics,E-commerce,ATM,Ibadan,Ibadan,0,
TXN0003225,ACC00060,2024-12-28 09:59:02,29777.49,MRT001,Shoprite Ikeja,Grocery,POS,Port Harcourt,Port Harcourt,0,
TXN0003135,ACC00059,2024-06-14 03:08:40,39474.56,MRT007,EKEDC Electricity,Utilities,Mobile App,Lagos,Lagos,0,
TXN0004822,ACC00092,2024-03-27 03:40:11,5341.26,MRT005,Jumia Online Store,E-commerce,Mobile App,Ibadan,Ibadan,0,
TXN0001713,ACC00033,2024-08-03 02:24:50,6813.82,MRT008,ATM Withdrawal UBA,ATM,POS,Lagos,Lagos,0,
TXN0006019,ACC00114,2024-07-11 21:18:42,15521.78,MRT003,MTN Airtime Top-up,Telecom,USSD,Lagos,Lagos,0,
TXN0006135,ACC00117,2024-05-25 13:21:37,141029.55,MRT003,MTN Airtime Top-up,Telecom,ATM,Kano,Kano,0,
TXN0000668,ACC00013,2024-04-03 15:02:41,95893.31,MRT008,ATM Withdrawal UBA,ATM,Mobile App,Port Harcourt,Port Harcourt,0,
TXN0001460,ACC00028,2024-06-01 04:55:44,105849.3,MRT003,MTN Airtime Top-up,Telecom,USSD,Ibadan,Ibadan,0,
TXN0001226,ACC00024,2024-05-01 00:06:18,149695.54,MRT008,ATM Withdrawal UBA,ATM,ATM,Lagos,Lagos,0,
TXN0004473,ACC00086,2024-09-18 15:07:55,6112.38,MRT006,Chicken Republic VI,Food & Dining,Mobile App,Port Harcourt,Port Harcourt,0,
TXN0004950,ACC00095,2024-09-24 11:02:52,49435.33,MRT002,POS Terminal Lekki,POS,USSD,Port Harcourt,Port Harcourt,0,
TXN0005732,ACC00109,2024-03-14 00:12:28,42242.84,MRT005,Jumia Online Store,E-commerce,ATM,Port Harcourt,Port Harcourt,0,
TXN0000151,ACC00003,2024-02-22 16:28:50,68319.74,MRT007,EKEDC Electricity,Utilities,USSD,Kano,Kano,0,
TXN0002264,ACC00042,2024-05-28 00:37:38,112020.64,MRT006,Chicken Republic VI,Food & Dining,Web,Abuja,Abuja,0,
TXN0004421,ACC00084,2024-10-29 22:34:12,116407.99,MRT001,Shoprite Ikeja,Grocery,Mobile App,Ibadan,Ibadan,0,
TXN0000961,ACC00019,2024-08-02 20:26:35,125903.01,MRT007,EKEDC Electricity,Utilities,ATM,Kano,Kano,0,
TXN0002554,ACC00048,2024-05-14 21:26:20,67548.09,MRT006,Chicken Republic VI,Food & Dining,Mobile App,Kano,Kano,0,
TXN0002613,ACC00050,2024-10-29 01:28:21,48378.27,MRT003,MTN Airtime Top-up,Telecom,ATM,Kano,Kano,0,
TXN0002552,ACC00048,2024-01-18 00:20:56,29160.16,MRT003,MTN Airtime Top-up,Telecom,USSD,Kano,Kano,0,
TXN0000104,ACC00003,2024-02-08 17:22:49,136611.03,MRT009,Bolt Ride Hailing,Transport,Mobile App,Kano,Kano,0,
TXN0002014,ACC00037,2024-12-16 12:00:48,9142.57,MRT010,Konga Electronics,E-commerce,USSD,Port Harcourt,Port Harcourt,0,
TXN0004816,ACC00092,2024-07-11 04:24:08,9516.19,MRT005,Jumia Online Store,E-commerce,USSD,Ibadan,Ibadan,0,
TXN0000093,ACC00002,2024-10-27 01:51:15,51311.35,MRT007,EKEDC Electricity,Utilities,USSD,Lagos,Lagos,0,
TXN0002336,ACC00043,2024-12-25 19:46:50,110481.8,MRT007,EKEDC Electricity,Utilities,Web,Abuja,Abuja,0,
TXN0000415,ACC00008,2024-12-18 14:35:08,98018.66,MRT002,POS Terminal Lekki,POS,Web,Ibadan,Ibadan,0,
TXN0005493,ACC00106,2024-03-24 16:51:00,131733.3,MRT004,Netflix Subscription,Streaming,Web,Ibadan,Ibadan,0,
TXN0003874,ACC00073,2024-05-23 12:37:08,145579.39,MRT010,Konga Electronics,E-commerce,Mobile App,Lagos,Lagos,0,
TXN0004030,ACC00077,2024-02-16 23:54:11,24718.3,MRT001,Shoprite Ikeja,Grocery,USSD,Ibadan,Ibadan,0,
TXN0005298,ACC00102,2024-04-03 04:18:06,55922.46,MRT007,EKEDC Electricity,Utilities,ATM,Kano,Kano,0,
TXN0000385,ACC00007,2024-04-26 10:15:02,122454.45,MRT008,ATM Withdrawal UBA,ATM,POS,Port Harcourt,Port Harcourt,0,
TXN0003264,ACC00061,2024-04-10 06:43:39,70419.39,MRT004,Netflix Subscription,Streaming,Mobile App,Kano,Kano,0,
TXN0000959,ACC00019,2024-06-26 15:09:50,143450.45,MRT010,Konga Electronics,E-commerce,Web,Kano,Kano,0,
TXN0004934,ACC00095,2024-06-15 13:48:10,97717.72,MRT006,Chicken Republic VI,Food & Dining,Web,Port Harcourt,Port Harcourt,0,
TXN0002039,ACC00038,2024-11-17 17:35:54,12751.1,MRT007,EKEDC Electricity,Utilities,Mobile App,Abuja,Abuja,0,
TXN0002997,ACC00057,2024-01-23 00:03:32,66064.1,MRT003,MTN Airtime Top-up,Telecom,POS,Lagos,Lagos,0,
TXN0003215,ACC00060,2024-05-26 12:46:47,106083.57,MRT007,EKEDC Electricity,Utilities,POS,Port Harcourt,Port Harcourt,0,
TXN0005073,ACC00097,2024-04-14 09:59:57,70680.35,MRT010,Konga Electronics,E-commerce,USSD,Kano,Kano,0,
TXN0002223,ACC00042,2024-05-12 07:10:38,47304.69,MRT002,POS Terminal Lekki,POS,Web,Abuja,Abuja,0,
TXN0002135,ACC00039,2024-11-09 16:03:25,148544.56,MRT001,Shoprite Ikeja,Grocery,Web,Ibadan,Ibadan,0,
TXN0003702,ACC00069,2024-02-08 08:41:59,14097.54,MRT009,Bolt Ride Hailing,Transport,POS,Abuja,Abuja,0,
TXN0002630,ACC00050,2024-10-17 02:30:05,18026.75,MRT003,MTN Airtime Top-up,Telecom,Web,Kano,Kano,0,
TXN0000782,ACC00016,2024-11-02 07:29:46,97819.95,MRT010,Konga Electronics,E-commerce,Web,Ibadan,Ibadan,0,
TXN0000648,ACC00012,2024-09-30 06:56:28,662.4,MRT002,POS Terminal Lekki,POS,ATM,Kano,Kano,0,
TXN0004462,ACC00085,2024-03-01 20:17:20,141948.19,MRT006,Chicken Republic VI,Food & Dining,POS,Lagos,Lagos,0,
TXN0002838,ACC00055,2024-06-24 18:55:08,40204.02,MRT006,Chicken Republic VI,Food & Dining,USSD,Lagos,Lagos,0,
TXN0002821,ACC00054,2024-09-13 19:28:24,146464.24,MRT008,ATM Withdrawal UBA,ATM,POS,Ibadan,Ibadan,0,
TXN0000012,ACC00001,2024-08-12 17:43:57,139368.63,MRT001,Shoprite Ikeja,Grocery,USSD,Lagos,Lagos,0,
TXN0004169,ACC00079,2024-10-23 13:38:14,5905.31,MRT009,Bolt Ride Hailing,Transport,USSD,Kano,Kano,0,
TXN0002901,ACC00056,2024-02-07 07:10:44,79222.42,MRT003,MTN Airtime Top-up,Telecom,POS,Abuja,Abuja,0,
TXN0004574,ACC00087,2024-11-12 05:57:15,50558.73,MRT010,Konga Electronics,E-commerce,Mobile App,Kano,Kano,0,
TXN0000602,ACC00011,2024-05-30 20:44:24,89665.66,MRT007,EKEDC Electricity,Utilities,USSD,Abuja,Abuja,0,
TXN0004957,ACC00095,2024-03-29 04:26:18,80903.71,MRT010,Konga Electronics,E-commerce,USSD,Port Harcourt,Port Harcourt,0,
TXN0000304,ACC00006,2024-04-21 02:44:48,129389.71,MRT006,Chicken Republic VI,Food & Dining,Mobile App,Abuja,Abuja,0,
TXN0005704,ACC00109,2024-03-11 06:31:34,100454.71,MRT010,Konga Electronics,E-commerce,Web,Port Harcourt,Port Harcourt,0,
TXN0001578,ACC00031,2024-07-07 22:32:30,132839.52,MRT002,POS Terminal Lekki,POS,ATM,Ibadan,Ibadan,0,
TXN0003142,ACC00059,2024-10-30 02:10:03,136878.17,MRT006,Chicken Republic VI,Food & Dining,USSD,Lagos,Lagos,0,
TXN0002881,ACC00055,2024-06-17 08:08:11,85216.03,MRT008,ATM Withdrawal UBA,ATM,POS,Lagos,Lagos,0,
TXN0002196,ACC00041,2024-01-26 04:39:38,76537.76,MRT003,MTN Airtime Top-up,Telecom,USSD,Ibadan,Ibadan,0,
TXN0000643,ACC00012,2024-06-15 03:22:42,149356.26,MRT004,Netflix Subscription,Streaming,Web,Kano,Kano,0,
TXN0002844,ACC00055,2024-08-18 16:56:22,79669.63,MRT005,Jumia Online Store,E-commerce,ATM,Lagos,Lagos,0,
TXN0004859,ACC00093,2024-08-15 09:51:27,81809.76,MRT004,Netflix Subscription,Streaming,USSD,Ibadan,Ibadan,0,
TXN0004410,ACC00083,2024-01-21 12:25:37,27378.99,MRT009,Bolt Ride Hailing,Transport,Web,Port Harcourt,Port Harcourt,0,
TXN0001364,ACC00026,2024-10-15 07:21:31,113787.6,MRT004,Netflix Subscription,Streaming,Mobile App,Ibadan,Ibadan,0,
TXN0005386,ACC00104,2024-01-18 11:44:14,48103.86,MRT006,Chicken Republic VI,Food & Dining,USSD,Kano,Kano,0,
TXN0001958,ACC00036,2024-08-28 04:49:55,54428.95,MRT010,Konga Electronics,E-commerce,ATM,Ibadan,Ibadan,0,
TXN0003960,ACC00074,2024-10-02 16:45:49,107971.19,MRT005,Jumia Online Store,E-commerce,Web,Ibadan,Ibadan,0,
TXN0000736,ACC00014,2024-12-17 11:56:17,18817.89,MRT006,Chicken Republic VI,Food & Dining,ATM,Lagos,Lagos,0,
TXN0002927,ACC00056,2024-03-12 18:32:02,122873.24,MRT003,MTN Airtime Top-up,Telecom,Web,Abuja,Abuja,0,
TXN0004566,ACC00087,2024-04-07 20:09:46,116694.18,MRT004,Netflix Subscription,Streaming,ATM,Kano,Kano,0,
TXN0000280,ACC00006,2024-06-23 05:16:07,1285.05,MRT010,Konga Electronics,E-commerce,Mobile App,Abuja,Abuja,0,
TXN0005160,ACC00100,2024-05-18 18:41:28,2081.06,MRT001,Shoprite Ikeja,Grocery,ATM,Abuja,Abuja,0,
TXN0003861,ACC00073,2024-03-25 06:31:43,2950.21,MRT002,POS Terminal Lekki,POS,ATM,Lagos,Lagos,0,
TXN0000585,ACC00011,2024-01-18 08:28:34,3876.47,MRT002,POS Terminal Lekki,POS,POS,Abuja,Abuja,0,
TXN0004984,ACC00096,2024-01-11 18:38:18,12320.23,MRT002,POS Terminal Lekki,POS,POS,Port Harcourt,Port Harcourt,0,
TXN0000625,ACC00011,2024-04-22 08:46:52,40467.79,MRT010,Konga Electronics,E-commerce,USSD,Abuja,Abuja,0,
TXN0005552,ACC00107,2024-07-03 03:32:27,119321.17,MRT006,Chicken Republic VI,Food & Dining,Web,Ibadan,Ibadan,0,
TXN0003388,ACC00064,2024-12-02 17:36:36,149332.42,MRT009,Bolt Ride Hailing,Transport,ATM,Lagos,Lagos,0,
TXN0003854,ACC00072,2024-03-29 14:09:16,25997.66,MRT010,Konga Electronics,E-commerce,POS,Abuja,Abuja,0,
TXN0000043,ACC00001,2024-01-06 11:52:20,19424.15,MRT009,Bolt Ride Hailing,Transport,Mobile App,Lagos,Lagos,0,
TXN0000539,ACC00010,2024-04-14 01:40:49,57310.0,MRT003,MTN Airtime Top-up,Telecom,Web,Ibadan,Ibadan,0,
TXN0002583,ACC00050,2024-11-12 17:55:27,28734.56,MRT003,MTN Airtime Top-up,Telecom,ATM,Kano,Kano,0,
TXN0005469,ACC00106,2024-04-11 09:32:55,83106.3,MRT006,Chicken Republic VI,Food & Dining,Web,Ibadan,Ibadan,0,
TXN0001055,ACC00021,2024-12-13 04:33:10,71079.54,MRT009,Bolt Ride Hailing,Transport,Web,Ibadan,Ibadan,0,
TXN0003408,ACC00064,2024-02-26 21:43:21,44203.77,MRT010,Konga Electronics,E-commerce,ATM,Lagos,Lagos,0,
TXN0004379,ACC00083,2024-03-05 20:54:16,138971.12,MRT001,Shoprite Ikeja,Grocery,ATM,Port Harcourt,Port Harcourt,0,
TXN0003637,ACC00068,2024-07-25 22:18:52,59815.13,MRT006,Chicken Republic VI,Food & Dining,ATM,Abuja,Abuja,0,
TXN0000211,ACC00004,2024-01-03 23:38:55,45562.19,MRT004,Netflix Subscription,Streaming,Web,Ibadan,Ibadan,0,
TXN0003533,ACC00067,2024-05-08 18:34:07,133378.66,MRT001,Shoprite Ikeja,Grocery,Mobile App,Lagos,Lagos,0,
TXN0004042,ACC00077,2024-11-29 11:35:49,22343.8,MRT002,POS Terminal Lekki,POS,Web,Ibadan,Ibadan,0,
TXN0002220,ACC00042,2024-10-22 14:31:49,129887.19,MRT003,MTN Airtime Top-up,Telecom,Web,Abuja,Abuja,0,
TXN0000001,ACC00001,2024-02-22 16:48:39,27668.49,MRT008,ATM Withdrawal UBA,ATM,POS,Lagos,Lagos,0,
TXN0006114,ACC00117,2024-01-23 08:15:33,117135.73,MRT006,Chicken Republic VI,Food & Dining,Web,Kano,Kano,0,
TXN0004506,ACC00086,2024-05-11 03:32:33,11973.32,MRT007,EKEDC Electricity,Utilities,POS,Port Harcourt,Port Harcourt,0,
TXN0002348,ACC00044,2024-10-17 18:40:12,139537.52,MRT004,Netflix Subscription,Streaming,ATM,Kano,Kano,0,
TXN0005492,ACC00106,2024-02-22 05:05:26,60490.26,MRT006,Chicken Republic VI,Food & Dining,Mobile App,Ibadan,Ibadan,0,
TXN0002254,ACC00042,2024-06-10 04:34:19,27346.93,MRT004,Netflix Subscription,Streaming,USSD,Abuja,Abuja,0,
TXN0002544,ACC00048,2024-05-08 15:07:01,111323.17,MRT006,Chicken Republic VI,Food & Dining,POS,Kano,Kano,0,
TXN0002408,ACC00044,2024-07-11 05:58:20,105769.0,MRT005,Jumia Online Store,E-commerce,ATM,Kano,Kano,0,
TXN0005761,ACC00110,2024-02-02 05:37:03,109054.86,MRT003,MTN Airtime Top-up,Telecom,Mobile App,Lagos,Lagos,0,
TXN0005746,ACC00110,2024-10-28 13:18:31,44982.35,MRT009,Bolt Ride Hailing,Transport,USSD,Lagos,Lagos,0,
TXN0005911,ACC00112,2024-07-14 19:12:07,18031.62,MRT003,MTN Airtime Top-up,Telecom,USSD,Abuja,Abuja,0,
TXN0000331,ACC00006,2024-11-26 15:16:10,106915.46,MRT003,MTN Airtime Top-up,Telecom,Web,Abuja,Abuja,0,
TXN0003766,ACC00070,2024-10-14 09:21:06,65044.62,MRT001,Shoprite Ikeja,Grocery,POS,Port Harcourt,Port Harcourt,0,
TXN0001721,ACC00033,2024-08-31 21:20:50,146151.68,MRT008,ATM Withdrawal UBA,ATM,Mobile App,Lagos,Lagos,0,
TXN0001585,ACC00031,2024-06-27 00:19:17,22768.57,MRT009,Bolt Ride Hailing,Transport,USSD,Ibadan,Ibadan,0,
TXN0003968,ACC00075,2024-10-09 00:39:41,81344.67,MRT009,Bolt Ride Hailing,Transport,POS,Kano,Kano,0,
TXN0006197,ACC00119,2024-03-19 21:29:25,51613.73,MRT008,ATM Withdrawal UBA,ATM,Mobile App,Kano,Kano,0,
TXN0001625,ACC00032,2024-06-25 16:49:20,58405.88,MRT003,MTN Airtime Top-up,Telecom,Web,Port Harcourt,Port Harcourt,0,
TXN0004840,ACC00093,2024-10-03 18:06:41,50154.82,MRT004,Netflix Subscription,Streaming,Mobile App,Ibadan,Ibadan,0,
TXN0000582,ACC00011,2024-05-15 06:39:30,51788.47,MRT005,Jumia Online Store,E-commerce,Web,Abuja,Abuja,0,
TXN0004896,ACC00094,2024-08-06 19:32:23,45283.57,MRT002,POS Terminal Lekki,POS,ATM,Abuja,Abuja,0,
TXN0004783,ACC00092,2024-06-10 09:31:38,12855.85,MRT008,ATM Withdrawal UBA,ATM,USSD,Ibadan,Ibadan,0,
TXN0005096,ACC00098,2024-01-29 21:54:24,8482.49,MRT008,ATM Withdrawal UBA,ATM,POS,Ibadan,Ibadan,0,
TXN0002733,ACC00052,2024-11-26 18:28:06,32174.73,MRT007,EKEDC Electricity,Utilities,ATM,Port Harcourt,Port Harcourt,0,
TXN0005895,ACC00112,2024-12-08 02:02:40,149008.47,MRT007,EKEDC Electricity,Utilities,POS,Abuja,Abuja,0,
TXN0006262,ACC00120,2024-06-28 19:44:29,30382.84,MRT003,MTN Airtime Top-up,Telecom,ATM,Ibadan,Ibadan,0,
TXN0001470,ACC00028,2024-06-28 03:05:02,42697.48,MRT003,MTN Airtime Top-up,Telecom,POS,Ibadan,Ibadan,0,
TXN0005879,ACC00111,2024-04-23 20:13:23,27958.24,MRT003,MTN Airtime Top-up,Telecom,Web,Ibadan,Ibadan,0,
TXN0004716,ACC00090,2024-08-03 18:03:52,102458.24,MRT003,MTN Airtime Top-up,Telecom,POS,Abuja,Abuja,0,
TXN0000706,ACC00014,2024-10-11 11:03:11,114192.09,MRT009,Bolt Ride Hailing,Transport,Web,Lagos,Lagos,0,
TXN0005801,ACC00110,2024-10-24 08:55:41,61773.96,MRT007,EKEDC Electricity,Utilities,POS,Lagos,Lagos,0,
TXN0001850,ACC00035,2024-07-09 10:28:23,56518.4,MRT009,Bolt Ride Hailing,Transport,Mobile App,Port Harcourt,Port Harcourt,0,
TXN0000509,ACC00010,2024-12-20 11:27:36,99063.01,MRT008,ATM Withdrawal UBA,ATM,Mobile App,Ibadan,Ibadan,0,
TXN0002865,ACC00055,2024-02-08 19:59:50,120681.95,MRT005,Jumia Online Store,E-commerce,POS,Lagos,Lagos,0,
TXN0004066,ACC00077,2024-12-18 07:52:52,85119.23,MRT004,Netflix Subscription,Streaming,POS,Ibadan,Ibadan,0,
TXN0000601,ACC00011,2024-03-12 02:05:54,104168.76,MRT006,Chicken Republic VI,Food & Dining,USSD,Abuja,Abuja,0,
TXN0001390,ACC00027,2024-02-15 15:40:56,144084.86,MRT003,MTN Airtime Top-up,Telecom,Mobile App,Kano,Kano,0,
TXN0006053,ACC00115,2024-11-16 02:28:42,58910.11,MRT002,POS Terminal Lekki,POS,Mobile App,Port Harcourt,Port Harcourt,0,
TXN0001610,ACC00031,2024-08-28 08:45:40,129478.29,MRT006,Chicken Republic VI,Food & Dining,USSD,Ibadan,Ibadan,0,
TXN0004063,ACC00077,2024-07-19 18:46:00,94889.2,MRT010,Konga Electronics,E-commerce,POS,Ibadan,Ibadan,0,
TXN0004016,ACC00076,2024-11-27 11:42:35,6452.57,MRT003,MTN Airtime Top-up,Telecom,USSD,Port Harcourt,Port Harcourt,0,
TXN0006230,ACC00120,2024-02-22 10:03:52,118386.15,MRT007,EKEDC Electricity,Utilities,Mobile App,Ibadan,Ibadan,0,
TXN0005871,ACC00111,2024-08-07 22:57:58,111615.04,MRT001,Shoprite Ikeja,Grocery,ATM,Ibadan,Ibadan,0,
TXN0000105,ACC00003,2024-10-07 13:39:52,61791.8,MRT003,MTN Airtime Top-up,Telecom,Web,Kano,Kano,0,
TXN0000795,ACC00016,2024-02-04 00:45:19,123672.65,MRT005,Jumia Online Store,E-commerce,USSD,Ibadan,Ibadan,0,
TXN0003316,ACC00062,2024-10-22 00:05:08,130611.99,MRT007,EKEDC Electricity,Utilities,Mobile App,Lagos,Lagos,0,
TXN0002587,ACC00050,2024-01-28 23:32:32,37165.45,MRT007,EKEDC Electricity,Utilities,ATM,Kano,Kano,0,
TXN0005069,ACC00097,2024-12-17 11:05:27,137462.91,MRT007,EKEDC Electricity,Utilities,POS,Kano,Kano,0,
TXN0005819,ACC00111,2024-12-30 11:18:33,76617.55,MRT010,Konga Electronics,E-commerce,POS,Ibadan,Ibadan,0,
TXN0003950,ACC00074,2024-12-14 22:49:45,45656.49,MRT002,POS Terminal Lekki,POS,POS,Ibadan,Ibadan,0,
TXN0001591,ACC00031,2024-11-20 10:02:47,10061.66,MRT010,Konga Electronics,E-commerce,Mobile App,Ibadan,Ibadan,0,
TXN0005380,ACC00104,2024-09-10 16:16:33,48931.85,MRT009,Bolt Ride Hailing,Transport,Mobile App,Kano,Kano,0,
TXN0000595,ACC00011,2024-02-14 06:08:14,100769.86,MRT005,Jumia Online Store,E-commerce,ATM,Abuja,Abuja,0,
TXN0001848,ACC00035,2024-03-09 00:33:21,145503.56,MRT004,Netflix Subscription,Streaming,ATM,Port Harcourt,Port Harcourt,0,
TXN0002605,ACC00050,2024-05-18 18:21:03,92546.67,MRT002,POS Terminal Lekki,POS,Mobile App,Kano,Kano,0,
TXN0001339,ACC00026,2024-08-30 19:34:30,35812.61,MRT005,Jumia Online Store,E-commerce,USSD,Ibadan,Ibadan,0,
TXN0000988,ACC00019,2024-11-18 08:00:24,136767.21,MRT004,Netflix Subscription,Streaming,POS,Kano,Kano,0,
TXN0002111,ACC00039,2024-02-01 12:21:41,81028.07,MRT002,POS Terminal Lekki,POS,ATM,Ibadan,Ibadan,0,
TXN0004021,ACC00076,2024-03-27 18:27:00,129902.06,MRT006,Chicken Republic VI,Food & Dining,USSD,Port Harcourt,Port Harcourt,0,
TXN0002518,ACC00048,2024-11-06 14:51:48,49070.71,MRT003,MTN Airtime Top-up,Telecom,ATM,Kano,Kano,0,
TXN0002031,ACC00038,2024-10-20 19:38:59,67586.16,MRT002,POS Terminal Lekki,POS,USSD,Abuja,Abuja,0,
TXN0002537,ACC00048,2024-02-12 17:47:11,54854.63,MRT005,Jumia Online Store,E-commerce,POS,Kano,Kano,0,
TXN0000056,ACC00002,2024-09-13 11:38:11,23980.04,MRT002,POS Terminal Lekki,POS,Web,Lagos,Lagos,0,
TXN0002379,ACC00044,2024-10-12 03:57:52,44432.51,MRT007,EKEDC Electricity,Utilities,Web,Kano,Kano,0,
TXN0005760,ACC00110,2024-07-22 03:23:13,147315.36,MRT007,EKEDC Electricity,Utilities,Mobile App,Lagos,Lagos,0,
TXN0005339,ACC00102,2024-02-16 13:41:22,4457.23,MRT007,EKEDC Electricity,Utilities,POS,Kano,Kano,0,
TXN0001253,ACC00025,2024-03-03 06:30:32,79905.05,MRT002,POS Terminal Lekki,POS,ATM,Port Harcourt,Port Harcourt,0,
TXN0003935,ACC00074,2024-11-19 11:28:02,133054.5,MRT004,Netflix Subscription,Streaming,POS,Ibadan,Ibadan,0,
TXN0002730,ACC00052,2024-08-27 07:57:46,15999.46,MRT007,EKEDC Electricity,Utilities,USSD,Port Harcourt,Port Harcourt,0,
TXN0004685,ACC00089,2024-11-04 03:30:14,13358.52,MRT001,Shoprite Ikeja,Grocery,POS,Ibadan,Ibadan,0,
TXN0003528,ACC00067,2024-06-11 19:35:31,26608.3,MRT003,MTN Airtime Top-up,Telecom,USSD,Lagos,Lagos,0,
TXN0004311,ACC00082,2024-01-17 12:21:37,121520.34,MRT008,ATM Withdrawal UBA,ATM,ATM,Abuja,Abuja,0,
TXN0000824,ACC00017,2024-01-15 13:12:19,41674.41,MRT003,MTN Airtime Top-up,Telecom,Web,Abuja,Abuja,0,
TXN0003351,ACC00063,2024-06-28 09:39:47,31990.29,MRT008,ATM Withdrawal UBA,ATM,Web,Lagos,Lagos,0,
TXN0003347,ACC00063,2024-04-21 18:46:56,124132.76,MRT010,Konga Electronics,E-commerce,USSD,Lagos,Lagos,0,
TXN0005975,ACC00113,2024-09-11 09:53:45,134128.13,MRT003,MTN Airtime Top-up,Telecom,ATM,Kano,Kano,0,
TXN0003675,ACC00069,2024-09-27 11:03:31,21207.17,MRT008,ATM Withdrawal UBA,ATM,POS,Abuja,Abuja,0,
TXN0000023,ACC00001,2024-10-27 20:10:53,69998.63,MRT008,ATM Withdrawal UBA,ATM,USSD,Lagos,Lagos,0,
TXN0005145,ACC00099,2024-05-19 20:25:55,93171.26,MRT008,ATM Withdrawal UBA,ATM,POS,Port Harcourt,Port Harcourt,0,
TXN0002016,ACC00037,2024-12-05 06:02:32,108371.88,MRT005,Jumia Online Store,E-commerce,POS,Port Harcourt,Port Harcourt,0,
TXN0002986,ACC00057,2024-10-30 12:29:52,3705.77,MRT004,Netflix Subscription,Streaming,Mobile App,Lagos,Lagos,0,
TXN0005398,ACC00104,2024-02-28 03:02:10,11457.1,MRT005,Jumia Online Store,E-commerce,Web,Kano,Kano,0,
TXN0003882,ACC00073,2024-12-11 20:35:36,47362.28,MRT001,Shoprite Ikeja,Grocery,Mobile App,Lagos,Lagos,0,
TXN0000698,ACC00013,2024-06-10 15:47:33,41053.06,MRT006,Chicken Republic VI,Food & Dining,Mobile App,Port Harcourt,Port Harcourt,0,
TXN0000036,ACC00001,2024-06-14 05:58:58,49953.3,MRT009,Bolt Ride Hailing,Transport,ATM,Lagos,Lagos,0,
TXN0001079,ACC00021,2024-09-19 05:35:39,72113.66,MRT008,ATM Withdrawal UBA,ATM,USSD,Ibadan,Ibadan,0,
TXN0004375,ACC00082,2024-12-11 13:33:06,134018.86,MRT008,ATM Withdrawal UBA,ATM,Mobile App,Abuja,Abuja,0,
TXN0003296,ACC00062,2024-08-19 19:52:24,80350.22,MRT007,EKEDC Electricity,Utilities,POS,Lagos,Lagos,0,
TXN0003032,ACC00058,2024-06-28 16:54:10,66266.44,MRT001,Shoprite Ikeja,Grocery,ATM,Lagos,Lagos,0,
TXN0005529,ACC00107,2024-11-05 21:19:07,89940.5,MRT004,Netflix Subscription,Streaming,POS,Ibadan,Ibadan,0,
TXN0000279,ACC00006,2024-09-27 07:51:40,113946.75,MRT003,MTN Airtime Top-up,Telecom,ATM,Abuja,Abuja,0,
TXN0004467,ACC00086,2024-11-03 14:50:56,129531.09,MRT005,Jumia Online Store,E-commerce,USSD,Port Harcourt,Port Harcourt,0,
TXN0004657,ACC00088,2024-05-23 04:21:18,104477.49,MRT001,Shoprite Ikeja,Grocery,Mobile App,Abuja,Abuja,0,
TXN0001025,ACC00020,2024-08-23 13:36:12,42586.86,MRT002,POS Terminal Lekki,POS,ATM,Port Harcourt,Port Harcourt,0,
TXN0003283,ACC00061,2024-09-14 15:23:45,118391.13,MRT006,Chicken Republic VI,Food & Dining,Mobile App,Kano,Kano,0,
TXN0005083,ACC00098,2024-02-03 18:40:12,65026.14,MRT003,MTN Airtime Top-up,Telecom,POS,Ibadan,Ibadan,0,
TXN0004577,ACC00087,2024-01-29 09:55:36,8621.37,MRT006,Chicken Republic VI,Food & Dining,ATM,Kano,Kano,0,
TXN0002139,ACC00039,2024-11-09 19:39:23,89083.35,MRT001,Shoprite Ikeja,Grocery,POS,Ibadan,Ibadan,0,
TXN0005099,ACC00098,2024-05-24 19:11:56,125099.13,MRT008,ATM Withdrawal UBA,ATM,Mobile App,Ibadan,Ibadan,0,
TXN0000839,ACC00017,2024-12-05 21:16:26,125628.01,MRT004,Netflix Subscription,Streaming,Web,Abuja,Abuja,0,
TXN0004986,ACC00096,2024-11-12 15:00:42,80244.63,MRT005,Jumia Online Store,E-commerce,USSD,Port Harcourt,Port Harcourt,0,
TXN0003508,ACC00067,2024-01-10 20:58:04,130196.15,MRT008,ATM Withdrawal UBA,ATM,Web,Lagos,Lagos,0,
TXN0003495,ACC00066,2024-05-11 23:15:22,79393.24,MRT008,ATM Withdrawal UBA,ATM,ATM,Lagos,Lagos,0,
TXN0003969,ACC00075,2024-10-12 12:30:49,61346.75,MRT006,Chicken Republic VI,Food & Dining,USSD,Kano,Kano,0,
TXN0006217,ACC00119,2024-02-06 06:46:39,82015.8,MRT009,Bolt Ride Hailing,Transport,POS,Kano,Kano,0,
TXN0000254,ACC00005,2024-05-20 19:39:18,27449.31,MRT005,Jumia Online Store,E-commerce,Web,Kano,Kano,0,
TXN0001902,ACC00036,2024-10-02 20:03:42,65222.98,MRT009,Bolt Ride Hailing,Transport,POS,Ibadan,Ibadan,0,
TXN0002760,ACC00053,2024-04-19 16:44:46,134243.42,MRT005,Jumia Online Store,E-commerce,Mobile App,Kano,Kano,0,
TXN0001914,ACC00036,2024-03-20 02:56:08,27507.92,MRT005,Jumia Online Store,E-commerce,Web,Ibadan,Ibadan,0,
TXN0005730,ACC00109,2024-11-11 09:57:09,7975.38,MRT009,Bolt Ride Hailing,Transport,USSD,Port Harcourt,Port Harcourt,0,
TXN0004249,ACC00081,2024-12-26 19:21:31,137158.73,MRT008,ATM Withdrawal UBA,ATM,USSD,Abuja,Abuja,0,
TXN0000456,ACC00009,2024-02-21 15:33:17,18235.66,MRT006,Chicken Republic VI,Food & Dining,USSD,Lagos,Lagos,0,
TXN0001240,ACC00024,2024-11-02 11:21:11,1835.01,MRT004,Netflix Subscription,Streaming,Mobile App,Lagos,Lagos,0,
TXN0005720,ACC00109,2024-09-24 08:10:28,36327.07,MRT004,Netflix Subscription,Streaming,USSD,Port Harcourt,Port Harcourt,0,
TXN0005088,ACC00098,2024-05-20 06:41:32,76819.27,MRT006,Chicken Republic VI,Food & Dining,Mobile App,Ibadan,Ibadan,0,
TXN0006039,ACC00115,2024-10-22 07:56:01,107401.3,MRT001,Shoprite Ikeja,Grocery,ATM,Port Harcourt,Port Harcourt,0,
TXN0000094,ACC00002,2024-04-13 18:13:46,42784.43,MRT001,Shoprite Ikeja,Grocery,POS,Lagos,Lagos,0,
TXN0002432,ACC00045,2024-02-15 07:02:54,18746.71,MRT002,POS Terminal Lekki,POS,USSD,Lagos,Lagos,0,
TXN0001110,ACC00021,2024-06-13 11:52:47,55163.79,MRT010,Konga Electronics,E-commerce,POS,Ibadan,Ibadan,0,
TXN0005466,ACC00106,2024-08-14 03:53:52,94386.66,MRT006,Chicken Republic VI,Food & Dining,ATM,Ibadan,Ibadan,0,
TXN0005970,ACC00113,2024-08-08 12:15:49,10762.25,MRT007,EKEDC Electricity,Utilities,Mobile App,Kano,Kano,0,
TXN0002435,ACC00045,2024-11-04 11:49:12,27573.94,MRT010,Konga Electronics,E-commerce,ATM,Lagos,Lagos,0,
TXN0003144,ACC00059,2024-07-26 22:58:01,147789.99,MRT004,Netflix Subscription,Streaming,USSD,Lagos,Lagos,0,
TXN0005500,ACC00106,2024-03-08 09:42:13,96442.36,MRT005,Jumia Online Store,E-commerce,Web,Ibadan,Ibadan,0,
TXN0002681,ACC00051,2024-07-08 14:54:13,54839.08,MRT001,Shoprite Ikeja,Grocery,POS,Abuja,Abuja,0,
TXN0005280,ACC00101,2024-09-18 13:31:55,15661.07,MRT003,MTN Airtime Top-up,Telecom,USSD,Kano,Kano,0,
TXN0003562,ACC00067,2024-10-26 19:38:02,68719.24,MRT009,Bolt Ride Hailing,Transport,Mobile App,Lagos,Lagos,0,
TXN0004425,ACC00084,2024-09-08 11:34:55,9058.51,MRT006,Chicken Republic VI,Food & Dining,USSD,Ibadan,Ibadan,0,
TXN0005021,ACC00097,2024-11-25 05:47:36,132223.94,MRT004,Netflix Subscription,Streaming,Mobile App,Kano,Kano,0,
TXN0004846,ACC00093,2024-06-14 09:45:14,89625.96,MRT007,EKEDC Electricity,Utilities,ATM,Ibadan,Ibadan,0,
TXN0005784,ACC00110,2024-01-24 16:31:44,45250.86,MRT003,MTN Airtime Top-up,Telecom,ATM,Lagos,Lagos,0,
TXN0005787,ACC00110,2024-10-21 04:39:14,21409.21,MRT007,EKEDC Electricity,Utilities,ATM,Lagos,Lagos,0,
TXN0003851,ACC00072,2024-06-24 01:38:20,111457.8,MRT006,Chicken Republic VI,Food & Dining,ATM,Abuja,Abuja,0,
TXN0004453,ACC00085,2024-07-19 06:19:50,57024.14,MRT004,Netflix Subscription,Streaming,Web,Lagos,Lagos,0,
TXN0005775,ACC00110,2024-03-16 19:00:45,101163.52,MRT003,MTN Airtime Top-up,Telecom,Mobile App,Lagos,Lagos,0,
TXN0005678,ACC00109,2024-01-19 11:42:53,41071.81,MRT004,Netflix Subscription,Streaming,POS,Port Harcourt,Port Harcourt,0,
TXN0002633,ACC00050,2024-01-29 15:35:20,125696.86,MRT008,ATM Withdrawal UBA,ATM,Web,Kano,Kano,0,
TXN0004061,ACC00077,2024-08-20 18:16:16,21021.47,MRT010,Konga Electronics,E-commerce,POS,Ibadan,Ibadan,0,
TXN0004710,ACC00090,2024-12-08 17:24:10,6909.8,MRT001,Shoprite Ikeja,Grocery,POS,Abuja,Abuja,0,
TXN0004232,ACC00081,2024-10-31 08:50:39,67717.03,MRT006,Chicken Republic VI,Food & Dining,POS,Abuja,Abuja,0,
TXN0001673,ACC00032,2024-09-07 08:46:43,62047.91,MRT006,Chicken Republic VI,Food & Dining,POS,Port Harcourt,Port Harcourt,0,
TXN0000137,ACC00003,2024-07-25 03:54:09,137066.3,MRT009,Bolt Ride Hailing,Transport,Web,Kano,Kano,0,
TXN0000969,ACC00019,2024-09-28 20:36:21,45187.51,MRT009,Bolt Ride Hailing,Transport,USSD,Kano,Kano,0,
TXN0002462,ACC00046,2024-09-12 06:38:53,90939.23,MRT009,Bolt Ride Hailing,Transport,ATM,Abuja,Abuja,0,
TXN0001784,ACC00034,2024-10-25 02:17:26,119013.35,MRT008,ATM Withdrawal UBA,ATM,Web,Abuja,Abuja,0,
TXN0000580,ACC00011,2024-05-13 23:19:44,72674.28,MRT001,Shoprite Ikeja,Grocery,POS,Abuja,Abuja,0,
TXN0004621,ACC00088,2024-07-10 09:28:19,81917.46,MRT010,Konga Electronics,E-commerce,ATM,Abuja,Abuja,0,
TXN0002329,ACC00043,2024-07-09 20:40:50,138890.82,MRT007,EKEDC Electricity,Utilities,ATM,Abuja,Abuja,0,
TXN0000277,ACC00006,2024-11-21 21:41:23,118811.41,MRT006,Chicken Republic VI,Food & Dining,Web,Abuja,Abuja,0,
TXN0001859,ACC00035,2024-04-25 12:10:56,128982.8,MRT004,Netflix Subscription,Streaming,Web,Port Harcourt,Port Harcourt,0,
TXN0005418,ACC00105,2024-02-24 11:30:31,145241.35,MRT007,EKEDC Electricity,Utilities,ATM,Kano,Kano,0,
TXN0005342,ACC00103,2024-07-10 23:55:43,136310.75,MRT003,MTN Airtime Top-up,Telecom,Web,Lagos,Lagos,0,
TXN0002499,ACC00047,2024-12-20 23:31:06,124843.1,MRT004,Netflix Subscription,Streaming,Mobile App,Abuja,Abuja,0,
TXN0000552,ACC00010,2024-04-17 04:09:03,45312.96,MRT007,EKEDC Electricity,Utilities,Mobile App,Ibadan,Ibadan,0,
TXN0005915,ACC00112,2024-10-15 17:44:19,103104.73,MRT008,ATM Withdrawal UBA,ATM,Web,Abuja,Abuja,0,
TXN0001203,ACC00024,2024-09-27 22:18:59,26966.98,MRT009,Bolt Ride Hailing,Transport,USSD,Lagos,Lagos,0,
TXN0003268,ACC00061,2024-12-16 00:29:27,48694.62,MRT001,Shoprite Ikeja,Grocery,Mobile App,Kano,Kano,0,
TXN0003821,ACC00072,2024-11-30 13:34:03,134424.96,MRT009,Bolt Ride Hailing,Transport,Mobile App,Abuja,Abuja,0,
TXN0005393,ACC00104,2024-07-31 11:32:39,53984.03,MRT008,ATM Withdrawal UBA,ATM,Web,Kano,Kano,0,
TXN0005345,ACC00103,2024-03-09 08:32:04,90339.49,MRT001,Shoprite Ikeja,Grocery,Web,Lagos,Lagos,0,
TXN0000407,ACC00008,2024-12-28 08:24:48,104577.61,MRT009,Bolt Ride Hailing,Transport,Web,Ibadan,Ibadan,0,
TXN0002438,ACC00045,2024-03-12 19:17:53,122023.76,MRT007,EKEDC Electricity,Utilities,Mobile App,Lagos,Lagos,0,
TXN0002373,ACC00044,2024-09-23 11:42:24,77479.64,MRT008,ATM Withdrawal UBA,ATM,Web,Kano,Kano,0,
TXN0000545,ACC00010,2024-05-17 10:43:12,14413.11,MRT009,Bolt Ride Hailing,Transport,USSD,Ibadan,Ibadan,0,
TXN0000037,ACC00001,2024-04-15 05:07:26,38084.85,MRT005,Jumia Online Store,E-commerce,Mobile App,Lagos,Lagos,0,
TXN0000241,ACC00005,2024-10-04 09:54:12,75930.08,MRT002,POS Terminal Lekki,POS,Web,Kano,Kano,0,
TXN0000081,ACC00002,2024-03-13 20:23:45,54586.01,MRT009,Bolt Ride Hailing,Transport,ATM,Lagos,Lagos,0,
TXN0003297,ACC00062,2024-07-08 15:22:22,4520.99,MRT010,Konga Electronics,E-commerce,USSD,Lagos,Lagos,0,
TXN0001033,ACC00020,2024-04-28 07:55:38,112370.34,MRT004,Netflix Subscription,Streaming,POS,Port Harcourt,Port Harcourt,0,
TXN0001268,ACC00025,2024-09-11 16:01:37,139296.36,MRT008,ATM Withdrawal UBA,ATM,Mobile App,Port Harcourt,Port Harcourt,0,
TXN0000694,ACC00013,2024-03-29 16:53:00,883.99,MRT009,Bolt Ride Hailing,Transport,Mobile App,Port Harcourt,Port Harcourt,0,
TXN0004912,ACC00094,2024-04-06 13:37:54,140365.7,MRT005,Jumia Online Store,E-commerce,ATM,Abuja,Abuja,0,
TXN0001554,ACC00030,2024-11-07 22:22:01,134452.24,MRT003,MTN Airtime Top-up,Telecom,Web,Abuja,Abuja,0,
TXN0004325,ACC00082,2024-07-12 06:41:17,146683.47,MRT001,Shoprite Ikeja,Grocery,ATM,Abuja,Abuja,0,
TXN0004941,ACC00095,2024-12-02 10:29:22,69527.9,MRT007,EKEDC Electricity,Utilities,USSD,Port Harcourt,Port Harcourt,0,
TXN0001640,ACC00032,2024-11-10 11:06:17,68139.98,MRT002,POS Terminal Lekki,POS,Web,Port Harcourt,Port Harcourt,0,
TXN0002682,ACC00051,2024-06-04 17:01:27,128621.64,MRT007,EKEDC Electricity,Utilities,Web,Abuja,Abuja,0,
TXN0000784,ACC00016,2024-04-24 12:44:51,48148.18,MRT001,Shoprite Ikeja,Grocery,Mobile App,Ibadan,Ibadan,0,
TXN0005602,ACC00108,2024-12-15 04:38:01,82700.08,MRT004,Netflix Subscription,Streaming,Mobile App,Kano,Kano,0,
TXN0004981,ACC00096,2024-10-22 22:41:44,64513.21,MRT008,ATM Withdrawal UBA,ATM,ATM,Port Harcourt,Port Harcourt,0,
TXN0002061,ACC00038,2024-10-22 19:21:38,100249.5,MRT008,ATM Withdrawal UBA,ATM,Web,Abuja,Abuja,0,
TXN0004287,ACC00081,2024-09-08 22:28:44,62622.29,MRT006,Chicken Republic VI,Food & Dining,Mobile App,Abuja,Abuja,0,
TXN0000401,ACC00008,2024-05-03 03:02:02,52646.07,MRT008,ATM Withdrawal UBA,ATM,POS,Ibadan,Ibadan,0,
TXN0001415,ACC00028,2024-12-09 04:20:32,35291.89,MRT010,Konga Electronics,E-commerce,POS,Ibadan,Ibadan,0,
TXN0004303,ACC00081,2024-08-14 02:45:36,384.98,MRT005,Jumia Online Store,E-commerce,Mobile App,Abuja,Abuja,1,Velocity spike: multiple transactions in short window
TXN0002088,ACC00038,2024-01-12 05:25:39,95214.42,MRT007,EKEDC Electricity,Utilities,Mobile App,Abuja,Abuja,0,
TXN0002024,ACC00038,2024-04-20 06:23:58,14376.53,MRT004,Netflix Subscription,Streaming,USSD,Abuja,Abuja,0,
TXN0000995,ACC00019,2024-05-08 09:04:06,106598.55,MRT008,ATM Withdrawal UBA,ATM,Web,Kano,Kano,0,
TXN0002467,ACC00046,2024-09-05 14:53:12,54741.51,MRT002,POS Terminal Lekki,POS,POS,Abuja,Abuja,0,
TXN0000102,ACC00003,2024-02-19 00:42:01,144820.36,MRT009,Bolt Ride Hailing,Transport,POS,Kano,Kano,0,
TXN0003554,ACC00067,2024-03-11 17:58:13,21871.69,MRT001,Shoprite Ikeja,Grocery,Mobile App,Lagos,Lagos,0,
TXN0003049,ACC00058,2024-05-10 02:17:37,134660.14,MRT007,EKEDC Electricity,Utilities,POS,Lagos,Lagos,0,
TXN0001535,ACC00029,2024-10-08 22:48:07,32023.08,MRT003,MTN Airtime Top-up,Telecom,POS,Port Harcourt,Port Harcourt,0,
TXN0005005,ACC00096,2024-09-10 07:00:36,51111.61,MRT008,ATM Withdrawal UBA,ATM,Web,Port Harcourt,Port Harcourt,0,
TXN0003695,ACC00069,2024-07-12 06:26:38,90723.75,MRT004,Netflix Subscription,Streaming,USSD,Abuja,Abuja,0,
TXN0004059,ACC00077,2024-11-28 04:42:33,76960.27,MRT008,ATM Withdrawal UBA,ATM,ATM,Ibadan,Ibadan,0,
TXN0003802,ACC00072,2024-08-30 08:23:29,101767.29,MRT005,Jumia Online Store,E-commerce,Web,Abuja,Abuja,0,
TXN0004217,ACC00080,2024-01-13 10:34:33,127897.39,MRT007,EKEDC Electricity,Utilities,Web,Abuja,Abuja,0,
TXN0004555,ACC00087,2024-02-23 19:07:42,113673.33,MRT009,Bolt Ride Hailing,Transport,POS,Kano,Kano,0,
TXN0006020,ACC00114,2024-05-29 12:55:52,148124.42,MRT001,Shoprite Ikeja,Grocery,Web,Lagos,Lagos,0,
TXN0003912,ACC00073,2024-10-18 14:26:08,74122.13,MRT002,POS Terminal Lekki,POS,USSD,Lagos,Lagos,0,
TXN0004529,ACC00087,2024-01-21 17:43:38,100220.35,MRT002,POS Terminal Lekki,POS,ATM,Kano,Kano,0,
TXN0002627,ACC00050,2024-05-20 03:26:43,44557.24,MRT003,MTN Airtime Top-up,Telecom,Web,Kano,Kano,0,
TXN0001765,ACC00034,2024-09-23 19:44:16,34268.08,MRT008,ATM Withdrawal UBA,ATM,ATM,Abuja,Abuja,0,
TXN0006082,ACC00116,2024-12-17 18:58:26,136187.3,MRT008,ATM Withdrawal UBA,ATM,POS,Ibadan,Ibadan,0,
TXN0004491,ACC00086,2024-02-13 12:03:07,19622.1,MRT009,Bolt Ride Hailing,Transport,USSD,Port Harcourt,Port Harcourt,0,
TXN0004942,ACC00095,2024-02-26 11:47:14,41089.04,MRT002,POS Terminal Lekki,POS,ATM,Port Harcourt,Port Harcourt,0,
TXN0004817,ACC00092,2024-08-28 13:27:26,66745.63,MRT001,Shoprite Ikeja,Grocery,Mobile App,Ibadan,Ibadan,0,
TXN0001265,ACC00025,2024-09-12 12:16:14,79110.29,MRT008,ATM Withdrawal UBA,ATM,USSD,Port Harcourt,Port Harcourt,0,
TXN0005385,ACC00104,2024-01-25 13:36:11,109709.39,MRT006,Chicken Republic VI,Food & Dining,ATM,Kano,Kano,0,
TXN0004922,ACC00095,2024-06-21 21:19:31,86574.66,MRT010,Konga Electronics,E-commerce,ATM,Port Harcourt,Port Harcourt,0,
TXN0006171,ACC00119,2024-12-17 02:59:37,116606.11,MRT006,Chicken Republic VI,Food & Dining,POS,Kano,Kano,0,
TXN0005000,ACC00096,2024-05-23 02:37:46,142224.21,MRT005,Jumia Online Store,E-commerce,Web,Port Harcourt,Port Harcourt,0,
TXN0003089,ACC00058,2024-10-07 14:29:50,42255.29,MRT010,Konga Electronics,E-commerce,Mobile App,Lagos,Lagos,0,
TXN0002825,ACC00054,2024-09-26 21:32:38,11734.09,MRT002,POS Terminal Lekki,POS,ATM,Ibadan,Ibadan,0,
TXN0001550,ACC00030,2024-03-15 23:37:54,4043.22,MRT001,Shoprite Ikeja,Grocery,Mobile App,Abuja,Abuja,0,
TXN0001450,ACC00028,2024-05-04 14:49:18,29285.57,MRT004,Netflix Subscription,Streaming,POS,Ibadan,Ibadan,0,
TXN0003344,ACC00063,2024-09-12 05:40:01,41577.91,MRT003,MTN Airtime Top-up,Telecom,ATM,Lagos,Lagos,0,
TXN0004780,ACC00092,2024-02-05 21:55:48,30226.5,MRT005,Jumia Online Store,E-commerce,POS,Ibadan,Ibadan,0,
TXN0004663,ACC00088,2024-04-07 13:24:25,140167.51,MRT003,MTN Airtime Top-up,Telecom,ATM,Abuja,Abuja,0,
TXN0003717,ACC00070,2024-12-12 13:21:41,107005.38,MRT004,Netflix Subscription,Streaming,Mobile App,Port Harcourt,Port Harcourt,0,
TXN0000596,ACC00011,2024-07-23 22:39:37,89747.14,MRT006,Chicken Republic VI,Food & Dining,USSD,Abuja,Abuja,0,
TXN0003262,ACC00061,2024-03-21 13:32:44,105098.25,MRT006,Chicken Republic VI,Food & Dining,USSD,Kano,Kano,0,
TXN0003416,ACC00065,2024-01-06 12:39:26,51683.87,MRT002,POS Terminal Lekki,POS,POS,Port Harcourt,Port Harcourt,0,
TXN0003145,ACC00059,2024-06-02 14:34:19,43883.03,MRT004,Netflix Subscription,Streaming,Web,Lagos,Lagos,0,
TXN0006103,ACC00117,2024-11-19 20:33:44,149556.24,MRT005,Jumia Online Store,E-commerce,ATM,Kano,Kano,0,
TXN0001056,ACC00021,2024-05-22 01:40:36,33884.34,MRT007,EKEDC Electricity,Utilities,USSD,Ibadan,Ibadan,0,
TXN0005079,ACC00097,2024-02-15 04:50:34,1305857.41,MRT013,Wire Transfer INT,Wire Transfer,Mobile App,Kano,Kano,1,Large transaction at unusual hour (1am–4am)
TXN0004618,ACC00088,2024-04-04 09:11:53,127287.37,MRT002,POS Terminal Lekki,POS,Web,Abuja,Abuja,0,
TXN0003365,ACC00064,2024-04-18 07:20:50,115689.7,MRT006,Chicken Republic VI,Food & Dining,Mobile App,Lagos,Lagos,0,
TXN0001359,ACC00026,2024-02-22 01:46:40,126997.67,MRT009,Bolt Ride Hailing,Transport,ATM,Ibadan,Ibadan,0,
TXN0001512,ACC00029,2024-02-25 04:21:04,147545.08,MRT009,Bolt Ride Hailing,Transport,POS,Port Harcourt,Port Harcourt,0,
TXN0003170,ACC00060,2024-08-18 10:58:39,13041.37,MRT004,Netflix Subscription,Streaming,ATM,Port Harcourt,Port Harcourt,0,
TXN0004297,ACC00081,2024-07-25 04:55:39,11729.19,MRT006,Chicken Republic VI,Food & Dining,POS,Abuja,Abuja,0,
TXN0004955,ACC00095,2024-12-11 07:30:51,53013.53,MRT001,Shoprite Ikeja,Grocery,Mobile App,Port Harcourt,Port Harcourt,0,
TXN0001524,ACC00029,2024-11-10 03:27:18,4581.06,MRT010,Konga Electronics,E-commerce,ATM,Port Harcourt,Port Harcourt,0,
TXN0002102,ACC00039,2024-10-08 14:10:38,149823.78,MRT009,Bolt Ride Hailing,Transport,ATM,Ibadan,Ibadan,0,
TXN0000414,ACC00008,2024-10-20 13:36:06,48514.57,MRT005,Jumia Online Store,E-commerce,Mobile App,Ibadan,Ibadan,0,
TXN0001106,ACC00021,2024-08-12 11:13:50,18115.38,MRT009,Bolt Ride Hailing,Transport,Mobile App,Ibadan,Ibadan,0,
TXN0001427,ACC00028,2024-07-05 23:51:48,94266.47,MRT003,MTN Airtime Top-up,Telecom,USSD,Ibadan,Ibadan,0,
TXN0005461,ACC00105,2024-02-27 15:01:03,33905.19,MRT010,Konga Electronics,E-commerce,Mobile App,Kano,Kano,0,
TXN0005964,ACC00112,2024-05-14 08:30:08,3175.89,MRT010,Konga Electronics,E-commerce,ATM,Abuja,Abuja,0,
TXN0004645,ACC00088,2024-09-27 00:28:57,14204.02,MRT008,ATM Withdrawal UBA,ATM,Web,Abuja,Abuja,0,
TXN0002543,ACC00048,2024-09-16 19:02:34,102602.75,MRT001,Shoprite Ikeja,Grocery,Web,Kano,Kano,0,
TXN0004764,ACC00091,2024-12-21 08:14:19,36832.57,MRT009,Bolt Ride Hailing,Transport,Web,Ibadan,Ibadan,0,
TXN0003055,ACC00058,2024-05-27 03:02:30,5373.63,MRT010,Konga Electronics,E-commerce,Web,Lagos,Lagos,0,
TXN0001060,ACC00021,2024-09-22 16:50:55,113702.31,MRT003,MTN Airtime Top-up,Telecom,Web,Ibadan,Ibadan,0,
TXN0000604,ACC00011,2024-09-26 07:15:47,83459.43,MRT003,MTN Airtime Top-up,Telecom,ATM,Abuja,Abuja,0,
TXN0004795,ACC00092,2024-05-27 16:30:00,31656.09,MRT006,Chicken Republic VI,Food & Dining,Mobile App,Ibadan,Ibadan,0,
TXN0002325,ACC00043,2024-04-28 18:42:11,42842.25,MRT008,ATM Withdrawal UBA,ATM,USSD,Abuja,Abuja,0,
TXN0005741,ACC00109,2024-08-12 06:07:32,624.5,MRT004,Netflix Subscription,Streaming,Mobile App,Port Harcourt,Port Harcourt,1,Velocity spike: multiple transactions in short window
TXN0004334,ACC00082,2024-02-26 01:45:13,108784.97,MRT003,MTN Airtime Top-up,Telecom,Mobile App,Abuja,Abuja,0,
TXN0005779,ACC00110,2024-07-03 04:53:41,20592.97,MRT005,Jumia Online Store,E-commerce,POS,Lagos,Lagos,0,
TXN0004951,ACC00095,2024-04-11 10:44:10,120635.1,MRT006,Chicken Republic VI,Food & Dining,Mobile App,Port Harcourt,Port Harcourt,0,
TXN0003798,ACC00071,2024-03-07 04:46:59,88133.22,MRT001,Shoprite Ikeja,Grocery,POS,Lagos,Lagos,0,
TXN0003304,ACC00062,2024-09-19 05:59:59,5706.59,MRT008,ATM Withdrawal UBA,ATM,ATM,Lagos,Lagos,0,
TXN0003123,ACC00059,2024-12-06 22:31:28,126183.43,MRT005,Jumia Online Store,E-commerce,POS,Lagos,Lagos,0,
TXN0000315,ACC00006,2024-04-16 15:02:29,11718.65,MRT001,Shoprite Ikeja,Grocery,ATM,Abuja,Abuja,0,
TXN0003506,ACC00067,2024-03-31 11:31:12,115965.63,MRT004,Netflix Subscription,Streaming,Mobile App,Lagos,Lagos,0,
TXN0001891,ACC00035,2024-05-23 13:16:24,102797.93,MRT010,Konga Electronics,E-commerce,ATM,Port Harcourt,Port Harcourt,0,
TXN0001042,ACC00020,2024-05-03 09:58:46,67871.57,MRT008,ATM Withdrawal UBA,ATM,USSD,Port Harcourt,Port Harcourt,0,
TXN0001619,ACC00031,2024-10-07 03:57:50,89109.65,MRT008,ATM Withdrawal UBA,ATM,POS,Ibadan,Ibadan,0,
TXN0001248,ACC00025,2024-05-19 02:21:46,37979.09,MRT003,MTN Airtime Top-up,Telecom,Mobile App,Port Harcourt,Port Harcourt,0,
TXN0003368,ACC00064,2024-10-20 22:08:59,43299.37,MRT008,ATM Withdrawal UBA,ATM,ATM,Lagos,Lagos,0,
TXN0005694,ACC00109,2024-01-03 08:55:04,124650.29,MRT008,ATM Withdrawal UBA,ATM,Web,Port Harcourt,Port Harcourt,0,
TXN0002265,ACC00042,2024-06-03 01:16:21,2105.24,MRT001,Shoprite Ikeja,Grocery,Mobile App,Abuja,Abuja,0,
TXN0003027,ACC00058,2024-10-26 13:24:08,44725.83,MRT009,Bolt Ride Hailing,Transport,USSD,Lagos,Lagos,0,
TXN0004242,ACC00081,2024-03-19 08:06:12,22596.97,MRT004,Netflix Subscription,Streaming,USSD,Abuja,Abuja,0,
TXN0002038,ACC00038,2024-06-25 10:28:20,22409.71,MRT002,POS Terminal Lekki,POS,ATM,Abuja,Abuja,0,
TXN0004083,ACC00078,2024-03-11 08:01:06,54519.57,MRT002,POS Terminal Lekki,POS,Mobile App,Abuja,Abuja,0,
TXN0003701,ACC00069,2024-12-21 23:25:44,121730.65,MRT008,ATM Withdrawal UBA,ATM,USSD,Abuja,Abuja,0,
TXN0004670,ACC00088,2024-04-11 06:09:53,102828.15,MRT002,POS Terminal Lekki,POS,POS,Abuja,Abuja,0,
TXN0002886,ACC00055,2024-01-07 01:19:54,6622.49,MRT008,ATM Withdrawal UBA,ATM,POS,Lagos,Lagos,0,
TXN0000974,ACC00019,2024-10-02 20:58:02,114235.87,MRT002,POS Terminal Lekki,POS,USSD,Kano,Kano,0,
TXN0001204,ACC00024,2024-06-26 07:17:35,65529.12,MRT010,Konga Electronics,E-commerce,USSD,Lagos,Lagos,0,
TXN0004480,ACC00086,2024-07-30 09:58:11,91165.25,MRT001,Shoprite Ikeja,Grocery,Web,Port Harcourt,Port Harcourt,0,
TXN0004179,ACC00079,2024-11-01 15:29:05,33254.62,MRT002,POS Terminal Lekki,POS,Web,Kano,Kano,0,
TXN0002229,ACC00042,2024-04-26 08:49:16,88249.79,MRT006,Chicken Republic VI,Food & Dining,USSD,Abuja,Abuja,0,
TXN0003278,ACC00061,2024-10-23 09:17:16,16624.37,MRT009,Bolt Ride Hailing,Transport,ATM,Kano,Kano,0,
TXN0001992,ACC00037,2024-07-07 21:15:11,149052.59,MRT005,Jumia Online Store,E-commerce,POS,Port Harcourt,Port Harcourt,0,
TXN0000134,ACC00003,2024-10-11 10:05:16,13974.94,MRT003,MTN Airtime Top-up,Telecom,POS,Kano,Kano,0,
TXN0005568,ACC00107,2024-10-22 06:21:08,7019.6,MRT001,Shoprite Ikeja,Grocery,USSD,Ibadan,Ibadan,0,
TXN0002281,ACC00042,2024-11-14 15:51:42,102153.95,MRT004,Netflix Subscription,Streaming,Mobile App,Abuja,Abuja,0,
TXN0003009,ACC00057,2024-02-17 16:05:41,108874.16,MRT006,Chicken Republic VI,Food & Dining,Web,Lagos,Lagos,0,
TXN0003602,ACC00068,2024-11-23 03:02:16,135757.34,MRT005,Jumia Online Store,E-commerce,USSD,Abuja,Abuja,0,
TXN0004365,ACC00082,2024-12-11 17:47:50,49044.9,MRT004,Netflix Subscription,Streaming,POS,Abuja,Abuja,0,
TXN0000649,ACC00012,2024-01-31 06:26:29,89255.08,MRT003,MTN Airtime Top-up,Telecom,USSD,Kano,Kano,0,
TXN0004107,ACC00079,2024-08-21 09:17:34,25673.06,MRT007,EKEDC Electricity,Utilities,ATM,Kano,Kano,0,
TXN0002096,ACC00038,2024-11-18 02:18:19,43742.79,MRT010,Konga Electronics,E-commerce,Web,Abuja,Abuja,0,
TXN0006079,ACC00116,2024-11-01 17:35:23,128400.65,MRT007,EKEDC Electricity,Utilities,Mobile App,Ibadan,Ibadan,0,
TXN0001822,ACC00034,2024-09-17 19:23:42,27499.83,MRT009,Bolt Ride Hailing,Transport,Mobile App,Abuja,Abuja,0,
TXN0002908,ACC00056,2024-12-06 21:44:16,8503.64,MRT005,Jumia Online Store,E-commerce,ATM,Abuja,Abuja,0,
TXN0002884,ACC00055,2024-07-22 04:26:54,93757.37,MRT005,Jumia Online Store,E-commerce,Web,Lagos,Lagos,0,
TXN0000345,ACC00007,2024-04-07 07:48:38,95441.04,MRT004,Netflix Subscription,Streaming,USSD,Port Harcourt,Port Harcourt,0,
TXN0002526,ACC00048,2024-03-13 13:39:49,42530.26,MRT004,Netflix Subscription,Streaming,Mobile App,Kano,Kano,0,
TXN0005651,ACC00108,2024-07-27 07:56:05,16469.27,MRT009,Bolt Ride Hailing,Transport,ATM,Kano,Kano,0,
TXN0001090,ACC00021,2024-12-24 04:56:35,89681.74,MRT008,ATM Withdrawal UBA,ATM,Mobile App,Ibadan,Ibadan,0,
TXN0002608,ACC00050,2024-08-20 20:47:02,102075.28,MRT003,MTN Airtime Top-up,Telecom,Web,Kano,Kano,0,
TXN0003076,ACC00058,2024-12-03 15:56:36,125161.85,MRT001,Shoprite Ikeja,Grocery,Mobile App,Lagos,Lagos,0,
TXN0001985,ACC00037,2024-09-16 01:25:00,19799.93,MRT008,ATM Withdrawal UBA,ATM,Web,Port Harcourt,Port Harcourt,0,
TXN0006151,ACC00118,2024-08-06 13:52:40,111344.22,MRT001,Shoprite Ikeja,Grocery,POS,Port Harcourt,Port Harcourt,0,
TXN0001081,ACC00021,2024-02-19 15:58:32,89055.98,MRT010,Konga Electronics,E-commerce,Web,Ibadan,Ibadan,0,
TXN0000007,ACC00001,2024-03-18 10:10:34,93389.68,MRT001,Shoprite Ikeja,Grocery,Web,Lagos,Lagos,0,
TXN0003678,ACC00069,2024-02-05 05:42:24,39445.58,MRT003,MTN Airtime Top-up,Telecom,Web,Abuja,Abuja,0,
TXN0005317,ACC00102,2024-03-26 10:38:54,34287.82,MRT008,ATM Withdrawal UBA,ATM,Mobile App,Kano,Kano,0,
TXN0003087,ACC00058,2024-08-18 07:36:38,101249.11,MRT006,Chicken Republic VI,Food & Dining,ATM,Lagos,Lagos,0,
TXN0004998,ACC00096,2024-05-14 06:20:12,109559.69,MRT010,Konga Electronics,E-commerce,USSD,Port Harcourt,Port Harcourt,0,
TXN0002048,ACC00038,2024-06-25 20:56:14,5374.8,MRT008,ATM Withdrawal UBA,ATM,Web,Abuja,Abuja,0,
TXN0000482,ACC00009,2024-02-05 21:49:36,108825.41,MRT009,Bolt Ride Hailing,Transport,Web,Lagos,Lagos,0,
TXN0003319,ACC00062,2024-10-09 13:59:29,65515.76,MRT008,ATM Withdrawal UBA,ATM,ATM,Lagos,Lagos,0,
TXN0006136,ACC00118,2024-03-21 12:27:31,128543.44,MRT010,Konga Electronics,E-commerce,Web,Port Harcourt,Port Harcourt,0,
TXN0004669,ACC00088,2024-12-28 22:30:35,51357.82,MRT002,POS Terminal Lekki,POS,Web,Abuja,Abuja,0,
TXN0002182,ACC00041,2024-01-09 08:19:12,126510.77,MRT003,MTN Airtime Top-up,Telecom,Mobile App,Ibadan,Ibadan,0,
TXN0004517,ACC00087,2024-02-08 19:33:42,115255.4,MRT003,MTN Airtime Top-up,Telecom,POS,Kano,Kano,0,
TXN0001497,ACC00029,2024-07-30 16:52:31,99541.89,MRT004,Netflix Subscription,Streaming,ATM,Port Harcourt,Port Harcourt,0,
TXN0000074,ACC00002,2024-02-05 10:26:27,52520.18,MRT008,ATM Withdrawal UBA,ATM,POS,Lagos,Lagos,0,
TXN0002037,ACC00038,2024-08-14 04:04:22,123514.99,MRT004,Netflix Subscription,Streaming,POS,Abuja,Abuja,0,
TXN0002984,ACC00057,2024-02-10 09:55:15,74741.21,MRT001,Shoprite Ikeja,Grocery,Web,Lagos,Lagos,0,
TXN0003757,ACC00070,2024-10-25 12:45:38,18386.49,MRT010,Konga Electronics,E-commerce,Web,Port Harcourt,Port Harcourt,0,
TXN0001826,ACC00035,2024-08-31 09:48:44,78579.3,MRT001,Shoprite Ikeja,Grocery,POS,Port Harcourt,Port Harcourt,0,
TXN0001280,ACC00025,2024-05-11 01:50:52,80318.12,MRT003,MTN Airtime Top-up,Telecom,USSD,Port Harcourt,Port Harcourt,0,
TXN0000738,ACC00014,2024-11-15 02:39:46,74670.9,MRT007,EKEDC Electricity,Utilities,ATM,Lagos,Lagos,0,
TXN0004797,ACC00092,2024-10-28 14:53:27,15992.62,MRT009,Bolt Ride Hailing,Transport,POS,Ibadan,Ibadan,0,
TXN0000153,ACC00003,2024-12-09 20:39:16,98410.82,MRT007,EKEDC Electricity,Utilities,ATM,Kano,Kano,0,
TXN0004888,ACC00094,2024-07-31 06:51:01,134177.46,MRT007,EKEDC Electricity,Utilities,POS,Abuja,Abuja,0,
TXN0003341,ACC00063,2024-04-17 12:27:52,100880.23,MRT009,Bolt Ride Hailing,Transport,USSD,Lagos,Lagos,0,
TXN0001761,ACC00034,2024-07-20 20:12:43,74624.5,MRT003,MTN Airtime Top-up,Telecom,POS,Abuja,Abuja,0,
TXN0003064,ACC00058,2024-09-26 03:54:35,67028.62,MRT004,Netflix Subscription,Streaming,ATM,Lagos,Lagos,0,
TXN0005388,ACC00104,2024-05-23 00:41:15,64503.8,MRT002,POS Terminal Lekki,POS,POS,Kano,Kano,0,
TXN0001330,ACC00026,2024-09-11 06:47:08,10456.37,MRT001,Shoprite Ikeja,Grocery,POS,Ibadan,Ibadan,0,
TXN0002444,ACC00045,2024-11-06 21:19:18,18895.27,MRT006,Chicken Republic VI,Food & Dining,Web,Lagos,Lagos,0,
TXN0001169,ACC00023,2024-08-09 21:55:28,146901.23,MRT003,MTN Airtime Top-up,Telecom,Web,Abuja,Abuja,0,
TXN0005389,ACC00104,2024-01-28 23:16:59,85150.85,MRT002,POS Terminal Lekki,POS,POS,Kano,Kano,0,
TXN0005423,ACC00105,2024-06-14 16:29:01,38911.27,MRT001,Shoprite Ikeja,Grocery,POS,Kano,Kano,0,
TXN0002419,ACC00045,2024-09-27 06:46:32,44016.69,MRT008,ATM Withdrawal UBA,ATM,Web,Lagos,Lagos,0,
TXN0000090,ACC00002,2024-07-02 09:24:26,68789.58,MRT004,Netflix Subscription,Streaming,Web,Lagos,Lagos,0,
TXN0001464,ACC00028,2024-11-11 16:19:14,15040.82,MRT008,ATM Withdrawal UBA,ATM,POS,Ibadan,Ibadan,0,
TXN0006051,ACC00115,2024-09-16 20:44:26,29526.12,MRT005,Jumia Online Store,E-commerce,Web,Port Harcourt,Port Harcourt,0,
TXN0000049,ACC00002,2024-08-12 02:13:37,23183.19,MRT001,Shoprite Ikeja,Grocery,USSD,Lagos,Lagos,0,
TXN0003970,ACC00075,2024-06-05 00:51:12,70388.88,MRT006,Chicken Republic VI,Food & Dining,POS,Kano,Kano,0,
TXN0005575,ACC00107,2024-04-25 17:08:05,16045.19,MRT001,Shoprite Ikeja,Grocery,USSD,Ibadan,Ibadan,0,
TXN0004276,ACC00081,2024-11-08 09:19:17,148822.39,MRT002,POS Terminal Lekki,POS,Web,Abuja,Abuja,0,
TXN0002737,ACC00053,2024-04-20 03:23:05,132001.27,MRT005,Jumia Online Store,E-commerce,POS,Kano,Kano,0,
TXN0002074,ACC00038,2024-08-23 16:17:48,60568.78,MRT006,Chicken Republic VI,Food & Dining,Mobile App,Abuja,Abuja,0,
TXN0005259,ACC00101,2024-03-25 17:29:22,141644.8,MRT002,POS Terminal Lekki,POS,Mobile App,Kano,Kano,0,
TXN0005809,ACC00110,2024-07-31 09:07:55,20737.65,MRT001,Shoprite Ikeja,Grocery,Web,Lagos,Lagos,0,
TXN0005333,ACC00102,2024-11-12 15:03:49,122143.87,MRT003,MTN Airtime Top-up,Telecom,USSD,Kano,Kano,0,
TXN0005163,ACC00100,2024-12-18 01:14:40,145008.56,MRT006,Chicken Republic VI,Food & Dining,USSD,Abuja,Abuja,0,
TXN0003126,ACC00059,2024-02-07 11:45:17,17298.93,MRT004,Netflix Subscription,Streaming,POS,Lagos,Lagos,0,
TXN0004874,ACC00093,2024-09-17 02:21:00,89470.64,MRT010,Konga Electronics,E-commerce,USSD,Ibadan,Ibadan,0,
TXN0002672,ACC00051,2024-04-02 20:40:21,149552.92,MRT004,Netflix Subscription,Streaming,USSD,Abuja,Abuja,0,
TXN0001789,ACC00034,2024-11-27 05:21:52,66662.14,MRT007,EKEDC Electricity,Utilities,Mobile App,Abuja,Abuja,0,
TXN0002207,ACC00041,2024-05-10 15:13:57,67947.1,MRT007,EKEDC Electricity,Utilities,ATM,Ibadan,Ibadan,0,
TXN0002299,ACC00043,2024-03-31 08:02:39,92644.13,MRT001,Shoprite Ikeja,Grocery,Mobile App,Abuja,Abuja,0,
TXN0002168,ACC00040,2024-03-14 12:55:18,104369.85,MRT008,ATM Withdrawal UBA,ATM,ATM,Abuja,Abuja,0,
TXN0005510,ACC00107,2024-06-28 15:27:51,124838.71,MRT002,POS Terminal Lekki,POS,ATM,Ibadan,Ibadan,0,
TXN0001595,ACC00031,2024-07-31 00:00:54,48577.69,MRT003,MTN Airtime Top-up,Telecom,Web,Ibadan,Ibadan,0,
TXN0003452,ACC00066,2024-10-24 15:20:28,117978.76,MRT007,EKEDC Electricity,Utilities,Web,Lagos,Lagos,0,
TXN0001436,ACC00028,2024-10-02 16:11:18,41088.86,MRT001,Shoprite Ikeja,Grocery,Mobile App,Ibadan,Ibadan,0,
TXN0005207,ACC00100,2024-06-21 11:02:57,119289.46,MRT004,Netflix Subscription,Streaming,USSD,Abuja,Abuja,0,
TXN0000466,ACC00009,2024-07-28 14:55:33,113280.66,MRT004,Netflix Subscription,Streaming,Mobile App,Lagos,Lagos,0,
TXN0003738,ACC00070,2024-01-14 20:42:11,72083.56,MRT008,ATM Withdrawal UBA,ATM,Mobile App,Port Harcourt,Port Harcourt,0,
TXN0005968,ACC00113,2024-02-25 15:52:44,13456.56,MRT008,ATM Withdrawal UBA,ATM,Mobile App,Kano,Kano,0,
TXN0005120,ACC00098,2024-01-28 12:39:03,89250.44,MRT007,EKEDC Electricity,Utilities,Mobile App,Ibadan,Ibadan,0,
TXN0001967,ACC00036,2024-01-08 14:56:38,87991.33,MRT008,ATM Withdrawal UBA,ATM,Web,Ibadan,Ibadan,0,
TXN0000138,ACC00003,2024-04-09 19:08:05,145123.92,MRT008,ATM Withdrawal UBA,ATM,POS,Kano,Kano,0,
TXN0001094,ACC00021,2024-02-07 09:34:04,71642.44,MRT003,MTN Airtime Top-up,Telecom,USSD,Ibadan,Ibadan,0,
TXN0004345,ACC00082,2024-07-02 18:51:36,10261.61,MRT009,Bolt Ride Hailing,Transport,ATM,Abuja,Abuja,0,
TXN0000272,ACC00006,2024-02-27 05:23:20,14211.18,MRT007,EKEDC Electricity,Utilities,Web,Abuja,Abuja,0,
TXN0004567,ACC00087,2024-07-29 06:50:54,36469.82,MRT003,MTN Airtime Top-up,Telecom,POS,Kano,Kano,0,
TXN0000128,ACC00003,2024-12-01 23:00:45,136637.23,MRT001,Shoprite Ikeja,Grocery,ATM,Kano,Kano,0,
TXN0001085,ACC00021,2024-09-04 15:04:27,131837.09,MRT001,Shoprite Ikeja,Grocery,POS,Ibadan,Ibadan,0,
TXN0003211,ACC00060,2024-07-03 15:38:44,48839.01,MRT001,Shoprite Ikeja,Grocery,Mobile App,Port Harcourt,Port Harcourt,0,
TXN0003328,ACC00062,2024-04-06 13:22:08,13065.01,MRT003,MTN Airtime Top-up,Telecom,Mobile App,Lagos,Lagos,0,
TXN0003869,ACC00073,2024-11-08 02:18:01,62743.64,MRT004,Netflix Subscription,Streaming,Mobile App,Lagos,Lagos,0,
TXN0001405,ACC00027,2024-05-05 08:55:03,134680.7,MRT006,Chicken Republic VI,Food & Dining,Mobile App,Kano,Kano,0,
TXN0000903,ACC00018,2024-09-26 23:39:33,45516.91,MRT001,Shoprite Ikeja,Grocery,Mobile App,Abuja,Abuja,0,
TXN0003153,ACC00059,2024-11-13 19:04:13,129366.56,MRT005,Jumia Online Store,E-commerce,Mobile App,Lagos,Lagos,0,
TXN0004914,ACC00094,2024-01-05 12:15:43,302374.91,MRT011,Unknown Vendor XJ9,Unknown,Web,Accra,Abuja,1,Geographic anomaly: transaction far from home city
TXN0000921,ACC00018,2024-05-24 17:05:24,27838.98,MRT006,Chicken Republic VI,Food & Dining,ATM,Abuja,Abuja,0,
TXN0005615,ACC00108,2024-10-28 17:53:56,622.66,MRT002,POS Terminal Lekki,POS,Mobile App,Kano,Kano,0,
TXN0004853,ACC00093,2024-09-28 15:36:01,3337.6,MRT008,ATM Withdrawal UBA,ATM,Mobile App,Ibadan,Ibadan,0,
TXN0003466,ACC00066,2024-01-29 21:42:32,24482.48,MRT004,Netflix Subscription,Streaming,ATM,Lagos,Lagos,0,
TXN0000018,ACC00001,2024-09-13 21:49:32,10809.03,MRT006,Chicken Republic VI,Food & Dining,POS,Lagos,Lagos,0,
TXN0004423,ACC00084,2024-10-21 04:57:25,12618.95,MRT010,Konga Electronics,E-commerce,Web,Ibadan,Ibadan,0,
TXN0003433,ACC00065,2024-06-20 14:47:18,71667.35,MRT002,POS Terminal Lekki,POS,Mobile App,Port Harcourt,Port Harcourt,0,
TXN0000617,ACC00011,2024-02-09 18:35:25,45007.49,MRT004,Netflix Subscription,Streaming,Mobile App,Abuja,Abuja,0,
TXN0000728,ACC00014,2024-04-11 00:55:48,5146.77,MRT003,MTN Airtime Top-up,Telecom,ATM,Lagos,Lagos,0,
TXN0002258,ACC00042,2024-04-23 08:36:29,104857.58,MRT002,POS Terminal Lekki,POS,Web,Abuja,Abuja,0,
TXN0005172,ACC00100,2024-09-20 03:06:56,32826.65,MRT010,Konga Electronics,E-commerce,POS,Abuja,Abuja,0,
TXN0003826,ACC00072,2024-10-13 00:42:37,130588.86,MRT006,Chicken Republic VI,Food & Dining,USSD,Abuja,Abuja,0,
TXN0005299,ACC00102,2024-11-28 22:06:54,59257.61,MRT005,Jumia Online Store,E-commerce,USSD,Kano,Kano,0,
TXN0005256,ACC00101,2024-08-20 07:46:03,62648.73,MRT002,POS Terminal Lekki,POS,Mobile App,Kano,Kano,0,
TXN0001507,ACC00029,2024-08-22 19:01:52,86901.81,MRT001,Shoprite Ikeja,Grocery,Web,Port Harcourt,Port Harcourt,0,
TXN0004629,ACC00088,2024-07-28 08:32:19,140590.28,MRT008,ATM Withdrawal UBA,ATM,POS,Abuja,Abuja,0,
TXN0006187,ACC00119,2024-02-17 13:18:21,124832.17,MRT003,MTN Airtime Top-up,Telecom,POS,Kano,Kano,0,
TXN0004747,ACC00091,2024-10-11 14:14:19,120010.74,MRT007,EKEDC Electricity,Utilities,USSD,Ibadan,Ibadan,0,
TXN0005405,ACC00104,2024-02-21 04:56:45,97979.13,MRT008,ATM Withdrawal UBA,ATM,Mobile App,Kano,Kano,0,
TXN0004159,ACC00079,2024-01-31 08:09:48,44445.68,MRT010,Konga Electronics,E-commerce,USSD,Kano,Kano,0,
TXN0004230,ACC00080,2024-01-26 15:40:49,5191.24,MRT001,Shoprite Ikeja,Grocery,POS,Abuja,Abuja,0,
TXN0001207,ACC00024,2024-06-09 02:01:04,23779.77,MRT005,Jumia Online Store,E-commerce,Mobile App,Lagos,Lagos,0,
TXN0003750,ACC00070,2024-01-27 22:41:43,90448.18,MRT004,Netflix Subscription,Streaming,POS,Port Harcourt,Port Harcourt,0,
TXN0005928,ACC00112,2024-09-18 11:10:59,141788.11,MRT009,Bolt Ride Hailing,Transport,USSD,Abuja,Abuja,0,
TXN0005411,ACC00104,2024-05-07 16:47:03,28662.23,MRT005,Jumia Online Store,E-commerce,USSD,Kano,Kano,0,
TXN0005946,ACC00112,2024-12-11 20:43:16,129552.91,MRT005,Jumia Online Store,E-commerce,ATM,Abuja,Abuja,0,
TXN0002673,ACC00051,2024-01-30 03:02:04,85251.68,MRT003,MTN Airtime Top-up,Telecom,ATM,Abuja,Abuja,0,
TXN0004314,ACC00082,2024-02-01 20:22:41,25672.78,MRT006,Chicken Republic VI,Food & Dining,USSD,Abuja,Abuja,0,
TXN0002451,ACC00045,2024-02-24 07:32:36,73821.2,MRT010,Konga Electronics,E-commerce,POS,Lagos,Lagos,0,
TXN0002425,ACC00045,2024-02-15 13:45:06,97689.62,MRT009,Bolt Ride Hailing,Transport,USSD,Lagos,Lagos,0,
TXN0005336,ACC00102,2024-01-15 02:57:38,138155.84,MRT001,Shoprite Ikeja,Grocery,ATM,Kano,Kano,0,
TXN0001425,ACC00028,2024-05-08 08:37:17,138380.82,MRT006,Chicken Republic VI,Food & Dining,ATM,Ibadan,Ibadan,0,
TXN0004508,ACC00086,2024-02-20 12:10:36,80647.7,MRT009,Bolt Ride Hailing,Transport,Mobile App,Port Harcourt,Port Harcourt,0,
TXN0003397,ACC00064,2024-06-09 08:26:31,21721.54,MRT006,Chicken Republic VI,Food & Dining,Web,Lagos,Lagos,0,
TXN0004921,ACC00095,2024-06-02 11:25:26,23125.14,MRT008,ATM Withdrawal UBA,ATM,USSD,Port Harcourt,Port Harcourt,0,
TXN0001357,ACC00026,2024-08-08 05:13:28,35021.25,MRT010,Konga Electronics,E-commerce,Web,Ibadan,Ibadan,0,
TXN0004332,ACC00082,2024-10-05 13:07:43,124580.62,MRT002,POS Terminal Lekki,POS,Mobile App,Abuja,Abuja,0,
TXN0001231,ACC00024,2024-10-25 07:38:11,58027.29,MRT004,Netflix Subscription,Streaming,ATM,Lagos,Lagos,0,
TXN0005986,ACC00113,2024-06-01 05:33:41,105687.06,MRT007,EKEDC Electricity,Utilities,ATM,Kano,Kano,0,
TXN0001306,ACC00026,2024-03-27 05:59:17,43822.56,MRT007,EKEDC Electricity,Utilities,ATM,Ibadan,Ibadan,0,
TXN0003722,ACC00070,2024-03-09 18:17:52,124072.55,MRT007,EKEDC Electricity,Utilities,POS,Port Harcourt,Port Harcourt,0,
TXN0000538,ACC00010,2024-04-24 17:08:10,107109.73,MRT004,Netflix Subscription,Streaming,Mobile App,Ibadan,Ibadan,0,
TXN0005248,ACC00101,2024-09-27 02:05:16,36933.04,MRT002,POS Terminal Lekki,POS,Web,Kano,Kano,0,
TXN0004241,ACC00081,2024-02-10 14:55:01,115849.42,MRT008,ATM Withdrawal UBA,ATM,USSD,Abuja,Abuja,0,
TXN0000258,ACC00005,2024-01-15 15:49:55,131520.72,MRT006,Chicken Republic VI,Food & Dining,USSD,Kano,Kano,0,
TXN0004419,ACC00084,2024-02-01 03:06:58,69404.43,MRT006,Chicken Republic VI,Food & Dining,POS,Ibadan,Ibadan,0,
TXN0005154,ACC00100,2024-05-31 02:20:58,103167.27,MRT001,Shoprite Ikeja,Grocery,Web,Abuja,Abuja,0,
TXN0004204,ACC00080,2024-07-10 07:48:59,140188.95,MRT002,POS Terminal Lekki,POS,Web,Abuja,Abuja,0,
TXN0000255,ACC00005,2024-05-12 17:10:34,29204.78,MRT008,ATM Withdrawal UBA,ATM,Web,Kano,Kano,0,
TXN0001668,ACC00032,2024-07-11 18:07:08,131311.47,MRT003,MTN Airtime Top-up,Telecom,USSD,Port Harcourt,Port Harcourt,0,
TXN0000393,ACC00008,2024-07-13 21:17:48,138117.88,MRT010,Konga Electronics,E-commerce,Mobile App,Ibadan,Ibadan,0,
TXN0003656,ACC00069,2024-11-20 21:48:07,69305.71,MRT001,Shoprite Ikeja,Grocery,ATM,Abuja,Abuja,0,
TXN0000349,ACC00007,2024-10-06 20:47:03,50974.13,MRT010,Konga Electronics,E-commerce,USSD,Port Harcourt,Port Harcourt,0,
TXN0002445,ACC00045,2024-08-11 08:08:37,98069.75,MRT004,Netflix Subscription,Streaming,Mobile App,Lagos,Lagos,0,
TXN0005168,ACC00100,2024-08-19 01:26:00,7902.86,MRT009,Bolt Ride Hailing,Transport,POS,Abuja,Abuja,0,
TXN0003378,ACC00064,2024-08-02 09:32:51,129584.02,MRT009,Bolt Ride Hailing,Transport,Web,Lagos,Lagos,0,
TXN0001279,ACC00025,2024-11-03 18:16:38,82719.84,MRT003,MTN Airtime Top-up,Telecom,USSD,Port Harcourt,Port Harcourt,0,
TXN0004908,ACC00094,2024-10-07 17:35:34,53429.37,MRT007,EKEDC Electricity,Utilities,ATM,Abuja,Abuja,0,
TXN0000446,ACC00009,2024-06-22 00:11:58,68288.13,MRT001,Shoprite Ikeja,Grocery,USSD,Lagos,Lagos,0,
TXN0003900,ACC00073,2024-06-26 01:41:56,30068.21,MRT005,Jumia Online Store,E-commerce,USSD,Lagos,Lagos,0,
TXN0000938,ACC00019,2024-01-30 01:47:40,48434.76,MRT008,ATM Withdrawal UBA,ATM,POS,Kano,Kano,0,
TXN0000380,ACC00007,2024-11-08 05:30:17,78140.24,MRT008,ATM Withdrawal UBA,ATM,Web,Port Harcourt,Port Harcourt,0,
TXN0003677,ACC00069,2024-10-01 16:10:06,131920.15,MRT007,EKEDC Electricity,Utilities,ATM,Abuja,Abuja,0,
TXN0001637,ACC00032,2024-12-14 20:18:48,62956.89,MRT001,Shoprite Ikeja,Grocery,Mobile App,Port Harcourt,Port Harcourt,0,
TXN0000013,ACC00001,2024-09-20 01:20:03,59799.84,MRT007,EKEDC Electricity,Utilities,Web,Lagos,Lagos,0,
TXN0002692,ACC00052,2024-10-11 04:39:59,137660.32,MRT002,POS Terminal Lekki,POS,ATM,Port Harcourt,Port Harcourt,0,
TXN0000764,ACC00015,2024-11-30 06:01:15,100000,MRT014,FX Bureau Lagos,FX,Mobile App,Abuja,Abuja,1,Suspicious round amount: possible structuring
TXN0004187,ACC00080,2024-01-20 22:01:31,45401.2,MRT010,Konga Electronics,E-commerce,POS,Abuja,Abuja,0,
TXN0005358,ACC00103,2024-10-23 21:34:29,121135.4,MRT009,Bolt Ride Hailing,Transport,Web,Lagos,Lagos,0,
TXN0001163,ACC00023,2024-01-05 14:10:12,57224.49,MRT004,Netflix Subscription,Streaming,Mobile App,Abuja,Abuja,0,
TXN0005392,ACC00104,2024-08-18 01:48:06,88844.72,MRT004,Netflix Subscription,Streaming,ATM,Kano,Kano,0,
TXN0004759,ACC00091,2024-06-19 09:52:30,28425.81,MRT001,Shoprite Ikeja,Grocery,Web,Ibadan,Ibadan,0,
TXN0002070,ACC00038,2024-07-21 15:05:52,112708.51,MRT004,Netflix Subscription,Streaming,USSD,Abuja,Abuja,0,
TXN0005329,ACC00102,2024-06-28 17:36:00,20242.5,MRT008,ATM Withdrawal UBA,ATM,ATM,Kano,Kano,0,
TXN0003110,ACC00059,2024-05-10 05:34:08,68292.88,MRT005,Jumia Online Store,E-commerce,USSD,Lagos,Lagos,0,
TXN0000844,ACC00017,2024-08-18 16:53:15,27048.76,MRT008,ATM Withdrawal UBA,ATM,ATM,Abuja,Abuja,0,
TXN0000425,ACC00008,2024-09-08 18:27:26,107930.43,MRT005,Jumia Online Store,E-commerce,Mobile App,Ibadan,Ibadan,0,
TXN0004751,ACC00091,2024-11-02 13:17:27,128427.0,MRT010,Konga Electronics,E-commerce,USSD,Ibadan,Ibadan,0,
TXN0004323,ACC00082,2024-04-21 17:12:40,37730.09,MRT005,Jumia Online Store,E-commerce,Mobile App,Abuja,Abuja,0,
TXN0005286,ACC00102,2024-04-12 09:34:47,30551.47,MRT004,Netflix Subscription,Streaming,POS,Kano,Kano,0,
TXN0002816,ACC00054,2024-11-03 10:30:22,40851.85,MRT007,EKEDC Electricity,Utilities,Web,Ibadan,Ibadan,0,
TXN0000934,ACC00019,2024-07-06 03:54:36,99724.74,MRT006,Chicken Republic VI,Food & Dining,ATM,Kano,Kano,0,
TXN0005553,ACC00107,2024-12-20 04:54:30,85302.19,MRT006,Chicken Republic VI,Food & Dining,Mobile App,Ibadan,Ibadan,0,
TXN0001817,ACC00034,2024-04-16 03:56:45,85181.03,MRT002,POS Terminal Lekki,POS,USSD,Abuja,Abuja,0,
TXN0005434,ACC00105,2024-06-14 15:53:15,35598.23,MRT005,Jumia Online Store,E-commerce,Mobile App,Kano,Kano,0,
TXN0002221,ACC00042,2024-03-29 03:06:23,71428.52,MRT004,Netflix Subscription,Streaming,USSD,Abuja,Abuja,0,
TXN0005251,ACC00101,2024-03-17 12:33:34,102486.2,MRT001,Shoprite Ikeja,Grocery,Mobile App,Kano,Kano,0,
TXN0003088,ACC00058,2024-05-27 08:01:38,66068.76,MRT006,Chicken Republic VI,Food & Dining,USSD,Lagos,Lagos,0,
TXN0005194,ACC00100,2024-09-02 18:53:53,124352.12,MRT006,Chicken Republic VI,Food & Dining,Mobile App,Abuja,Abuja,0,
TXN0003166,ACC00059,2024-03-28 00:23:54,146290.99,MRT010,Konga Electronics,E-commerce,ATM,Lagos,Lagos,0,
TXN0000046,ACC00001,2024-08-10 22:39:58,70674.84,MRT005,Jumia Online Store,E-commerce,ATM,Lagos,Lagos,0,
TXN0004113,ACC00079,2024-05-19 14:58:28,3563.87,MRT007,EKEDC Electricity,Utilities,ATM,Kano,Kano,0,
TXN0003863,ACC00073,2024-07-12 03:22:51,24168.29,MRT007,EKEDC Electricity,Utilities,USSD,Lagos,Lagos,0,
TXN0003394,ACC00064,2024-09-01 09:12:16,64573.99,MRT008,ATM Withdrawal UBA,ATM,Mobile App,Lagos,Lagos,0,
TXN0000915,ACC00018,2024-06-26 09:13:48,39986.69,MRT005,Jumia Online Store,E-commerce,Mobile App,Abuja,Abuja,0,
TXN0004414,ACC00084,2024-04-10 20:11:24,50145.34,MRT005,Jumia Online Store,E-commerce,Web,Ibadan,Ibadan,0,
TXN0003817,ACC00072,2024-06-07 03:19:58,20284.85,MRT006,Chicken Republic VI,Food & Dining,POS,Abuja,Abuja,0,
TXN0000618,ACC00011,2024-06-23 15:48:33,52612.26,MRT005,Jumia Online Store,E-commerce,Mobile App,Abuja,Abuja,0,
TXN0005557,ACC00107,2024-10-08 14:40:49,23060.95,MRT003,MTN Airtime Top-up,Telecom,POS,Ibadan,Ibadan,0,
TXN0005684,ACC00109,2024-02-25 01:19:49,17965.96,MRT003,MTN Airtime Top-up,Telecom,POS,Port Harcourt,Port Harcourt,0,
TXN0001202,ACC00024,2024-12-29 01:30:14,82507.52,MRT005,Jumia Online Store,E-commerce,Web,Lagos,Lagos,0,
TXN0006242,ACC00120,2024-12-24 02:12:16,13534.83,MRT005,Jumia Online Store,E-commerce,USSD,Ibadan,Ibadan,0,
TXN0000445,ACC00009,2024-10-05 10:09:35,73579.78,MRT010,Konga Electronics,E-commerce,USSD,Lagos,Lagos,0,
TXN0002010,ACC00037,2024-02-26 12:56:38,107785.05,MRT001,Shoprite Ikeja,Grocery,USSD,Port Harcourt,Port Harcourt,0,
TXN0005396,ACC00104,2024-09-15 21:45:16,11132.54,MRT001,Shoprite Ikeja,Grocery,ATM,Kano,Kano,0,
TXN0002277,ACC00042,2024-06-21 10:15:21,89931.7,MRT001,Shoprite Ikeja,Grocery,Mobile App,Abuja,Abuja,0,
TXN0004200,ACC00080,2024-04-21 06:04:17,91780.62,MRT004,Netflix Subscription,Streaming,Web,Abuja,Abuja,0,
TXN0004600,ACC00088,2024-05-13 23:18:32,18629.0,MRT007,EKEDC Electricity,Utilities,Web,Abuja,Abuja,0,
TXN0001901,ACC00036,2024-12-06 22:35:26,20221.97,MRT008,ATM Withdrawal UBA,ATM,POS,Ibadan,Ibadan,0,
TXN0002225,ACC00042,2024-11-27 06:00:55,5000.56,MRT009,Bolt Ride Hailing,Transport,Web,Abuja,Abuja,0,
TXN0001331,ACC00026,2024-09-14 11:26:12,129710.2,MRT006,Chicken Republic VI,Food & Dining,Mobile App,Ibadan,Ibadan,0,
TXN0004346,ACC00082,2024-05-15 02:07:53,96815.38,MRT005,Jumia Online Store,E-commerce,ATM,Abuja,Abuja,0,
TXN0004975,ACC00096,2024-12-06 03:50:45,117600.23,MRT007,EKEDC Electricity,Utilities,Web,Port Harcourt,Port Harcourt,0,
TXN0002118,ACC00039,2024-11-09 22:58:09,35521.56,MRT004,Netflix Subscription,Streaming,ATM,Ibadan,Ibadan,0,
TXN0003014,ACC00057,2024-05-29 02:32:43,3317.85,MRT008,ATM Withdrawal UBA,ATM,ATM,Lagos,Lagos,0,
TXN0000017,ACC00001,2024-10-30 22:41:24,52406.96,MRT001,Shoprite Ikeja,Grocery,ATM,Lagos,Lagos,0,
TXN0001556,ACC00030,2024-09-05 01:51:57,138442.96,MRT008,ATM Withdrawal UBA,ATM,POS,Abuja,Abuja,0,
TXN0003598,ACC00068,2024-10-21 13:21:18,34082.7,MRT005,Jumia Online Store,E-commerce,Mobile App,Abuja,Abuja,0,
TXN0004413,ACC00084,2024-02-02 10:54:32,78998.84,MRT006,Chicken Republic VI,Food & Dining,Mobile App,Ibadan,Ibadan,0,
TXN0002786,ACC00054,2024-08-22 12:35:20,53161.87,MRT009,Bolt Ride Hailing,Transport,Mobile App,Ibadan,Ibadan,0,
TXN0005054,ACC00097,2024-10-04 15:02:01,18694.55,MRT007,EKEDC Electricity,Utilities,USSD,Kano,Kano,0,
TXN0000521,ACC00010,2024-02-02 02:41:25,126876.8,MRT008,ATM Withdrawal UBA,ATM,POS,Ibadan,Ibadan,0,
TXN0001472,ACC00029,2024-11-05 10:19:14,49217.52,MRT002,POS Terminal Lekki,POS,Mobile App,Port Harcourt,Port Harcourt,0,
TXN0004906,ACC00094,2024-09-06 10:55:11,26965.88,MRT004,Netflix Subscription,Streaming,POS,Abuja,Abuja,0,
TXN0003117,ACC00059,2024-10-11 21:16:52,42748.65,MRT008,ATM Withdrawal UBA,ATM,Web,Lagos,Lagos,0,
TXN0000220,ACC00005,2024-03-07 17:58:26,69284.49,MRT010,Konga Electronics,E-commerce,POS,Kano,Kano,0,
TXN0003684,ACC00069,2024-01-05 21:14:23,49365.52,MRT001,Shoprite Ikeja,Grocery,POS,Abuja,Abuja,0,
TXN0003429,ACC00065,2024-07-21 22:35:26,9599.33,MRT005,Jumia Online Store,E-commerce,Web,Port Harcourt,Port Harcourt,0,
TXN0005002,ACC00096,2024-09-26 19:13:24,75767.67,MRT004,Netflix Subscription,Streaming,POS,Port Harcourt,Port Harcourt,0,
TXN0004634,ACC00088,2024-08-17 09:05:45,115999.35,MRT009,Bolt Ride Hailing,Transport,POS,Abuja,Abuja,0,
TXN0002940,ACC00056,2024-05-16 15:38:17,51224.02,MRT010,Konga Electronics,E-commerce,Web,Abuja,Abuja,0,
TXN0002313,ACC00043,2024-02-05 15:15:34,89098.28,MRT003,MTN Airtime Top-up,Telecom,Web,Abuja,Abuja,0,
TXN0000926,ACC00018,2024-07-06 10:51:20,101919.77,MRT010,Konga Electronics,E-commerce,Web,Abuja,Abuja,0,
TXN0000158,ACC00003,2024-03-14 17:08:38,142377.11,MRT002,POS Terminal Lekki,POS,ATM,Kano,Kano,0,
TXN0005672,ACC00109,2024-10-24 23:19:36,29141.49,MRT010,Konga Electronics,E-commerce,ATM,Port Harcourt,Port Harcourt,0,
TXN0004928,ACC00095,2024-07-03 12:20:59,134219.15,MRT007,EKEDC Electricity,Utilities,POS,Port Harcourt,Port Harcourt,0,
TXN0005241,ACC00101,2024-07-08 05:43:45,98397.64,MRT005,Jumia Online Store,E-commerce,Web,Kano,Kano,0,
TXN0005629,ACC00108,2024-09-06 19:32:18,81382.16,MRT004,Netflix Subscription,Streaming,POS,Kano,Kano,0,
TXN0002478,ACC00046,2024-07-04 04:40:29,19572.04,MRT010,Konga Electronics,E-commerce,Mobile App,Abuja,Abuja,0,
TXN0002678,ACC00051,2024-02-04 15:40:36,27288.34,MRT002,POS Terminal Lekki,POS,ATM,Abuja,Abuja,0,
TXN0001945,ACC00036,2024-01-30 17:20:05,77255.47,MRT001,Shoprite Ikeja,Grocery,USSD,Ibadan,Ibadan,0,
TXN0005527,ACC00107,2024-01-20 10:00:08,68434.98,MRT002,POS Terminal Lekki,POS,Mobile App,Ibadan,Ibadan,0,
TXN0006118,ACC00117,2024-06-11 09:09:40,143570.47,MRT002,POS Terminal Lekki,POS,POS,Kano,Kano,0,
TXN0006173,ACC00119,2024-04-10 14:30:10,86077.14,MRT009,Bolt Ride Hailing,Transport,Mobile App,Kano,Kano,0,
TXN0005447,ACC00105,2024-10-21 19:02:58,26114.93,MRT009,Bolt Ride Hailing,Transport,Web,Kano,Kano,0,
TXN0005628,ACC00108,2024-08-18 11:04:58,87143.53,MRT007,EKEDC Electricity,Utilities,USSD,Kano,Kano,0,
TXN0004388,ACC00083,2024-11-17 06:47:05,30047.88,MRT004,Netflix Subscription,Streaming,POS,Port Harcourt,Port Harcourt,0,
TXN0004845,ACC00093,2024-07-25 11:43:32,101616.74,MRT009,Bolt Ride Hailing,Transport,ATM,Ibadan,Ibadan,0,
TXN0005698,ACC00109,2024-02-19 14:29:26,142002.48,MRT003,MTN Airtime Top-up,Telecom,Mobile App,Port Harcourt,Port Harcourt,0,
TXN0005882,ACC00111,2024-10-20 08:10:29,21716.45,MRT002,POS Terminal Lekki,POS,Mobile App,Ibadan,Ibadan,0,
TXN0001690,ACC00032,2024-07-03 01:10:03,145456.03,MRT005,Jumia Online Store,E-commerce,USSD,Port Harcourt,Port Harcourt,0,
TXN0000248,ACC00005,2024-12-05 03:33:23,50337.62,MRT003,MTN Airtime Top-up,Telecom,USSD,Kano,Kano,0,
TXN0001293,ACC00025,2024-05-22 13:27:37,37853.61,MRT010,Konga Electronics,E-commerce,POS,Port Harcourt,Port Harcourt,0,
TXN0002392,ACC00044,2024-05-26 09:59:27,98260.99,MRT007,EKEDC Electricity,Utilities,USSD,Kano,Kano,0,
TXN0004812,ACC00092,2024-03-23 08:06:02,39273.91,MRT001,Shoprite Ikeja,Grocery,Mobile App,Ibadan,Ibadan,0,
TXN0003320,ACC00062,2024-04-19 09:45:51,18671.94,MRT001,Shoprite Ikeja,Grocery,ATM,Lagos,Lagos,0,
TXN0001406,ACC00027,2024-10-21 13:11:30,126574.79,MRT007,EKEDC Electricity,Utilities,Mobile App,Kano,Kano,0,
TXN0006004,ACC00114,2024-10-24 15:30:17,15610.76,MRT002,POS Terminal Lekki,POS,USSD,Lagos,Lagos,0,
TXN0005004,ACC00096,2024-04-08 19:46:57,98096.78,MRT005,Jumia Online Store,E-commerce,POS,Port Harcourt,Port Harcourt,0,
TXN0002523,ACC00048,2024-10-13 09:21:37,65432.11,MRT001,Shoprite Ikeja,Grocery,POS,Kano,Kano,0,
TXN0003465,ACC00066,2024-07-14 07:46:20,128532.31,MRT008,ATM Withdrawal UBA,ATM,Mobile App,Lagos,Lagos,0,
TXN0004374,ACC00082,2024-06-07 21:26:39,148701.68,MRT002,POS Terminal Lekki,POS,USSD,Abuja,Abuja,0,
TXN0000050,ACC00002,2024-04-27 23:57:08,149090.76,MRT002,POS Terminal Lekki,POS,Mobile App,Lagos,Lagos,0,
TXN0003749,ACC00070,2024-05-10 10:42:32,4283.8,MRT008,ATM Withdrawal UBA,ATM,ATM,Port Harcourt,Port Harcourt,0,
TXN0000741,ACC00015,2024-08-26 11:53:17,92738.09,MRT010,Konga Electronics,E-commerce,POS,Abuja,Abuja,0,
TXN0003799,ACC00072,2024-08-10 02:35:23,67376.35,MRT003,MTN Airtime Top-up,Telecom,Mobile App,Abuja,Abuja,0,
TXN0001912,ACC00036,2024-10-02 08:37:50,73037.33,MRT009,Bolt Ride Hailing,Transport,ATM,Ibadan,Ibadan,0,
TXN0001672,ACC00032,2024-01-09 13:23:46,125324.65,MRT004,Netflix Subscription,Streaming,USSD,Port Harcourt,Port Harcourt,0,
TXN0002645,ACC00050,2024-07-21 12:44:31,146699.98,MRT007,EKEDC Electricity,Utilities,Web,Kano,Kano,0,
TXN0005755,ACC00110,2024-03-13 19:55:10,136141.94,MRT010,Konga Electronics,E-commerce,ATM,Lagos,Lagos,0,
TXN0003430,ACC00065,2024-04-04 17:41:28,114371.23,MRT010,Konga Electronics,E-commerce,ATM,Port Harcourt,Port Harcourt,0,
TXN0001261,ACC00025,2024-02-12 21:36:01,78718.48,MRT002,POS Terminal Lekki,POS,Mobile App,Port Harcourt,Port Harcourt,0,
TXN0004603,ACC00088,2024-10-08 22:41:09,129751.42,MRT003,MTN Airtime Top-up,Telecom,POS,Abuja,Abuja,0,
TXN0000984,ACC00019,2024-05-31 00:41:11,76882.88,MRT004,Netflix Subscription,Streaming,POS,Kano,Kano,0,
TXN0004019,ACC00076,2024-04-06 17:14:45,58401.9,MRT001,Shoprite Ikeja,Grocery,Web,Port Harcourt,Port Harcourt,0,
TXN0001309,ACC00026,2024-02-03 00:59:37,75522.56,MRT007,EKEDC Electricity,Utilities,Web,Ibadan,Ibadan,0,
TXN0004396,ACC00083,2024-01-29 10:23:41,62550.4,MRT003,MTN Airtime Top-up,Telecom,ATM,Port Harcourt,Port Harcourt,0,
TXN0004642,ACC00088,2024-07-17 22:06:09,94612.65,MRT009,Bolt Ride Hailing,Transport,Mobile App,Abuja,Abuja,0,
TXN0005513,ACC00107,2024-12-29 09:29:51,138886.07,MRT003,MTN Airtime Top-up,Telecom,Mobile App,Ibadan,Ibadan,0,
TXN0000657,ACC00012,2024-01-04 06:59:25,97678.02,MRT010,Konga Electronics,E-commerce,ATM,Kano,Kano,0,
TXN0005044,ACC00097,2024-02-13 18:42:58,75245.39,MRT009,Bolt Ride Hailing,Transport,ATM,Kano,Kano,0,
TXN0004170,ACC00079,2024-10-09 23:38:41,76139.19,MRT010,Konga Electronics,E-commerce,Web,Kano,Kano,0,
TXN0001453,ACC00028,2024-01-06 22:12:10,84164.05,MRT010,Konga Electronics,E-commerce,Mobile App,Ibadan,Ibadan,0,
TXN0004763,ACC00091,2024-07-09 10:11:00,21172.17,MRT006,Chicken Republic VI,Food & Dining,USSD,Ibadan,Ibadan,0,
TXN0004754,ACC00091,2024-10-13 06:24:32,33220.47,MRT008,ATM Withdrawal UBA,ATM,ATM,Ibadan,Ibadan,0,
TXN0001571,ACC00031,2024-02-17 01:41:59,80527.96,MRT010,Konga Electronics,E-commerce,POS,Ibadan,Ibadan,0,
TXN0003888,ACC00073,2024-09-02 20:38:18,49418.55,MRT001,Shoprite Ikeja,Grocery,USSD,Lagos,Lagos,0,
TXN0000122,ACC00003,2024-01-29 16:26:34,141812.73,MRT008,ATM Withdrawal UBA,ATM,USSD,Kano,Kano,0,
TXN0006153,ACC00118,2024-08-27 03:30:22,122734.74,MRT010,Konga Electronics,E-commerce,USSD,Port Harcourt,Port Harcourt,0,
TXN0004734,ACC00090,2024-11-01 14:39:12,135027.82,MRT003,MTN Airtime Top-up,Telecom,ATM,Abuja,Abuja,0,
TXN0001335,ACC00026,2024-03-18 05:39:04,145035.31,MRT009,Bolt Ride Hailing,Transport,USSD,Ibadan,Ibadan,0,
TXN0003295,ACC00062,2024-06-04 07:11:05,134754.18,MRT006,Chicken Republic VI,Food & Dining,ATM,Lagos,Lagos,0,
TXN0000572,ACC00011,2024-07-27 12:19:35,95907.96,MRT010,Konga Electronics,E-commerce,Mobile App,Abuja,Abuja,0,
TXN0000502,ACC00010,2024-03-06 17:40:14,108186.87,MRT003,MTN Airtime Top-up,Telecom,ATM,Ibadan,Ibadan,0,
TXN0001531,ACC00029,2024-11-30 18:33:24,51755.78,MRT001,Shoprite Ikeja,Grocery,Mobile App,Port Harcourt,Port Harcourt,0,
TXN0001688,ACC00032,2024-12-26 07:49:40,23829.96,MRT006,Chicken Republic VI,Food & Dining,USSD,Port Harcourt,Port Harcourt,0,
TXN0006176,ACC00119,2024-01-03 13:08:55,37079.44,MRT003,MTN Airtime Top-up,Telecom,Mobile App,Kano,Kano,0,
TXN0003336,ACC00063,2024-11-21 00:02:17,144791.43,MRT007,EKEDC Electricity,Utilities,Web,Lagos,Lagos,0,
TXN0000244,ACC00005,2024-05-24 19:13:56,58418.78,MRT005,Jumia Online Store,E-commerce,POS,Kano,Kano,0,
TXN0003628,ACC00068,2024-09-05 08:20:20,113606.39,MRT003,MTN Airtime Top-up,Telecom,Web,Abuja,Abuja,0,
TXN0005926,ACC00112,2024-11-14 14:40:55,21260.13,MRT004,Netflix Subscription,Streaming,ATM,Abuja,Abuja,0,
TXN0005594,ACC00108,2024-02-07 11:46:19,77296.25,MRT003,MTN Airtime Top-up,Telecom,Web,Kano,Kano,0,
TXN0003289,ACC00061,2024-02-05 00:24:58,23543.62,MRT004,Netflix Subscription,Streaming,USSD,Kano,Kano,0,
TXN0004466,ACC00085,2024-03-15 10:30:46,100465.32,MRT001,Shoprite Ikeja,Grocery,ATM,Lagos,Lagos,0,
TXN0006163,ACC00119,2024-05-18 05:12:25,88422.76,MRT004,Netflix Subscription,Streaming,POS,Kano,Kano,0,
TXN0005736,ACC00109,2024-04-30 13:03:35,31880.07,MRT004,Netflix Subscription,Streaming,ATM,Port Harcourt,Port Harcourt,0,
TXN0003462,ACC00066,2024-04-24 11:42:22,4040.01,MRT006,Chicken Republic VI,Food & Dining,ATM,Lagos,Lagos,0,
TXN0004596,ACC00088,2024-09-20 07:43:22,12249.89,MRT002,POS Terminal Lekki,POS,Web,Abuja,Abuja,0,
TXN0005308,ACC00102,2024-04-27 07:39:19,27667.72,MRT008,ATM Withdrawal UBA,ATM,Web,Kano,Kano,0,
TXN0002150,ACC00040,2024-02-07 05:12:09,112918.52,MRT010,Konga Electronics,E-commerce,Web,Abuja,Abuja,0,
TXN0000481,ACC00009,2024-09-08 03:44:07,138372.8,MRT002,POS Terminal Lekki,POS,POS,Lagos,Lagos,0,
TXN0003731,ACC00070,2024-02-14 18:28:21,135381.46,MRT003,MTN Airtime Top-up,Telecom,ATM,Port Harcourt,Port Harcourt,0,
TXN0005690,ACC00109,2024-07-05 13:39:19,45884.31,MRT007,EKEDC Electricity,Utilities,POS,Port Harcourt,Port Harcourt,0,
TXN0000967,ACC00019,2024-04-16 06:05:54,144557.23,MRT007,EKEDC Electricity,Utilities,POS,Kano,Kano,0,
TXN0001139,ACC00022,2024-11-11 19:04:57,37896.15,MRT010,Konga Electronics,E-commerce,ATM,Abuja,Abuja,0,
TXN0001131,ACC00022,2024-07-20 01:42:42,110670.37,MRT001,Shoprite Ikeja,Grocery,Mobile App,Abuja,Abuja,0,
TXN0004678,ACC00089,2024-05-05 23:24:24,91677.64,MRT001,Shoprite Ikeja,Grocery,ATM,Ibadan,Ibadan,0,
TXN0002480,ACC00046,2024-02-25 09:46:55,85350.34,MRT007,EKEDC Electricity,Utilities,POS,Abuja,Abuja,0,
TXN0005217,ACC00101,2024-08-19 09:36:36,664.06,MRT003,MTN Airtime Top-up,Telecom,ATM,Kano,Kano,0,
TXN0005495,ACC00106,2024-06-30 22:14:00,10624.26,MRT008,ATM Withdrawal UBA,ATM,Mobile App,Ibadan,Ibadan,0,
TXN0000180,ACC00004,2024-06-16 00:32:32,133269.61,MRT008,ATM Withdrawal UBA,ATM,ATM,Ibadan,Ibadan,0,
TXN0002644,ACC00050,2024-06-13 12:53:34,41138.23,MRT003,MTN Airtime Top-up,Telecom,Mobile App,Kano,Kano,0,
TXN0005224,ACC00101,2024-02-06 16:27:43,16409.19,MRT007,EKEDC Electricity,Utilities,Mobile App,Kano,Kano,0,
TXN0002580,ACC00050,2024-08-13 21:29:58,23768.4,MRT007,EKEDC Electricity,Utilities,Web,Kano,Kano,0,
TXN0000198,ACC00004,2024-12-03 19:42:29,85165.0,MRT003,MTN Airtime Top-up,Telecom,ATM,Ibadan,Ibadan,0,
TXN0003276,ACC00061,2024-04-08 02:10:02,90340.82,MRT006,Chicken Republic VI,Food & Dining,ATM,Kano,Kano,0,
TXN0003946,ACC00074,2024-10-10 00:25:32,144200.66,MRT010,Konga Electronics,E-commerce,Mobile App,Ibadan,Ibadan,0,
TXN0004127,ACC00079,2024-12-13 13:16:39,35818.66,MRT003,MTN Airtime Top-up,Telecom,Web,Kano,Kano,0,
TXN0005062,ACC00097,2024-06-07 17:03:43,47800.64,MRT010,Konga Electronics,E-commerce,Mobile App,Kano,Kano,0,
TXN0005682,ACC00109,2024-12-16 10:51:19,122865.78,MRT007,EKEDC Electricity,Utilities,POS,Port Harcourt,Port Harcourt,0,
TXN0004220,ACC00080,2024-06-11 07:45:32,119241.5,MRT004,Netflix Subscription,Streaming,POS,Abuja,Abuja,0,
TXN0005705,ACC00109,2024-09-21 13:52:35,21421.49,MRT006,Chicken Republic VI,Food & Dining,POS,Port Harcourt,Port Harcourt,0,
TXN0001386,ACC00027,2024-01-18 01:14:03,136881.79,MRT003,MTN Airtime Top-up,Telecom,USSD,Kano,Kano,0,
TXN0005569,ACC00107,2024-07-26 13:16:25,105803.69,MRT004,Netflix Subscription,Streaming,Web,Ibadan,Ibadan,0,
TXN0002496,ACC00047,2024-01-30 04:11:28,125991.64,MRT006,Chicken Republic VI,Food & Dining,USSD,Abuja,Abuja,0,
TXN0001675,ACC00032,2024-11-22 23:09:00,67065.82,MRT009,Bolt Ride Hailing,Transport,POS,Port Harcourt,Port Harcourt,0,
TXN0003398,ACC00064,2024-11-04 23:05:32,31907.71,MRT008,ATM Withdrawal UBA,ATM,Mobile App,Lagos,Lagos,0,
TXN0004692,ACC00089,2024-04-13 05:00:38,104720.32,MRT003,MTN Airtime Top-up,Telecom,Mobile App,Ibadan,Ibadan,0,
TXN0001682,ACC00032,2024-01-16 23:33:33,86391.51,MRT006,Chicken Republic VI,Food & Dining,ATM,Port Harcourt,Port Harcourt,0,
TXN0003857,ACC00073,2024-06-24 14:35:22,21741.39,MRT003,MTN Airtime Top-up,Telecom,ATM,Lagos,Lagos,0,
TXN0003173,ACC00060,2024-04-07 21:01:57,47062.52,MRT007,EKEDC Electricity,Utilities,POS,Port Harcourt,Port Harcourt,0,
TXN0000383,ACC00007,2024-10-14 02:57:21,89261.84,MRT005,Jumia Online Store,E-commerce,USSD,Port Harcourt,Port Harcourt,0,
TXN0004898,ACC00094,2024-12-12 00:37:41,101313.9,MRT008,ATM Withdrawal UBA,ATM,USSD,Abuja,Abuja,0,
TXN0005540,ACC00107,2024-09-25 21:13:34,122559.87,MRT009,Bolt Ride Hailing,Transport,Web,Ibadan,Ibadan,0,
TXN0002700,ACC00052,2024-11-02 15:13:28,146794.84,MRT007,EKEDC Electricity,Utilities,Web,Port Harcourt,Port Harcourt,0,
TXN0004116,ACC00079,2024-05-22 08:54:38,72040.35,MRT005,Jumia Online Store,E-commerce,Web,Kano,Kano,0,
TXN0001787,ACC00034,2024-07-31 06:52:04,142910.78,MRT001,Shoprite Ikeja,Grocery,Mobile App,Abuja,Abuja,0,
TXN0002696,ACC00052,2024-02-14 09:35:58,68459.51,MRT005,Jumia Online Store,E-commerce,USSD,Port Harcourt,Port Harcourt,0,
TXN0003530,ACC00067,2024-11-01 11:14:26,4982.03,MRT003,MTN Airtime Top-up,Telecom,Web,Lagos,Lagos,0,
TXN0004154,ACC00079,2024-07-08 01:04:46,70219.18,MRT007,EKEDC Electricity,Utilities,ATM,Kano,Kano,0,
TXN0005301,ACC00102,2024-06-16 08:21:13,135938.74,MRT004,Netflix Subscription,Streaming,Web,Kano,Kano,0,
TXN0004163,ACC00079,2024-02-26 16:15:01,40806.49,MRT009,Bolt Ride Hailing,Transport,Mobile App,Kano,Kano,0,
TXN0003704,ACC00069,2024-07-21 14:20:35,113660.06,MRT007,EKEDC Electricity,Utilities,Web,Abuja,Abuja,0,
TXN0004194,ACC00080,2024-10-27 23:12:25,138955.61,MRT006,Chicken Republic VI,Food & Dining,Mobile App,Abuja,Abuja,0,
TXN0000133,ACC00003,2024-04-29 23:27:47,5488.0,MRT008,ATM Withdrawal UBA,ATM,POS,Kano,Kano,0,
TXN0005033,ACC00097,2024-08-08 13:11:52,64124.95,MRT010,Konga Electronics,E-commerce,USSD,Kano,Kano,0,
TXN0000666,ACC00013,2024-10-17 10:24:28,44683.54,MRT007,EKEDC Electricity,Utilities,Mobile App,Port Harcourt,Port Harcourt,0,
TXN0002304,ACC00043,2024-06-21 07:49:40,20572.92,MRT006,Chicken Republic VI,Food & Dining,POS,Abuja,Abuja,0,
TXN0005263,ACC00101,2024-11-07 06:08:02,140863.45,MRT004,Netflix Subscription,Streaming,ATM,Kano,Kano,0,
TXN0004708,ACC00090,2024-08-26 14:27:36,145161.34,MRT002,POS Terminal Lekki,POS,ATM,Abuja,Abuja,0,
TXN0006108,ACC00117,2024-07-03 19:35:51,103898.47,MRT007,EKEDC Electricity,Utilities,POS,Kano,Kano,0,
TXN0003362,ACC00063,2024-03-23 01:30:24,656.03,MRT003,MTN Airtime Top-up,Telecom,Mobile App,Lagos,Lagos,1,Velocity spike: multiple transactions in short window
TXN0003446,ACC00066,2024-02-06 17:26:14,51693.54,MRT008,ATM Withdrawal UBA,ATM,USSD,Lagos,Lagos,0,
TXN0001503,ACC00029,2024-11-30 01:12:17,134090.58,MRT008,ATM Withdrawal UBA,ATM,USSD,Port Harcourt,Port Harcourt,0,
TXN0006021,ACC00114,2024-03-04 08:43:15,149925.63,MRT001,Shoprite Ikeja,Grocery,Web,Lagos,Lagos,0,
TXN0001500,ACC00029,2024-02-22 03:33:23,11226.03,MRT001,Shoprite Ikeja,Grocery,Mobile App,Port Harcourt,Port Harcourt,0,
TXN0001112,ACC00021,2024-08-02 09:59:27,72628.93,MRT009,Bolt Ride Hailing,Transport,POS,Ibadan,Ibadan,0,
TXN0004490,ACC00086,2024-08-15 14:45:26,50520.98,MRT002,POS Terminal Lekki,POS,ATM,Port Harcourt,Port Harcourt,0,
TXN0000986,ACC00019,2024-06-10 18:40:43,144892.07,MRT006,Chicken Republic VI,Food & Dining,Mobile App,Kano,Kano,0,
TXN0005742,ACC00110,2024-12-27 14:42:07,24977.01,MRT006,Chicken Republic VI,Food & Dining,Mobile App,Lagos,Lagos,0,
TXN0003859,ACC00073,2024-05-28 03:26:24,60213.03,MRT003,MTN Airtime Top-up,Telecom,Mobile App,Lagos,Lagos,0,
TXN0003315,ACC00062,2024-11-01 01:20:29,147119.81,MRT003,MTN Airtime Top-up,Telecom,USSD,Lagos,Lagos,0,
TXN0000183,ACC00004,2024-05-25 08:44:18,103179.74,MRT003,MTN Airtime Top-up,Telecom,ATM,Ibadan,Ibadan,0,
TXN0001729,ACC00033,2024-07-30 03:45:58,130930.25,MRT006,Chicken Republic VI,Food & Dining,POS,Lagos,Lagos,0,
TXN0005455,ACC00105,2024-05-06 22:12:56,134936.05,MRT005,Jumia Online Store,E-commerce,USSD,Kano,Kano,0,
TXN0003605,ACC00068,2024-04-04 06:32:24,74498.92,MRT010,Konga Electronics,E-commerce,USSD,Abuja,Abuja,0,
TXN0005281,ACC00102,2024-12-10 04:46:07,80303.24,MRT001,Shoprite Ikeja,Grocery,ATM,Kano,Kano,0,
TXN0003958,ACC00074,2024-06-09 04:04:21,145949.61,MRT003,MTN Airtime Top-up,Telecom,USSD,Ibadan,Ibadan,0,
TXN0003247,ACC00061,2024-05-12 14:34:04,85441.9,MRT008,ATM Withdrawal UBA,ATM,Mobile App,Kano,Kano,0,
TXN0000222,ACC00005,2024-06-18 04:47:58,60367.25,MRT010,Konga Electronics,E-commerce,Mobile App,Kano,Kano,0,
TXN0001731,ACC00033,2024-05-16 13:25:23,2428.2,MRT003,MTN Airtime Top-up,Telecom,USSD,Lagos,Lagos,0,
TXN0002013,ACC00037,2024-10-21 20:11:09,99196.34,MRT001,Shoprite Ikeja,Grocery,Web,Port Harcourt,Port Harcourt,0,
TXN0004172,ACC00079,2024-10-11 01:36:23,22020.75,MRT005,Jumia Online Store,E-commerce,Web,Kano,Kano,0,
TXN0004851,ACC00093,2024-06-18 15:21:12,12300.55,MRT003,MTN Airtime Top-up,Telecom,USSD,Ibadan,Ibadan,0,
TXN0003481,ACC00066,2024-05-20 15:59:02,30248.28,MRT006,Chicken Republic VI,Food & Dining,POS,Lagos,Lagos,0,
TXN0002188,ACC00041,2024-11-04 16:59:14,29156.35,MRT004,Netflix Subscription,Streaming,ATM,Ibadan,Ibadan,0,
TXN0003639,ACC00068,2024-05-05 18:22:22,66659.14,MRT004,Netflix Subscription,Streaming,Mobile App,Abuja,Abuja,0,
TXN0002032,ACC00038,2024-10-13 04:01:15,68245.5,MRT001,Shoprite Ikeja,Grocery,Web,Abuja,Abuja,0,
TXN0005783,ACC00110,2024-10-05 12:35:29,6886.12,MRT002,POS Terminal Lekki,POS,POS,Lagos,Lagos,0,
TXN0001867,ACC00035,2024-10-22 22:07:33,96385.23,MRT001,Shoprite Ikeja,Grocery,Web,Port Harcourt,Port Harcourt,0,
TXN0000300,ACC00006,2024-01-25 12:08:22,6029.08,MRT008,ATM Withdrawal UBA,ATM,Web,Abuja,Abuja,0,
TXN0002765,ACC00053,2024-09-03 01:07:50,121378.08,MRT008,ATM Withdrawal UBA,ATM,Web,Kano,Kano,0,
TXN0000273,ACC00006,2024-11-13 04:13:33,132752.15,MRT008,ATM Withdrawal UBA,ATM,Mobile App,Abuja,Abuja,0,
TXN0006225,ACC00120,2024-05-12 03:45:48,107603.54,MRT008,ATM Withdrawal UBA,ATM,POS,Ibadan,Ibadan,0,
TXN0003375,ACC00064,2024-01-09 20:49:29,91666.97,MRT006,Chicken Republic VI,Food & Dining,Web,Lagos,Lagos,0,
TXN0002977,ACC00057,2024-04-11 07:35:17,50513.92,MRT004,Netflix Subscription,Streaming,Mobile App,Lagos,Lagos,0,
TXN0001935,ACC00036,2024-06-21 23:49:27,71727.73,MRT007,EKEDC Electricity,Utilities,USSD,Ibadan,Ibadan,0,
TXN0002377,ACC00044,2024-06-04 09:48:35,119197.08,MRT010,Konga Electronics,E-commerce,POS,Kano,Kano,0,
TXN0000168,ACC00003,2024-03-08 16:05:32,8333.65,MRT005,Jumia Online Store,E-commerce,ATM,Kano,Kano,0,
TXN0003155,ACC00059,2024-01-08 19:51:02,111526.47,MRT001,Shoprite Ikeja,Grocery,USSD,Lagos,Lagos,0,
TXN0004605,ACC00088,2024-07-17 04:02:53,145975.25,MRT001,Shoprite Ikeja,Grocery,Mobile App,Abuja,Abuja,0,
TXN0005324,ACC00102,2024-06-17 03:20:42,119727.82,MRT009,Bolt Ride Hailing,Transport,POS,Kano,Kano,0,
TXN0003723,ACC00070,2024-12-22 08:29:59,7191.14,MRT007,EKEDC Electricity,Utilities,Web,Port Harcourt,Port Harcourt,0,
TXN0005714,ACC00109,2024-02-13 13:10:25,18302.83,MRT008,ATM Withdrawal UBA,ATM,USSD,Port Harcourt,Port Harcourt,0,
TXN0000336,ACC00007,2024-04-30 02:47:54,149939.46,MRT007,EKEDC Electricity,Utilities,ATM,Port Harcourt,Port Harcourt,0,
TXN0002741,ACC00053,2024-11-14 11:16:28,47961.91,MRT010,Konga Electronics,E-commerce,Web,Kano,Kano,0,
TXN0002524,ACC00048,2024-04-19 14:30:44,12850.93,MRT008,ATM Withdrawal UBA,ATM,ATM,Kano,Kano,0,
TXN0004236,ACC00081,2024-02-27 13:01:25,132690.76,MRT001,Shoprite Ikeja,Grocery,Web,Abuja,Abuja,0,
TXN0000091,ACC00002,2024-05-28 23:16:50,138319.29,MRT004,Netflix Subscription,Streaming,USSD,Lagos,Lagos,0,
TXN0000902,ACC00018,2024-04-08 03:41:29,105429.3,MRT008,ATM Withdrawal UBA,ATM,Web,Abuja,Abuja,0,
TXN0004726,ACC00090,2024-10-13 05:46:05,28968.35,MRT003,MTN Airtime Top-up,Telecom,Mobile App,Abuja,Abuja,0,
TXN0001368,ACC00026,2024-10-12 13:47:20,108170.04,MRT007,EKEDC Electricity,Utilities,ATM,Ibadan,Ibadan,0,
TXN0005700,ACC00109,2024-09-02 22:51:07,74450.7,MRT008,ATM Withdrawal UBA,ATM,ATM,Port Harcourt,Port Harcourt,0,
TXN0003895,ACC00073,2024-06-13 06:33:53,45077.46,MRT001,Shoprite Ikeja,Grocery,Web,Lagos,Lagos,0,
TXN0003710,ACC00070,2024-03-14 01:01:20,46414.41,MRT002,POS Terminal Lekki,POS,USSD,Port Harcourt,Port Harcourt,0,
TXN0001222,ACC00024,2024-01-20 06:36:15,3808.57,MRT009,Bolt Ride Hailing,Transport,Mobile App,Lagos,Lagos,0,
TXN0000490,ACC00009,2024-06-03 00:52:43,83035.85,MRT004,Netflix Subscription,Streaming,POS,Lagos,Lagos,0,
TXN0000275,ACC00006,2024-04-01 13:36:39,149181.54,MRT007,EKEDC Electricity,Utilities,POS,Abuja,Abuja,0,
TXN0004680,ACC00089,2024-01-03 22:51:31,46339.59,MRT004,Netflix Subscription,Streaming,USSD,Ibadan,Ibadan,0,
TXN0004989,ACC00096,2024-08-16 16:06:22,147305.79,MRT009,Bolt Ride Hailing,Transport,ATM,Port Harcourt,Port Harcourt,0,
TXN0004240,ACC00081,2024-11-06 18:29:05,56267.07,MRT010,Konga Electronics,E-commerce,Mobile App,Abuja,Abuja,0,
TXN0003054,ACC00058,2024-10-31 06:26:35,107069.62,MRT010,Konga Electronics,E-commerce,Web,Lagos,Lagos,0,
TXN0004256,ACC00081,2024-01-30 13:21:23,80521.02,MRT005,Jumia Online Store,E-commerce,USSD,Abuja,Abuja,0,
TXN0000714,ACC00014,2024-06-27 01:08:18,87325.21,MRT002,POS Terminal Lekki,POS,USSD,Lagos,Lagos,0,
TXN0005686,ACC00109,2024-02-23 04:15:08,139899.62,MRT006,Chicken Republic VI,Food & Dining,Web,Port Harcourt,Port Harcourt,0,
TXN0002433,ACC00045,2024-03-28 08:32:47,88234.15,MRT001,Shoprite Ikeja,Grocery,USSD,Lagos,Lagos,0,
TXN0005400,ACC00104,2024-12-17 19:56:39,60828.28,MRT010,Konga Electronics,E-commerce,USSD,Kano,Kano,0,
TXN0003013,ACC00057,2024-11-17 05:51:56,9428.15,MRT002,POS Terminal Lekki,POS,USSD,Lagos,Lagos,0,
TXN0000551,ACC00010,2024-07-10 12:14:53,9958.44,MRT003,MTN Airtime Top-up,Telecom,ATM,Ibadan,Ibadan,0,
TXN0004534,ACC00087,2024-04-09 03:02:47,121195.07,MRT010,Konga Electronics,E-commerce,ATM,Kano,Kano,0,
TXN0003311,ACC00062,2024-06-13 01:35:06,45791.7,MRT001,Shoprite Ikeja,Grocery,POS,Lagos,Lagos,0,
TXN0001916,ACC00036,2024-12-11 23:44:19,32253.23,MRT010,Konga Electronics,E-commerce,Mobile App,Ibadan,Ibadan,0,
TXN0003177,ACC00060,2024-07-30 21:15:20,47295.92,MRT008,ATM Withdrawal UBA,ATM,Web,Port Harcourt,Port Harcourt,0,
TXN0005566,ACC00107,2024-09-08 00:01:08,51276.54,MRT009,Bolt Ride Hailing,Transport,Web,Ibadan,Ibadan,0,
TXN0001077,ACC00021,2024-10-05 13:44:44,99335.89,MRT002,POS Terminal Lekki,POS,ATM,Ibadan,Ibadan,0,
TXN0003829,ACC00072,2024-08-25 21:31:16,8896.88,MRT002,POS Terminal Lekki,POS,Web,Abuja,Abuja,0,
TXN0003393,ACC00064,2024-05-21 02:53:03,107635.38,MRT007,EKEDC Electricity,Utilities,USSD,Lagos,Lagos,0,
TXN0002101,ACC00039,2024-02-04 20:12:19,104915.18,MRT007,EKEDC Electricity,Utilities,Web,Ibadan,Ibadan,0,
TXN0003405,ACC00064,2024-05-20 20:50:05,46346.08,MRT005,Jumia Online Store,E-commerce,Web,Lagos,Lagos,0,
TXN0002879,ACC00055,2024-04-17 06:48:35,28990.61,MRT005,Jumia Online Store,E-commerce,USSD,Lagos,Lagos,0,
TXN0005340,ACC00102,2024-03-29 01:04:57,103998.81,MRT010,Konga Electronics,E-commerce,Mobile App,Kano,Kano,0,
TXN0003698,ACC00069,2024-09-16 16:46:59,10286.81,MRT009,Bolt Ride Hailing,Transport,Web,Abuja,Abuja,0,
TXN0004442,ACC00084,2024-10-31 22:02:03,56611.17,MRT010,Konga Electronics,E-commerce,Mobile App,Ibadan,Ibadan,0,
TXN0000675,ACC00013,2024-07-15 17:57:11,94471.32,MRT005,Jumia Online Store,E-commerce,USSD,Port Harcourt,Port Harcourt,0,
TXN0003074,ACC00058,2024-03-05 18:25:04,63084.53,MRT002,POS Terminal Lekki,POS,USSD,Lagos,Lagos,0,
TXN0005962,ACC00112,2024-08-01 04:36:14,103149.49,MRT002,POS Terminal Lekki,POS,Mobile App,Abuja,Abuja,0,
TXN0003246,ACC00061,2024-04-30 20:15:48,84303.63,MRT005,Jumia Online Store,E-commerce,Mobile App,Kano,Kano,0,
TXN0000420,ACC00008,2024-04-25 21:13:01,90616.05,MRT010,Konga Electronics,E-commerce,POS,Ibadan,Ibadan,0,
TXN0003745,ACC00070,2024-05-12 13:35:21,138315.05,MRT005,Jumia Online Store,E-commerce,POS,Port Harcourt,Port Harcourt,0,
TXN0001739,ACC00033,2024-11-13 07:21:09,133514.09,MRT008,ATM Withdrawal UBA,ATM,USSD,Lagos,Lagos,0,
TXN0002260,ACC00042,2024-02-17 01:57:04,11941.78,MRT006,Chicken Republic VI,Food & Dining,Mobile App,Abuja,Abuja,0,
TXN0006162,ACC00119,2024-12-01 03:51:38,83168.23,MRT003,MTN Airtime Top-up,Telecom,POS,Kano,Kano,0,
TXN0004281,ACC00081,2024-03-23 11:20:18,28926.48,MRT003,MTN Airtime Top-up,Telecom,ATM,Abuja,Abuja,0,
TXN0004139,ACC00079,2024-10-20 00:34:35,10527.57,MRT001,Shoprite Ikeja,Grocery,ATM,Kano,Kano,0,
TXN0003733,ACC00070,2024-10-14 10:09:58,143319.92,MRT005,Jumia Online Store,E-commerce,ATM,Port Harcourt,Port Harcourt,0,
TXN0001820,ACC00034,2024-06-17 03:01:05,47346.27,MRT009,Bolt Ride Hailing,Transport,ATM,Abuja,Abuja,0,
TXN0002406,ACC00044,2024-08-20 13:58:08,46679.27,MRT006,Chicken Republic VI,Food & Dining,Mobile App,Kano,Kano,0,
TXN0000769,ACC00016,2024-09-15 11:12:17,122260.91,MRT010,Konga Electronics,E-commerce,ATM,Ibadan,Ibadan,0,
TXN0006038,ACC00115,2024-07-02 04:19:08,117018.75,MRT003,MTN Airtime Top-up,Telecom,USSD,Port Harcourt,Port Harcourt,0,
TXN0003364,ACC00064,2024-05-16 17:06:26,63017.91,MRT004,Netflix Subscription,Streaming,USSD,Lagos,Lagos,0,
TXN0005203,ACC00100,2024-11-21 19:23:48,53747.34,MRT001,Shoprite Ikeja,Grocery,Mobile App,Abuja,Abuja,0,
TXN0005305,ACC00102,2024-12-22 03:39:56,76452.81,MRT005,Jumia Online Store,E-commerce,POS,Kano,Kano,0,
TXN0004004,ACC00076,2024-01-16 00:26:42,113977.9,MRT008,ATM Withdrawal UBA,ATM,Mobile App,Port Harcourt,Port Harcourt,0,
TXN0002497,ACC00047,2024-05-17 04:54:56,63696.98,MRT001,Shoprite Ikeja,Grocery,ATM,Abuja,Abuja,0,
TXN0000409,ACC00008,2024-04-04 03:52:21,100640.18,MRT001,Shoprite Ikeja,Grocery,USSD,Ibadan,Ibadan,0,
TXN0003501,ACC00067,2024-02-27 14:06:18,46618.01,MRT004,Netflix Subscription,Streaming,Mobile App,Lagos,Lagos,0,
TXN0005505,ACC00106,2024-01-19 02:57:55,81257.47,MRT003,MTN Airtime Top-up,Telecom,ATM,Ibadan,Ibadan,0,
TXN0002146,ACC00040,2024-10-30 22:47:30,9769.33,MRT003,MTN Airtime Top-up,Telecom,ATM,Abuja,Abuja,0,
TXN0000637,ACC00011,2024-03-25 14:19:19,123814.72,MRT007,EKEDC Electricity,Utilities,ATM,Abuja,Abuja,0,
TXN0004372,ACC00082,2024-03-26 17:22:22,33161.33,MRT004,Netflix Subscription,Streaming,Mobile App,Abuja,Abuja,0,
TXN0003908,ACC00073,2024-01-22 16:38:43,74753.15,MRT003,MTN Airtime Top-up,Telecom,Mobile App,Lagos,Lagos,0,
TXN0001806,ACC00034,2024-08-08 14:36:15,135260.77,MRT009,Bolt Ride Hailing,Transport,POS,Abuja,Abuja,0,
TXN0004765,ACC00091,2024-01-11 21:42:33,20640.09,MRT002,POS Terminal Lekki,POS,POS,Ibadan,Ibadan,0,
TXN0000267,ACC00006,2024-11-13 05:58:41,120288.25,MRT004,Netflix Subscription,Streaming,Web,Abuja,Abuja,0,
TXN0000132,ACC00003,2024-08-31 23:41:48,135558.85,MRT002,POS Terminal Lekki,POS,Mobile App,Kano,Kano,0,
TXN0004944,ACC00095,2024-11-01 17:57:08,126040.33,MRT004,Netflix Subscription,Streaming,USSD,Port Harcourt,Port Harcourt,0,
TXN0004834,ACC00092,2024-04-17 06:05:27,73603.14,MRT002,POS Terminal Lekki,POS,ATM,Ibadan,Ibadan,0,
TXN0002632,ACC00050,2024-05-24 08:20:53,105359.56,MRT001,Shoprite Ikeja,Grocery,USSD,Kano,Kano,0,
TXN0001921,ACC00036,2024-11-21 01:11:34,23489.43,MRT006,Chicken Republic VI,Food & Dining,Mobile App,Ibadan,Ibadan,0,
TXN0002282,ACC00042,2024-03-26 15:50:28,119640.16,MRT002,POS Terminal Lekki,POS,Web,Abuja,Abuja,0,
TXN0005949,ACC00112,2024-11-10 14:48:12,106097.83,MRT003,MTN Airtime Top-up,Telecom,USSD,Abuja,Abuja,0,
TXN0003202,ACC00060,2024-08-05 21:56:44,96419.1,MRT009,Bolt Ride Hailing,Transport,Web,Port Harcourt,Port Harcourt,0,
TXN0000749,ACC00015,2024-03-26 01:24:58,134416.83,MRT001,Shoprite Ikeja,Grocery,POS,Abuja,Abuja,0,
TXN0001429,ACC00028,2024-12-26 07:37:45,125348.31,MRT001,Shoprite Ikeja,Grocery,POS,Ibadan,Ibadan,0,
TXN0002195,ACC00041,2024-10-31 17:36:35,118754.08,MRT008,ATM Withdrawal UBA,ATM,USSD,Ibadan,Ibadan,0,
TXN0006078,ACC00116,2024-07-09 12:34:26,123129.3,MRT009,Bolt Ride Hailing,Transport,USSD,Ibadan,Ibadan,0,
TXN0003947,ACC00074,2024-01-21 19:00:31,32688.64,MRT006,Chicken Republic VI,Food & Dining,Web,Ibadan,Ibadan,0,
TXN0002564,ACC00049,2024-06-25 21:01:03,106309.23,MRT009,Bolt Ride Hailing,Transport,USSD,Lagos,Lagos,0,
TXN0005127,ACC00099,2024-07-02 09:23:06,62306.23,MRT002,POS Terminal Lekki,POS,Mobile App,Port Harcourt,Port Harcourt,0,
TXN0002763,ACC00053,2024-06-09 16:23:02,73234.34,MRT002,POS Terminal Lekki,POS,Mobile App,Kano,Kano,0,
TXN0004104,ACC00079,2024-07-22 11:25:54,48650.96,MRT006,Chicken Republic VI,Food & Dining,ATM,Kano,Kano,0,
TXN0001861,ACC00035,2024-11-02 12:58:17,41468.46,MRT001,Shoprite Ikeja,Grocery,Mobile App,Port Harcourt,Port Harcourt,0,
TXN0002777,ACC00054,2024-06-18 08:23:32,141978.68,MRT009,Bolt Ride Hailing,Transport,Web,Ibadan,Ibadan,0,
TXN0004880,ACC00093,2024-02-04 13:45:10,8710.91,MRT007,EKEDC Electricity,Utilities,Web,Ibadan,Ibadan,0,
TXN0000027,ACC00001,2024-01-12 03:30:12,127717.45,MRT008,ATM Withdrawal UBA,ATM,Web,Lagos,Lagos,0,
TXN0000100,ACC00003,2024-01-17 22:49:20,111833.42,MRT006,Chicken Republic VI,Food & Dining,ATM,Kano,Kano,0,
TXN0005349,ACC00103,2024-03-06 14:58:12,96170.53,MRT003,MTN Airtime Top-up,Telecom,ATM,Lagos,Lagos,0,
TXN0000518,ACC00010,2024-04-26 11:57:58,98233.49,MRT002,POS Terminal Lekki,POS,Mobile App,Ibadan,Ibadan,0,
TXN0002181,ACC00041,2024-05-11 23:19:42,37271.66,MRT009,Bolt Ride Hailing,Transport,Web,Ibadan,Ibadan,0,
TXN0005785,ACC00110,2024-03-21 05:30:11,10916.98,MRT007,EKEDC Electricity,Utilities,POS,Lagos,Lagos,0,
TXN0006013,ACC00114,2024-11-13 02:52:42,148948.01,MRT002,POS Terminal Lekki,POS,Web,Lagos,Lagos,0,
TXN0003555,ACC00067,2024-11-20 10:17:50,24701.84,MRT004,Netflix Subscription,Streaming,POS,Lagos,Lagos,0,
TXN0004225,ACC00080,2024-10-26 04:20:17,103315.01,MRT006,Chicken Republic VI,Food & Dining,USSD,Abuja,Abuja,0,
TXN0001621,ACC00031,2024-03-30 08:20:41,49256.77,MRT002,POS Terminal Lekki,POS,Mobile App,Ibadan,Ibadan,0,
TXN0001417,ACC00028,2024-08-30 21:42:59,110751.52,MRT002,POS Terminal Lekki,POS,Web,Ibadan,Ibadan,0,
TXN0003831,ACC00072,2024-01-02 11:48:07,118843.11,MRT007,EKEDC Electricity,Utilities,Web,Abuja,Abuja,0,
TXN0005638,ACC00108,2024-10-23 16:57:41,110857.03,MRT008,ATM Withdrawal UBA,ATM,Web,Kano,Kano,0,
TXN0002301,ACC00043,2024-08-28 16:38:23,9458.49,MRT002,POS Terminal Lekki,POS,POS,Abuja,Abuja,0,
TXN0000340,ACC00007,2024-02-19 20:09:54,96149.19,MRT009,Bolt Ride Hailing,Transport,Web,Port Harcourt,Port Harcourt,0,
TXN0004652,ACC00088,2024-08-11 03:35:36,76117.92,MRT007,EKEDC Electricity,Utilities,Web,Abuja,Abuja,0,
TXN0004583,ACC00087,2024-03-04 00:51:36,107290.15,MRT001,Shoprite Ikeja,Grocery,ATM,Kano,Kano,0,
TXN0003425,ACC00065,2024-04-09 10:45:52,103610.01,MRT003,MTN Airtime Top-up,Telecom,Web,Port Harcourt,Port Harcourt,0,
TXN0001121,ACC00022,2024-04-12 04:11:42,55939.85,MRT004,Netflix Subscription,Streaming,USSD,Abuja,Abuja,0,
TXN0003101,ACC00059,2024-12-11 21:24:28,80918.43,MRT009,Bolt Ride Hailing,Transport,Web,Lagos,Lagos,0,
TXN0001847,ACC00035,2024-12-29 07:29:34,33092.25,MRT007,EKEDC Electricity,Utilities,Mobile App,Port Harcourt,Port Harcourt,0,
TXN0006106,ACC00117,2024-07-04 17:28:16,129020.19,MRT002,POS Terminal Lekki,POS,Web,Kano,Kano,0,
TXN0003029,ACC00058,2024-04-14 08:54:24,117472.73,MRT005,Jumia Online Store,E-commerce,USSD,Lagos,Lagos,0,
TXN0004392,ACC00083,2024-02-29 18:43:36,125126.14,MRT002,POS Terminal Lekki,POS,Web,Port Harcourt,Port Harcourt,0,
TXN0002404,ACC00044,2024-11-21 03:25:29,75224.98,MRT004,Netflix Subscription,Streaming,ATM,Kano,Kano,0,
TXN0002941,ACC00056,2024-04-18 02:19:05,138559.8,MRT005,Jumia Online Store,E-commerce,Mobile App,Abuja,Abuja,0,
TXN0001356,ACC00026,2024-01-11 04:11:06,92733.5,MRT010,Konga Electronics,E-commerce,USSD,Ibadan,Ibadan,0,
TXN0000089,ACC00002,2024-07-16 15:01:51,62615.81,MRT005,Jumia Online Store,E-commerce,ATM,Lagos,Lagos,0,
TXN0004672,ACC00088,2024-05-31 02:27:22,485882.6,MRT012,Crypto Exchange BTC,Crypto,Web,Accra,Abuja,1,Geographic anomaly: transaction far from home city
TXN0003676,ACC00069,2024-03-12 01:35:12,47023.71,MRT002,POS Terminal Lekki,POS,Web,Abuja,Abuja,0,
TXN0002094,ACC00038,2024-07-27 18:11:42,144222.14,MRT007,EKEDC Electricity,Utilities,USSD,Abuja,Abuja,0,
TXN0004691,ACC00089,2024-06-22 17:23:18,7345.93,MRT006,Chicken Republic VI,Food & Dining,USSD,Ibadan,Ibadan,0,
TXN0003185,ACC00060,2024-06-11 09:24:56,1884.15,MRT007,EKEDC Electricity,Utilities,Mobile App,Port Harcourt,Port Harcourt,0,
TXN0004105,ACC00079,2024-07-16 02:47:45,58491.15,MRT010,Konga Electronics,E-commerce,ATM,Kano,Kano,0,
TXN0001609,ACC00031,2024-03-15 12:39:51,147997.23,MRT002,POS Terminal Lekki,POS,Mobile App,Ibadan,Ibadan,0,
TXN0002747,ACC00053,2024-10-02 17:54:40,75886.43,MRT003,MTN Airtime Top-up,Telecom,USSD,Kano,Kano,0,
TXN0003510,ACC00067,2024-03-18 03:26:16,115762.07,MRT004,Netflix Subscription,Streaming,USSD,Lagos,Lagos,0,
TXN0002830,ACC00055,2024-11-25 06:08:01,16296.24,MRT009,Bolt Ride Hailing,Transport,Web,Lagos,Lagos,0,
TXN0002201,ACC00041,2024-03-26 06:07:59,68085.97,MRT004,Netflix Subscription,Streaming,Web,Ibadan,Ibadan,0,
TXN0001795,ACC00034,2024-07-15 18:38:49,59012.03,MRT001,Shoprite Ikeja,Grocery,ATM,Abuja,Abuja,0,
TXN0001379,ACC00027,2024-02-22 13:08:58,62327.12,MRT007,EKEDC Electricity,Utilities,ATM,Kano,Kano,0,
TXN0004065,ACC00077,2024-08-18 20:31:29,34562.41,MRT009,Bolt Ride Hailing,Transport,POS,Ibadan,Ibadan,0,
TXN0000638,ACC00011,2024-04-14 06:56:41,124337.37,MRT006,Chicken Republic VI,Food & Dining,POS,Abuja,Abuja,0,
TXN0002190,ACC00041,2024-09-04 01:16:55,138191.53,MRT004,Netflix Subscription,Streaming,USSD,Ibadan,Ibadan,0,
TXN0002185,ACC00041,2024-05-23 13:18:02,99305.85,MRT006,Chicken Republic VI,Food & Dining,USSD,Ibadan,Ibadan,0,
TXN0002521,ACC00048,2024-07-13 04:20:47,115224.05,MRT001,Shoprite Ikeja,Grocery,Web,Kano,Kano,0,
TXN0003648,ACC00069,2024-11-08 00:28:25,64981.55,MRT005,Jumia Online Store,E-commerce,POS,Abuja,Abuja,0,
TXN0001796,ACC00034,2024-08-17 12:56:23,92732.48,MRT007,EKEDC Electricity,Utilities,POS,Abuja,Abuja,0,
TXN0004591,ACC00087,2024-03-18 01:35:16,68353.03,MRT004,Netflix Subscription,Streaming,Mobile App,Kano,Kano,0,
TXN0002352,ACC00044,2024-10-11 16:26:55,26009.82,MRT007,EKEDC Electricity,Utilities,POS,Kano,Kano,0,
TXN0001382,ACC00027,2024-09-25 15:16:25,107897.02,MRT003,MTN Airtime Top-up,Telecom,Mobile App,Kano,Kano,0,
TXN0000338,ACC00007,2024-01-29 15:24:23,145870.77,MRT003,MTN Airtime Top-up,Telecom,Mobile App,Port Harcourt,Port Harcourt,0,
TXN0001498,ACC00029,2024-02-24 00:12:56,83535.53,MRT004,Netflix Subscription,Streaming,POS,Port Harcourt,Port Harcourt,0,
TXN0005713,ACC00109,2024-04-25 13:29:21,131139.83,MRT008,ATM Withdrawal UBA,ATM,POS,Port Harcourt,Port Harcourt,0,
TXN0002456,ACC00046,2024-02-19 21:37:59,63591.24,MRT010,Konga Electronics,E-commerce,USSD,Abuja,Abuja,0,
TXN0001413,ACC00028,2024-05-17 10:09:07,92336.35,MRT003,MTN Airtime Top-up,Telecom,ATM,Ibadan,Ibadan,0,
TXN0001547,ACC00030,2024-09-18 06:58:04,124837.58,MRT001,Shoprite Ikeja,Grocery,Mobile App,Abuja,Abuja,0,
TXN0004626,ACC00088,2024-02-02 18:13:20,27477.12,MRT003,MTN Airtime Top-up,Telecom,POS,Abuja,Abuja,0,
TXN0005043,ACC00097,2024-04-02 12:48:39,118956.14,MRT010,Konga Electronics,E-commerce,Web,Kano,Kano,0,
TXN0005077,ACC00097,2024-10-31 19:54:24,621.84,MRT009,Bolt Ride Hailing,Transport,Mobile App,Kano,Kano,1,Velocity spike: multiple transactions in short window
TXN0004051,ACC00077,2024-07-05 04:00:47,142433.49,MRT010,Konga Electronics,E-commerce,USSD,Ibadan,Ibadan,0,
TXN0000709,ACC00014,2024-05-10 02:35:17,113959.91,MRT001,Shoprite Ikeja,Grocery,ATM,Lagos,Lagos,0,
TXN0000162,ACC00003,2024-03-21 10:50:47,32784.73,MRT010,Konga Electronics,E-commerce,Web,Kano,Kano,0,
TXN0003616,ACC00068,2024-03-24 21:38:03,27520.28,MRT010,Konga Electronics,E-commerce,POS,Abuja,Abuja,0,
TXN0004510,ACC00086,2024-04-02 07:02:45,140371.05,MRT008,ATM Withdrawal UBA,ATM,ATM,Port Harcourt,Port Harcourt,0,
TXN0004192,ACC00080,2024-08-08 00:50:30,45213.14,MRT006,Chicken Republic VI,Food & Dining,Web,Abuja,Abuja,0,
TXN0000820,ACC00016,2024-08-16 07:56:35,113877.42,MRT010,Konga Electronics,E-commerce,Mobile App,Ibadan,Ibadan,0,
TXN0002787,ACC00054,2024-02-14 12:36:54,121451.55,MRT003,MTN Airtime Top-up,Telecom,ATM,Ibadan,Ibadan,0,
TXN0002686,ACC00052,2024-10-14 19:01:02,105111.92,MRT004,Netflix Subscription,Streaming,USSD,Port Harcourt,Port Harcourt,0,
TXN0003878,ACC00073,2024-05-12 08:05:18,119175.79,MRT010,Konga Electronics,E-commerce,Web,Lagos,Lagos,0,
TXN0000570,ACC00010,2024-07-05 02:47:28,60420.36,MRT010,Konga Electronics,E-commerce,USSD,Ibadan,Ibadan,0,
TXN0003511,ACC00067,2024-11-12 07:41:05,14381.35,MRT002,POS Terminal Lekki,POS,Web,Lagos,Lagos,0,
TXN0002273,ACC00042,2024-09-20 01:40:06,23447.72,MRT005,Jumia Online Store,E-commerce,POS,Abuja,Abuja,0,
TXN0000369,ACC00007,2024-12-08 15:59:59,43219.38,MRT008,ATM Withdrawal UBA,ATM,Mobile App,Port Harcourt,Port Harcourt,0,
TXN0005110,ACC00098,2024-10-05 11:38:23,36435.39,MRT008,ATM Withdrawal UBA,ATM,Web,Ibadan,Ibadan,0,
TXN0001476,ACC00029,2024-01-26 15:43:23,31631.6,MRT006,Chicken Republic VI,Food & Dining,USSD,Port Harcourt,Port Harcourt,0,
TXN0002395,ACC00044,2024-02-04 14:50:22,111216.89,MRT006,Chicken Republic VI,Food & Dining,Web,Kano,Kano,0,
TXN0004952,ACC00095,2024-02-12 23:17:43,92247.72,MRT002,POS Terminal Lekki,POS,USSD,Port Harcourt,Port Harcourt,0,
TXN0002057,ACC00038,2024-12-04 00:57:48,62927.49,MRT001,Shoprite Ikeja,Grocery,USSD,Abuja,Abuja,0,
TXN0001708,ACC00033,2024-05-10 06:18:38,140006.37,MRT002,POS Terminal Lekki,POS,USSD,Lagos,Lagos,0,
TXN0005674,ACC00109,2024-01-21 02:41:00,114294.92,MRT009,Bolt Ride Hailing,Transport,Mobile App,Port Harcourt,Port Harcourt,0,
TXN0003457,ACC00066,2024-11-18 00:59:44,67731.33,MRT006,Chicken Republic VI,Food & Dining,ATM,Lagos,Lagos,0,
